18:43:46.614 [main] DEBUG c.browserstack.BrowserStackJavaAgent - [AGENT] Found agent via ProtectionDomain: C:\Users\MSUSERSL123\.m2\repository\com\browserstack\browserstack-java-sdk\1.56.6\browserstack-java-sdk-1.56.6.jar
18:43:46.617 [main] INFO  c.browserstack.BrowserStackJavaAgent - [AGENT] Stored agent path for child processes: C:\Users\MSUSERSL123\.m2\repository\com\browserstack\browserstack-java-sdk\1.56.6\browserstack-java-sdk-1.56.6.jar
18:43:46.618 [main] DEBUG c.browserstack.BrowserStackJavaAgent - Extracted CLI argument from system : null
18:43:46.629 [main] INFO  c.browserstack.BrowserStackJavaAgent - Selenium version detected - 4.43.0
18:43:46.630 [main] INFO  c.browserstack.BrowserStackJavaAgent - Appium version detected - 10.0.0
18:43:46.977 [main] DEBUG c.b.config.BrowserStackConfig - Cli Config passed - {basedir=C\:\\Users\\MSUSERSL123\\eclipse-workspace\\AppiumSession_Cloud, localrepository=C\:\\Users\\MSUSERSL123\\.m2\\repository}
18:43:46.984 [main] INFO  c.b.config.BrowserStackConfig - Detected Framework testng
18:43:47.642 [main] DEBUG c.b.logger.BrowserstackLoggerFactory - Log Level set to INFO for logger ROOT
18:43:47.644 [main] DEBUG c.b.logger.BrowserstackLoggerFactory - Log Level set to TRACE for logger browserStackAutomationFileDebugger
18:43:47.644 [main] DEBUG c.b.logger.BrowserstackLoggerFactory - Log Level set to INFO for logger browserStackFileDebugger
18:43:47.644 [main] DEBUG c.b.logger.BrowserstackLoggerFactory - Log Level set to INFO for logger com
18:43:47.655 [main] INFO  c.browserstack.BrowserStackJavaAgent - Using app: [-bs://c04f78ea6bcf7d40da41abf7f2b26d867e4dad77]
18:43:47.655 [main] INFO  c.browserstack.BrowserStackJavaAgent - Framework set to testng
18:43:47.663 [main] INFO  c.browserstack.BrowserStackJavaAgent - SDK run started with id: d95fd677-e3a9-4794-99aa-4b326e55707c
18:43:47.664 [main] INFO  c.b.config.BrowserStackConfig - INFO
18:43:48.790 [main] INFO  com.browserstack.v2.SdkCliUtils - CLI update check successful. Status: 200
18:43:56.212 [main] INFO  com.browserstack.v2.SdkCLI - spawning command='C:\Users\MSUSERSL123\.browserstack\cli\binary-win-x64.exe' 'sdk' 'tcp'
18:44:03.019 [ForkJoinPool.commonPool-worker-1] INFO  com.browserstack.v2.SdkCLI - loadCLIParams: start binSessionId=5ccb8831-4b9f-48ba-b939-a6c6a83b78f1 listenAddress=127.0.0.1:5400
18:44:29.060 [main] INFO  com.browserstack.v2.SdkCLI - loadBinResponse: Loading modules as per LoadBinResponse=bin_session_id: "5ccb8831-4b9f-48ba-b939-a6c6a83b78f1"
config: "{\"userName\":\"[REDACTED]\",\"accessKey\":\"[REDACTED]\",\"projectName\":\"BrowserStack Sample\",\"buildName\":\"browserstack build\",\"buildIdentifier\":\"#1\",\"app\":\"bs://c04f78ea6bcf7d40da41abf7f2b26d867e4dad77\",\"platforms\":[{\"deviceName\":\"Samsung Galaxy S22 Ultra\",\"platformVersion\":\"12.0\",\"platformName\":\"android\"},{\"deviceName\":\"Samsung Galaxy S21\",\"platformVersion\":\"11.0\",\"platformName\":\"android\"},{\"deviceName\":\"Google Pixel 6 Pro\",\"platformVersion\":\"12.0\",\"platformName\":\"android\"}],\"parallelsPerPlatform\":1,\"source\":\"java:appium-eclipse:v1.0.10\",\"browserstackLocal\":true,\"debug\":false,\"networkLogs\":false,\"consoleLogs\":\"errors\",\"browserStackLocalOptions\":{\"localIdentifier\":\"Apr_20_1844_DESKTOP-FRC4SK8_v5i7\",\"key\":\"[REDACTED]\",\"skipBinaryInitialisation\":false},\"testObservability\":true,\"accessibility\":false,\"browserstackAutomation\":true,\"selfHeal\":false,\"disableAutoCaptureLogs\":false,\"testhub\":true,\"additionalPlatforms\":[],\"additionalParams\":{},\"testContextOptions\":{\"skipSessionStatus\":false,\"skipSessionName\":false},\"logDir\":\"C:\\\\Users\\\\MSUSERSL123\\\\eclipse-workspace\\\\AppiumSession_Cloud\\\\log\",\"testOrchestrationOptions\":{\"retryTestsOnFailure\":{},\"abortBuildOnFailure\":{}},\"apis\":{\"automate\":{\"hub\":\"https://hub.browserstack.com\",\"cdp\":\"https://cdp.browserstack.com\",\"api\":\"https://api.browserstack.com\",\"upload\":\"https://api-cloud.browserstack.com\"},\"appAutomate\":{\"hub\":\"https://hub.browserstack.com\",\"api\":\"https://api.browserstack.com\",\"upload\":\"https://api-cloud.browserstack.com\"},\"percy\":{\"api\":\"https://api.browserstack.com\"},\"turboScale\":{\"api\":\"https://grid.browserstack.com\"},\"accessibility\":{\"api\":\"https://accessibility.browserstack.com\"},\"appAccessibility\":{\"api\":\"https://app-accessibility.browserstack.com\"},\"observability\":{\"api\":\"https://collector-observability.browserstack.com\",\"upload\":\"https://upload-observability.browserstack.com\"},\"configServer\":{\"api\":\"https://sdk.browserstack.com\"},\"edsInstrumentation\":{\"api\":\"https://eds.browserstack.com\"},\"tcg\":{\"api\":\"https://tcg.browserstack.com\"}},\"hubUrl\":\"https://hub-aps.browserstack.com/wd/hub\",\"proxySettings\":{}}"
testhub {
  jwt: "eyJhbGciOiJSUzI1NiJ9.eyJleHAiOiIxNzc2NzAxNjQ2IiwiaXNzIjoid3d3LmJyb3dzZXJzdGFjay5jb20iLCJzdWIiOjYyODUzNzgsInNjb3BlIjp7InByb2R1Y3QiOiJzZGsiLCJ1c2VyX2FjY2VzcyI6eyJ0ZXN0X29ic2VydmFiaWxpdHkiOjEsImF1dG9tYXRlIjoxLCJhcHBfYXV0b21hdGUiOjEsInBlcmN5IjoxLCJhcHBfcGVyY3kiOjEsImFjY2Vzc2liaWxpdHlfdGVzdGluZyI6MSwiYXBwX2FjY2Vzc2liaWxpdHlfdGVzdGluZyI6MSwiYXV0b21hdGVfdHVyYm9zY2FsZSI6MSwibG93X2NvZGVfYXV0b21hdGlvbiI6MX0sImlhYW1fcm9sZSI6Im93bmVyIn0sImdyb3VwX2lkIjo2MjAwNjI5LCJ0ZWFtX2lkIjpudWxsLCJ1ZGFjX2FjY2VzcyI6Imdsb2JhbCJ9.DgQsM0d-CL4iO6BAQB4iMUli6N2X9BNL5fSqqEESVTC5JabO-fhEKbVuG-VJJcFBDwFCsIq9hyVvkqOFpI4zGoLFG2d_4MqGy-gnoNTRNSbQr4fCkQPOH8QHdll82rFPOElPaPiuOOEWXsuL-rw1YGK-PKW548Yz1OVHg6v616StdfEy5hItIgx_MI5aAyWNNK70Zcl2DkzU8TbnP4Ln2Z5WrO9vixjD63JPu5tSPItEl1fWWWCrRxH2gGAcihRReS7eYMpD_1bPZzZOznGDAhQzwa_T9maClzUzT9fU8CwE545qsdpmoxAKqIg5xpI9KZPi5VIlOrx_RaksXP67kg"
  build_hashed_id: "5umxmiipi7lom8eehenlegqydffelzrn4dgkjd08"
  testhub_events: true
}
observability {
  success: true
  options {
    allow_screenshots: "true"
  }
}
percy {
  5: "app"
}
session_framework: "selenium"
test_orchestration {
  retry_tests_on_failure {
  }
  abort_build_on_failure {
  }
}

18:44:29.098 [main] INFO  com.browserstack.v2.SdkCLI - startChild: child-process connected
18:44:29.101 [main] INFO  com.browserstack.v2.SdkCLI - startMain: main-process connected
18:44:29.631 [main] INFO  c.browserstack.BrowserStackJavaAgent - Project and debug logs are captured by default. To disable, set disableAutoCaptureLogs: true in config.
18:44:29.665 [main] INFO  com.browserstack.testOps.Listener - onStart: CLI is active
18:44:35.389 [main] INFO  com.browserstack.testOps.Listener - logCreated: CLI is active
18:44:35.392 [main] INFO  com.browserstack.testOps.Listener - logCreated: CLI is active
18:44:35.409 [main] INFO  com.browserstack.testOps.Listener - logCreated: CLI is active
18:44:35.410 [main] INFO  com.browserstack.testOps.Listener - logCreated: CLI is active
18:44:35.412 [main] INFO  com.browserstack.testOps.Listener - logCreated: CLI is active
18:44:35.417 [main] INFO  com.browserstack.testOps.Listener - logCreated: CLI is active
18:44:35.419 [main] INFO  com.browserstack.testOps.Listener - logCreated: CLI is active
18:44:35.422 [main] INFO  com.browserstack.testOps.Listener - logCreated: CLI is active
18:44:35.423 [main] INFO  com.browserstack.testOps.Listener - logCreated: CLI is active
18:44:35.424 [main] INFO  com.browserstack.testOps.Listener - logCreated: CLI is active
18:44:35.449 [main] INFO  com.browserstack.testOps.Listener - logCreated: CLI is active
18:44:35.451 [main] INFO  com.browserstack.testOps.Listener - logCreated: CLI is active
18:44:35.453 [main] INFO  com.browserstack.testOps.Listener - logCreated: CLI is active
18:44:35.454 [main] INFO  com.browserstack.testOps.Listener - logCreated: CLI is active
18:44:35.454 [main] INFO  com.browserstack.testOps.Listener - logCreated: CLI is active
18:44:35.457 [main] INFO  com.browserstack.testOps.Listener - logCreated: CLI is active
18:44:35.459 [main] INFO  com.browserstack.testOps.Listener - logCreated: CLI is active
18:44:35.460 [main] INFO  com.browserstack.testOps.Listener - logCreated: CLI is active
18:44:35.460 [main] INFO  com.browserstack.testOps.Listener - logCreated: CLI is active
18:44:35.460 [main] INFO  com.browserstack.testOps.Listener - logCreated: CLI is active
18:44:35.482 [main] INFO  com.browserstack.testOps.Listener - logCreated: CLI is active
18:44:35.485 [main] INFO  com.browserstack.testOps.Listener - logCreated: CLI is active
18:44:35.486 [main] INFO  com.browserstack.testOps.Listener - logCreated: CLI is active
18:44:35.499 [main] INFO  com.browserstack.testOps.Listener - logCreated: CLI is active
18:44:35.499 [main] INFO  com.browserstack.testOps.Listener - logCreated: CLI is active
18:44:35.499 [main] INFO  com.browserstack.testOps.Listener - logCreated: CLI is active
18:44:35.531 [main] INFO  com.browserstack.testOps.Listener - logCreated: CLI is active
18:44:35.531 [main] INFO  com.browserstack.testOps.Listener - logCreated: CLI is active
18:44:35.532 [main] INFO  com.browserstack.testOps.Listener - logCreated: CLI is active
18:44:35.533 [main] INFO  com.browserstack.testOps.Listener - logCreated: CLI is active
18:44:35.533 [main] INFO  com.browserstack.testOps.Listener - logCreated: CLI is active
18:44:35.536 [main] INFO  com.browserstack.testOps.Listener - logCreated: CLI is active
18:44:35.536 [main] INFO  com.browserstack.testOps.Listener - logCreated: CLI is active
18:44:35.537 [main] INFO  com.browserstack.testOps.Listener - logCreated: CLI is active
18:44:35.538 [main] INFO  com.browserstack.testOps.Listener - logCreated: CLI is active
18:44:35.538 [main] INFO  com.browserstack.testOps.Listener - logCreated: CLI is active
18:44:35.542 [main] INFO  com.browserstack.testOps.Listener - logCreated: CLI is active
18:44:35.542 [main] INFO  com.browserstack.testOps.Listener - logCreated: CLI is active
18:44:35.542 [main] INFO  com.browserstack.testOps.Listener - logCreated: CLI is active
18:44:35.542 [main] INFO  com.browserstack.testOps.Listener - logCreated: CLI is active
18:44:35.542 [main] INFO  com.browserstack.testOps.Listener - logCreated: CLI is active
18:44:35.545 [main] INFO  com.browserstack.testOps.Listener - logCreated: CLI is active
18:44:35.545 [main] INFO  com.browserstack.testOps.Listener - logCreated: CLI is active
18:44:35.545 [main] INFO  com.browserstack.testOps.Listener - logCreated: CLI is active
18:44:35.545 [main] INFO  com.browserstack.testOps.Listener - logCreated: CLI is active
18:44:35.545 [main] INFO  com.browserstack.testOps.Listener - logCreated: CLI is active
18:44:35.546 [main] INFO  com.browserstack.testOps.Listener - logCreated: CLI is active
18:44:35.546 [main] INFO  com.browserstack.testOps.Listener - logCreated: CLI is active
18:44:35.546 [main] INFO  com.browserstack.testOps.Listener - logCreated: CLI is active
18:44:35.547 [main] INFO  com.browserstack.testOps.Listener - logCreated: CLI is active
18:44:35.547 [main] INFO  com.browserstack.testOps.Listener - logCreated: CLI is active
18:44:35.547 [main] INFO  com.browserstack.testOps.Listener - logCreated: CLI is active
18:44:35.551 [main] INFO  com.browserstack.testOps.Listener - logCreated: CLI is active
18:44:35.551 [main] INFO  com.browserstack.testOps.Listener - logCreated: CLI is active
18:44:35.551 [main] INFO  com.browserstack.testOps.Listener - logCreated: CLI is active
18:44:35.551 [main] INFO  com.browserstack.testOps.Listener - logCreated: CLI is active
18:44:35.551 [main] INFO  com.browserstack.testOps.Listener - logCreated: CLI is active
18:44:35.552 [main] INFO  com.browserstack.testOps.Listener - logCreated: CLI is active
18:44:35.552 [main] INFO  com.browserstack.testOps.Listener - logCreated: CLI is active
18:44:35.552 [main] INFO  com.browserstack.testOps.Listener - logCreated: CLI is active
18:44:35.552 [main] INFO  com.browserstack.testOps.Listener - logCreated: CLI is active
18:44:35.552 [main] INFO  com.browserstack.testOps.Listener - logCreated: CLI is active
18:44:35.554 [main] INFO  com.browserstack.testOps.Listener - logCreated: CLI is active
18:44:35.554 [main] INFO  com.browserstack.testOps.Listener - logCreated: CLI is active
18:44:35.555 [main] INFO  com.browserstack.testOps.Listener - logCreated: CLI is active
18:44:35.555 [main] INFO  com.browserstack.testOps.Listener - logCreated: CLI is active
18:44:35.555 [main] INFO  com.browserstack.testOps.Listener - logCreated: CLI is active
18:44:35.556 [main] INFO  com.browserstack.testOps.Listener - logCreated: CLI is active
18:44:35.556 [main] INFO  com.browserstack.testOps.Listener - logCreated: CLI is active
18:44:35.556 [main] INFO  com.browserstack.testOps.Listener - logCreated: CLI is active
18:44:35.556 [main] INFO  com.browserstack.testOps.Listener - logCreated: CLI is active
18:44:35.557 [main] INFO  com.browserstack.testOps.Listener - logCreated: CLI is active
18:44:35.557 [main] INFO  com.browserstack.testOps.Listener - logCreated: CLI is active
18:44:35.557 [main] INFO  com.browserstack.testOps.Listener - logCreated: CLI is active
18:44:35.557 [main] INFO  com.browserstack.testOps.Listener - logCreated: CLI is active
18:44:35.558 [main] INFO  com.browserstack.testOps.Listener - logCreated: CLI is active
18:44:35.558 [main] INFO  com.browserstack.testOps.Listener - logCreated: CLI is active
18:44:35.558 [main] INFO  com.browserstack.testOps.Listener - logCreated: CLI is active
18:44:35.644 [TestNG-tests-2] INFO  c.b.v2.framework.TestNgFramework - trackTestNgTest: saved instance contextId=144836686 target=LongPressTest-1@1 instances=[49, 144836686]
18:44:35.644 [TestNG-tests-3] INFO  c.b.v2.framework.TestNgFramework - trackTestNgTest: saved instance contextId=144837648 target=LongPressTest-2@2 instances=[49, 144837648, 50, 144836686]
18:44:35.644 [TestNG-tests-1] INFO  c.b.v2.framework.TestNgFramework - trackTestNgTest: saved instance contextId=144835724 target=LongPressTest-0@0 instances=[48, 49, 144837648, 50, 144836686, 144835724]
18:44:35.644 [TestNG-tests-2] INFO  c.b.v2.framework.TestNgFramework - trackEvent: found instance, testFrameworkState=TestFrameworkState.INIT_TEST hookState=HookState.PRE instance=144836686
18:44:35.646 [TestNG-tests-3] INFO  c.b.v2.framework.TestNgFramework - trackEvent: found instance, testFrameworkState=TestFrameworkState.INIT_TEST hookState=HookState.PRE instance=144837648
18:44:35.646 [TestNG-tests-2] INFO  c.b.v2.framework.TestNgFramework - trackEvent: loaded instance, testFrameworkState=TestFrameworkState.INIT_TEST hookState=HookState.PRE instance=144836686
18:44:35.646 [TestNG-tests-1] INFO  c.b.v2.framework.TestNgFramework - trackEvent: found instance, testFrameworkState=TestFrameworkState.INIT_TEST hookState=HookState.PRE instance=144835724
18:44:35.647 [TestNG-tests-1] INFO  c.b.v2.framework.TestNgFramework - trackEvent: loaded instance, testFrameworkState=TestFrameworkState.INIT_TEST hookState=HookState.PRE instance=144835724
18:44:35.647 [TestNG-tests-3] INFO  c.b.v2.framework.TestNgFramework - trackEvent: loaded instance, testFrameworkState=TestFrameworkState.INIT_TEST hookState=HookState.PRE instance=144837648
18:44:36.116 [LongPressTest-2@2] INFO  c.b.v2.framework.TestNgFramework - trackEvent: found instance, testFrameworkState=TestFrameworkState.BEFORE_CLASS hookState=HookState.PRE instance=144837648
18:44:36.116 [LongPressTest-1@1] INFO  c.b.v2.framework.TestNgFramework - trackEvent: found instance, testFrameworkState=TestFrameworkState.BEFORE_CLASS hookState=HookState.PRE instance=144836686
18:44:36.117 [LongPressTest-0@0] INFO  c.b.v2.framework.TestNgFramework - trackEvent: found instance, testFrameworkState=TestFrameworkState.BEFORE_CLASS hookState=HookState.PRE instance=144835724
18:44:36.119 [LongPressTest-2@2] INFO  c.b.v2.framework.TestNgFramework - trackEvent: loaded common test data, testFrameworkState=TestFrameworkState.BEFORE_CLASS hookState=HookState.PRE instance=144837648
18:44:36.119 [LongPressTest-0@0] INFO  c.b.v2.framework.TestNgFramework - trackEvent: loaded common test data, testFrameworkState=TestFrameworkState.BEFORE_CLASS hookState=HookState.PRE instance=144835724
18:44:36.119 [LongPressTest-1@1] INFO  c.b.v2.framework.TestNgFramework - trackEvent: loaded common test data, testFrameworkState=TestFrameworkState.BEFORE_CLASS hookState=HookState.PRE instance=144836686
18:44:36.119 [LongPressTest-2@2] INFO  c.b.v2.framework.TestNgFramework - trackEvent: track hook events
18:44:36.119 [LongPressTest-0@0] INFO  c.b.v2.framework.TestNgFramework - trackEvent: track hook events
18:44:36.119 [LongPressTest-1@1] INFO  c.b.v2.framework.TestNgFramework - trackEvent: track hook events
18:44:36.166 [LongPressTest-2@2] DEBUG c.browserstack.utils.UtilityMethods - [findFileMatcher] Current Path is :: C:\Users\MSUSERSL123\eclipse-workspace\AppiumSession_Cloud, TestClass :: AndroidAppiumTests\E2EEcommTests_POM
18:44:36.166 [LongPressTest-1@1] DEBUG c.browserstack.utils.UtilityMethods - [findFileMatcher] Current Path is :: C:\Users\MSUSERSL123\eclipse-workspace\AppiumSession_Cloud, TestClass :: AndroidAppiumTests\E2EEcommTests_POM
18:44:36.166 [LongPressTest-0@0] DEBUG c.browserstack.utils.UtilityMethods - [findFileMatcher] Current Path is :: C:\Users\MSUSERSL123\eclipse-workspace\AppiumSession_Cloud, TestClass :: AndroidAppiumTests\E2EEcommTests_POM
18:44:36.600 [LongPressTest-2@2] INFO  c.b.v2.framework.TestNgFramework - args CHECK = [TestResult name=configureAppium status=STARTED method=EcommBaseTest.configureAppium()[pri:0, instance:AndroidAppiumTests.E2EEcommTests_POM@1b495d4] output={null}]
18:44:36.600 [LongPressTest-0@0] INFO  c.b.v2.framework.TestNgFramework - args CHECK = [TestResult name=configureAppium status=STARTED method=EcommBaseTest.configureAppium()[pri:0, instance:AndroidAppiumTests.E2EEcommTests_POM@5981f4a6] output={null}]
18:44:36.600 [LongPressTest-1@1] INFO  c.b.v2.framework.TestNgFramework - args CHECK = [TestResult name=configureAppium status=STARTED method=EcommBaseTest.configureAppium()[pri:0, instance:AndroidAppiumTests.E2EEcommTests_POM@534e58b6] output={null}]
18:44:36.606 [LongPressTest-0@0] INFO  c.b.v2.framework.TestNgFramework - Hook Started in PRE key = BEFORE_CLASS & hook = {hook_name=configureAppium, hook_result=pending, test_file_path=AppiumSession_Cloud\src\test\java\AndroidAppiumTests\E2EEcommTests_POM.java, event_started_at=2026-04-20T18:44:36.605589800, hook_id=c0f247b9-b8b0-46d1-91c9-e3eca6758b27, hook_logs=[], key=BEFORE_CLASS, custom_metadata={}, test_location=AppiumSession_Cloud\src\test\java\AndroidAppiumTests\E2EEcommTests_POM.java}  and args = [[TestResult name=configureAppium status=STARTED method=EcommBaseTest.configureAppium()[pri:0, instance:AndroidAppiumTests.E2EEcommTests_POM@5981f4a6] output={null}], EcommBaseTest.configureAppium()[pri:0, instance:AndroidAppiumTests.E2EEcommTests_POM@5981f4a6]]
18:44:36.607 [LongPressTest-2@2] INFO  c.b.v2.framework.TestNgFramework - Hook Started in PRE key = BEFORE_CLASS & hook = {hook_name=configureAppium, hook_result=pending, test_file_path=AppiumSession_Cloud\src\test\java\AndroidAppiumTests\E2EEcommTests_POM.java, event_started_at=2026-04-20T18:44:36.605589800, hook_id=739b6403-a663-495f-a2eb-3d65c8d8e040, hook_logs=[], key=BEFORE_CLASS, custom_metadata={}, test_location=AppiumSession_Cloud\src\test\java\AndroidAppiumTests\E2EEcommTests_POM.java}  and args = [[TestResult name=configureAppium status=STARTED method=EcommBaseTest.configureAppium()[pri:0, instance:AndroidAppiumTests.E2EEcommTests_POM@1b495d4] output={null}], EcommBaseTest.configureAppium()[pri:0, instance:AndroidAppiumTests.E2EEcommTests_POM@1b495d4]]
18:44:36.607 [LongPressTest-1@1] INFO  c.b.v2.framework.TestNgFramework - Hook Started in PRE key = BEFORE_CLASS & hook = {hook_name=configureAppium, hook_result=pending, test_file_path=AppiumSession_Cloud\src\test\java\AndroidAppiumTests\E2EEcommTests_POM.java, event_started_at=2026-04-20T18:44:36.605589800, hook_id=8033505f-e36e-43c2-92e8-cdbd8f8e04ab, hook_logs=[], key=BEFORE_CLASS, custom_metadata={}, test_location=AppiumSession_Cloud\src\test\java\AndroidAppiumTests\E2EEcommTests_POM.java}  and args = [[TestResult name=configureAppium status=STARTED method=EcommBaseTest.configureAppium()[pri:0, instance:AndroidAppiumTests.E2EEcommTests_POM@534e58b6] output={null}], EcommBaseTest.configureAppium()[pri:0, instance:AndroidAppiumTests.E2EEcommTests_POM@534e58b6]]
18:44:36.608 [LongPressTest-0@0] INFO  c.b.v2.framework.TestNgFramework - trackHookEvents: hook state=BEFORE_CLASS.HookState.PRE , hooks started={BEFORE_CLASS=[{hook_name=configureAppium, hook_result=pending, test_file_path=AppiumSession_Cloud\src\test\java\AndroidAppiumTests\E2EEcommTests_POM.java, event_started_at=2026-04-20T18:44:36.605589800, hook_id=c0f247b9-b8b0-46d1-91c9-e3eca6758b27, hook_logs=[], key=BEFORE_CLASS, custom_metadata={}, test_location=AppiumSession_Cloud\src\test\java\AndroidAppiumTests\E2EEcommTests_POM.java}]} , hooks finished={BEFORE_CLASS=[]}
18:44:36.608 [LongPressTest-2@2] INFO  c.b.v2.framework.TestNgFramework - trackHookEvents: hook state=BEFORE_CLASS.HookState.PRE , hooks started={BEFORE_CLASS=[{hook_name=configureAppium, hook_result=pending, test_file_path=AppiumSession_Cloud\src\test\java\AndroidAppiumTests\E2EEcommTests_POM.java, event_started_at=2026-04-20T18:44:36.605589800, hook_id=739b6403-a663-495f-a2eb-3d65c8d8e040, hook_logs=[], key=BEFORE_CLASS, custom_metadata={}, test_location=AppiumSession_Cloud\src\test\java\AndroidAppiumTests\E2EEcommTests_POM.java}]} , hooks finished={BEFORE_CLASS=[]}
18:44:36.609 [LongPressTest-1@1] INFO  c.b.v2.framework.TestNgFramework - trackHookEvents: hook state=BEFORE_CLASS.HookState.PRE , hooks started={BEFORE_CLASS=[{hook_name=configureAppium, hook_result=pending, test_file_path=AppiumSession_Cloud\src\test\java\AndroidAppiumTests\E2EEcommTests_POM.java, event_started_at=2026-04-20T18:44:36.605589800, hook_id=8033505f-e36e-43c2-92e8-cdbd8f8e04ab, hook_logs=[], key=BEFORE_CLASS, custom_metadata={}, test_location=AppiumSession_Cloud\src\test\java\AndroidAppiumTests\E2EEcommTests_POM.java}]} , hooks finished={BEFORE_CLASS=[]}
18:44:36.709 [LongPressTest-0@0] INFO  c.b.v2.module.TestHubModule - sendTestFrameworkEvent: event=com.browserstack.v2.eventBus.Event@57df5562, response=success: true

18:44:36.707 [LongPressTest-2@2] INFO  c.b.v2.module.TestHubModule - sendTestFrameworkEvent: event=com.browserstack.v2.eventBus.Event@2ddcd8d0, response=success: true

18:44:36.709 [LongPressTest-1@1] INFO  c.b.v2.module.TestHubModule - sendTestFrameworkEvent: event=com.browserstack.v2.eventBus.Event@5ba43f06, response=success: true

18:44:39.079 [configureAppium@0] INFO  c.b.v2.framework.TestNgFramework - trackEvent: found instance, testFrameworkState=TestFrameworkState.BEFORE_CLASS hookState=HookState.POST instance=144835724
18:44:39.080 [configureAppium@2] INFO  c.b.v2.framework.TestNgFramework - trackEvent: found instance, testFrameworkState=TestFrameworkState.BEFORE_CLASS hookState=HookState.POST instance=144837648
18:44:39.080 [configureAppium@0] INFO  c.b.v2.framework.TestNgFramework - trackEvent: loaded common test data, testFrameworkState=TestFrameworkState.BEFORE_CLASS hookState=HookState.POST instance=144835724
18:44:39.080 [configureAppium@0] INFO  c.b.v2.framework.TestNgFramework - trackEvent: track hook events
18:44:39.080 [configureAppium@2] INFO  c.b.v2.framework.TestNgFramework - trackEvent: loaded common test data, testFrameworkState=TestFrameworkState.BEFORE_CLASS hookState=HookState.POST instance=144837648
18:44:39.081 [configureAppium@2] INFO  c.b.v2.framework.TestNgFramework - trackEvent: track hook events
18:44:39.080 [configureAppium@1] INFO  c.b.v2.framework.TestNgFramework - trackEvent: found instance, testFrameworkState=TestFrameworkState.BEFORE_CLASS hookState=HookState.POST instance=144836686
18:44:39.082 [configureAppium@1] INFO  c.b.v2.framework.TestNgFramework - trackEvent: loaded common test data, testFrameworkState=TestFrameworkState.BEFORE_CLASS hookState=HookState.POST instance=144836686
18:44:39.082 [configureAppium@1] INFO  c.b.v2.framework.TestNgFramework - trackEvent: track hook events
18:44:39.095 [configureAppium@1] DEBUG c.browserstack.utils.UtilityMethods - [findFileMatcher] Current Path is :: C:\Users\MSUSERSL123\eclipse-workspace\AppiumSession_Cloud, TestClass :: AndroidAppiumTests\E2EEcommTests_POM
18:44:39.095 [configureAppium@2] DEBUG c.browserstack.utils.UtilityMethods - [findFileMatcher] Current Path is :: C:\Users\MSUSERSL123\eclipse-workspace\AppiumSession_Cloud, TestClass :: AndroidAppiumTests\E2EEcommTests_POM
18:44:39.099 [configureAppium@0] DEBUG c.browserstack.utils.UtilityMethods - [findFileMatcher] Current Path is :: C:\Users\MSUSERSL123\eclipse-workspace\AppiumSession_Cloud, TestClass :: AndroidAppiumTests\E2EEcommTests_POM
18:44:39.303 [configureAppium@0] INFO  c.b.v2.framework.TestNgFramework - args CHECK = [TestResult name=configureAppium status=SUCCESS method=EcommBaseTest.configureAppium()[pri:0, instance:AndroidAppiumTests.E2EEcommTests_POM@5981f4a6] output={null}]
18:44:39.303 [configureAppium@0] INFO  c.b.v2.framework.TestNgFramework - Hook List in Post [{hook_name=configureAppium, hook_result=pending, test_file_path=AppiumSession_Cloud\src\test\java\AndroidAppiumTests\E2EEcommTests_POM.java, event_started_at=2026-04-20T18:44:36.605589800, hook_id=c0f247b9-b8b0-46d1-91c9-e3eca6758b27, hook_logs=[], key=BEFORE_CLASS, custom_metadata={}, test_location=AppiumSession_Cloud\src\test\java\AndroidAppiumTests\E2EEcommTests_POM.java}] and args = [[TestResult name=configureAppium status=SUCCESS method=EcommBaseTest.configureAppium()[pri:0, instance:AndroidAppiumTests.E2EEcommTests_POM@5981f4a6] output={null}], EcommBaseTest.configureAppium()[pri:0, instance:AndroidAppiumTests.E2EEcommTests_POM@5981f4a6]]
18:44:39.304 [configureAppium@0] INFO  c.b.v2.framework.TestNgFramework - Processing HookLevel attachments from directory: C:\Users\MSUSERSL123\.browserstack\UploadedAttachments-0\HookLevel
18:44:39.304 [configureAppium@0] INFO  c.b.v2.framework.TestNgFramework - Checking hookLevelFiles: []
18:44:39.312 [configureAppium@0] INFO  c.b.v2.framework.TestNgFramework - checking Paths of files = C:\Users\MSUSERSL123\.browserstack\UploadedAttachments-0\HookLevel\BuildLevelHookEvent and abs path = C:\Users\MSUSERSL123\.browserstack\UploadedAttachments-0\HookLevel\BuildLevelHookEvent 
18:44:39.313 [configureAppium@0] INFO  c.b.v2.framework.TestNgFramework - Processing BuildLevelHookEvent attachments from directory: C:\Users\MSUSERSL123\.browserstack\UploadedAttachments-0\HookLevel\BuildLevelHookEvent
18:44:39.314 [configureAppium@0] INFO  c.b.v2.framework.TestNgFramework - Processing TestLevel attachments eventLogs: []
18:44:39.314 [configureAppium@0] INFO  c.b.v2.framework.TestNgFramework - sendLogCreatedEvent: No Log Events to send
18:44:39.315 [configureAppium@0] INFO  c.b.v2.framework.TestNgFramework - trackHookEvents: hook state=BEFORE_CLASS.HookState.POST , hooks started={BEFORE_CLASS=[]} , hooks finished={BEFORE_CLASS=[{hook_name=configureAppium, hook_result=passed, test_file_path=AppiumSession_Cloud\src\test\java\AndroidAppiumTests\E2EEcommTests_POM.java, event_started_at=2026-04-20T18:44:36.605589800, hook_id=c0f247b9-b8b0-46d1-91c9-e3eca6758b27, hook_logs=[], logs=[], key=BEFORE_CLASS, custom_metadata={}, event_ended_at=2026-04-20T18:44:39.304765300, test_location=AppiumSession_Cloud\src\test\java\AndroidAppiumTests\E2EEcommTests_POM.java}]}
18:44:39.320 [configureAppium@2] INFO  c.b.v2.framework.TestNgFramework - args CHECK = [TestResult name=configureAppium status=SUCCESS method=EcommBaseTest.configureAppium()[pri:0, instance:AndroidAppiumTests.E2EEcommTests_POM@1b495d4] output={null}]
18:44:39.320 [configureAppium@2] INFO  c.b.v2.framework.TestNgFramework - Hook List in Post [{hook_name=configureAppium, hook_result=pending, test_file_path=AppiumSession_Cloud\src\test\java\AndroidAppiumTests\E2EEcommTests_POM.java, event_started_at=2026-04-20T18:44:36.605589800, hook_id=739b6403-a663-495f-a2eb-3d65c8d8e040, hook_logs=[], key=BEFORE_CLASS, custom_metadata={}, test_location=AppiumSession_Cloud\src\test\java\AndroidAppiumTests\E2EEcommTests_POM.java}] and args = [[TestResult name=configureAppium status=SUCCESS method=EcommBaseTest.configureAppium()[pri:0, instance:AndroidAppiumTests.E2EEcommTests_POM@1b495d4] output={null}], EcommBaseTest.configureAppium()[pri:0, instance:AndroidAppiumTests.E2EEcommTests_POM@1b495d4]]
18:44:39.327 [configureAppium@2] INFO  c.b.v2.framework.TestNgFramework - Processing HookLevel attachments from directory: C:\Users\MSUSERSL123\.browserstack\UploadedAttachments-2\HookLevel
18:44:39.330 [configureAppium@2] INFO  c.b.v2.framework.TestNgFramework - Checking hookLevelFiles: []
18:44:39.333 [configureAppium@2] INFO  c.b.v2.framework.TestNgFramework - checking Paths of files = C:\Users\MSUSERSL123\.browserstack\UploadedAttachments-2\HookLevel\BuildLevelHookEvent and abs path = C:\Users\MSUSERSL123\.browserstack\UploadedAttachments-2\HookLevel\BuildLevelHookEvent 
18:44:39.336 [configureAppium@2] INFO  c.b.v2.framework.TestNgFramework - Processing BuildLevelHookEvent attachments from directory: C:\Users\MSUSERSL123\.browserstack\UploadedAttachments-2\HookLevel\BuildLevelHookEvent
18:44:39.337 [configureAppium@2] INFO  c.b.v2.framework.TestNgFramework - Processing TestLevel attachments eventLogs: []
18:44:39.337 [configureAppium@2] INFO  c.b.v2.framework.TestNgFramework - sendLogCreatedEvent: No Log Events to send
18:44:39.346 [configureAppium@2] INFO  c.b.v2.framework.TestNgFramework - trackHookEvents: hook state=BEFORE_CLASS.HookState.POST , hooks started={BEFORE_CLASS=[]} , hooks finished={BEFORE_CLASS=[{hook_name=configureAppium, hook_result=passed, test_file_path=AppiumSession_Cloud\src\test\java\AndroidAppiumTests\E2EEcommTests_POM.java, event_started_at=2026-04-20T18:44:36.605589800, hook_id=739b6403-a663-495f-a2eb-3d65c8d8e040, hook_logs=[], logs=[], key=BEFORE_CLASS, custom_metadata={}, event_ended_at=2026-04-20T18:44:39.326691200, test_location=AppiumSession_Cloud\src\test\java\AndroidAppiumTests\E2EEcommTests_POM.java}]}
18:44:39.347 [configureAppium@1] INFO  c.b.v2.framework.TestNgFramework - args CHECK = [TestResult name=configureAppium status=SUCCESS method=EcommBaseTest.configureAppium()[pri:0, instance:AndroidAppiumTests.E2EEcommTests_POM@534e58b6] output={null}]
18:44:39.347 [configureAppium@1] INFO  c.b.v2.framework.TestNgFramework - Hook List in Post [{hook_name=configureAppium, hook_result=pending, test_file_path=AppiumSession_Cloud\src\test\java\AndroidAppiumTests\E2EEcommTests_POM.java, event_started_at=2026-04-20T18:44:36.605589800, hook_id=8033505f-e36e-43c2-92e8-cdbd8f8e04ab, hook_logs=[], key=BEFORE_CLASS, custom_metadata={}, test_location=AppiumSession_Cloud\src\test\java\AndroidAppiumTests\E2EEcommTests_POM.java}] and args = [[TestResult name=configureAppium status=SUCCESS method=EcommBaseTest.configureAppium()[pri:0, instance:AndroidAppiumTests.E2EEcommTests_POM@534e58b6] output={null}], EcommBaseTest.configureAppium()[pri:0, instance:AndroidAppiumTests.E2EEcommTests_POM@534e58b6]]
18:44:39.348 [configureAppium@1] INFO  c.b.v2.framework.TestNgFramework - Processing HookLevel attachments from directory: C:\Users\MSUSERSL123\.browserstack\UploadedAttachments-1\HookLevel
18:44:39.348 [configureAppium@1] INFO  c.b.v2.framework.TestNgFramework - Checking hookLevelFiles: []
18:44:39.352 [configureAppium@1] INFO  c.b.v2.framework.TestNgFramework - checking Paths of files = C:\Users\MSUSERSL123\.browserstack\UploadedAttachments-1\HookLevel\BuildLevelHookEvent and abs path = C:\Users\MSUSERSL123\.browserstack\UploadedAttachments-1\HookLevel\BuildLevelHookEvent 
18:44:39.353 [configureAppium@1] INFO  c.b.v2.framework.TestNgFramework - Processing BuildLevelHookEvent attachments from directory: C:\Users\MSUSERSL123\.browserstack\UploadedAttachments-1\HookLevel\BuildLevelHookEvent
18:44:39.355 [configureAppium@1] INFO  c.b.v2.framework.TestNgFramework - Processing TestLevel attachments eventLogs: []
18:44:39.355 [configureAppium@1] INFO  c.b.v2.framework.TestNgFramework - sendLogCreatedEvent: No Log Events to send
18:44:39.355 [configureAppium@1] INFO  c.b.v2.framework.TestNgFramework - trackHookEvents: hook state=BEFORE_CLASS.HookState.POST , hooks started={BEFORE_CLASS=[]} , hooks finished={BEFORE_CLASS=[{hook_name=configureAppium, hook_result=passed, test_file_path=AppiumSession_Cloud\src\test\java\AndroidAppiumTests\E2EEcommTests_POM.java, event_started_at=2026-04-20T18:44:36.605589800, hook_id=8033505f-e36e-43c2-92e8-cdbd8f8e04ab, hook_logs=[], logs=[], key=BEFORE_CLASS, custom_metadata={}, event_ended_at=2026-04-20T18:44:39.347822600, test_location=AppiumSession_Cloud\src\test\java\AndroidAppiumTests\E2EEcommTests_POM.java}]}
18:44:39.368 [configureAppium@0] INFO  c.b.v2.module.TestHubModule - sendTestFrameworkEvent: event=com.browserstack.v2.eventBus.Event@3f055c3, response=success: true

18:44:39.395 [configureAppium@1] INFO  c.b.v2.module.TestHubModule - sendTestFrameworkEvent: event=com.browserstack.v2.eventBus.Event@51f32c6a, response=success: true

18:44:39.395 [configureAppium@2] INFO  c.b.v2.module.TestHubModule - sendTestFrameworkEvent: event=com.browserstack.v2.eventBus.Event@68fae1a6, response=success: true

18:44:39.429 [configureAppium@1] INFO  c.b.v2.framework.TestNgFramework - trackEvent: found instance, testFrameworkState=TestFrameworkState.BEFORE_METHOD hookState=HookState.PRE instance=144836686
18:44:39.431 [configureAppium@0] INFO  c.b.v2.framework.TestNgFramework - trackEvent: found instance, testFrameworkState=TestFrameworkState.BEFORE_METHOD hookState=HookState.PRE instance=144835724
18:44:39.433 [configureAppium@2] INFO  c.b.v2.framework.TestNgFramework - trackEvent: found instance, testFrameworkState=TestFrameworkState.BEFORE_METHOD hookState=HookState.PRE instance=144837648
18:44:39.431 [configureAppium@1] INFO  c.b.v2.framework.TestNgFramework - trackEvent: loaded common test data, testFrameworkState=TestFrameworkState.BEFORE_METHOD hookState=HookState.PRE instance=144836686
18:44:39.436 [configureAppium@2] INFO  c.b.v2.framework.TestNgFramework - trackEvent: loaded common test data, testFrameworkState=TestFrameworkState.BEFORE_METHOD hookState=HookState.PRE instance=144837648
18:44:39.436 [configureAppium@2] INFO  c.b.v2.framework.TestNgFramework - trackEvent: track hook events
18:44:39.436 [configureAppium@1] INFO  c.b.v2.framework.TestNgFramework - trackEvent: track hook events
18:44:39.436 [configureAppium@2] DEBUG c.browserstack.utils.UtilityMethods - [findFileMatcher] Current Path is :: C:\Users\MSUSERSL123\eclipse-workspace\AppiumSession_Cloud, TestClass :: AndroidAppiumTests\E2EEcommTests_POM
18:44:39.436 [configureAppium@1] DEBUG c.browserstack.utils.UtilityMethods - [findFileMatcher] Current Path is :: C:\Users\MSUSERSL123\eclipse-workspace\AppiumSession_Cloud, TestClass :: AndroidAppiumTests\E2EEcommTests_POM
18:44:39.437 [configureAppium@0] INFO  c.b.v2.framework.TestNgFramework - trackEvent: loaded common test data, testFrameworkState=TestFrameworkState.BEFORE_METHOD hookState=HookState.PRE instance=144835724
18:44:39.438 [configureAppium@0] INFO  c.b.v2.framework.TestNgFramework - trackEvent: track hook events
18:44:39.438 [configureAppium@0] DEBUG c.browserstack.utils.UtilityMethods - [findFileMatcher] Current Path is :: C:\Users\MSUSERSL123\eclipse-workspace\AppiumSession_Cloud, TestClass :: AndroidAppiumTests\E2EEcommTests_POM
18:44:39.771 [configureAppium@2] INFO  c.b.v2.framework.TestNgFramework - args CHECK = [TestResult name=setUpDriver status=STARTED method=EcommBaseTest.setUpDriver()[pri:0, instance:AndroidAppiumTests.E2EEcommTests_POM@1b495d4] output={null}]
18:44:39.772 [configureAppium@2] INFO  c.b.v2.framework.TestNgFramework - Hook Started in PRE key = BEFORE_METHOD & hook = {hook_name=setUpDriver, hook_result=pending, test_file_path=AppiumSession_Cloud\src\test\java\AndroidAppiumTests\E2EEcommTests_POM.java, event_started_at=2026-04-20T18:44:39.772388, hook_id=aeb73d93-51ff-472b-877f-d8fb86e85a74, hook_logs=[], key=BEFORE_METHOD, custom_metadata={}, test_location=AppiumSession_Cloud\src\test\java\AndroidAppiumTests\E2EEcommTests_POM.java}  and args = [[TestResult name=setUpDriver status=STARTED method=EcommBaseTest.setUpDriver()[pri:0, instance:AndroidAppiumTests.E2EEcommTests_POM@1b495d4] output={null}], EcommBaseTest.setUpDriver()[pri:0, instance:AndroidAppiumTests.E2EEcommTests_POM@1b495d4]]
18:44:39.774 [configureAppium@2] INFO  c.b.v2.framework.TestNgFramework - trackHookEvents: hook state=BEFORE_METHOD.HookState.PRE , hooks started={BEFORE_METHOD=[{hook_name=setUpDriver, hook_result=pending, test_file_path=AppiumSession_Cloud\src\test\java\AndroidAppiumTests\E2EEcommTests_POM.java, event_started_at=2026-04-20T18:44:39.772388, hook_id=aeb73d93-51ff-472b-877f-d8fb86e85a74, hook_logs=[], key=BEFORE_METHOD, custom_metadata={}, test_location=AppiumSession_Cloud\src\test\java\AndroidAppiumTests\E2EEcommTests_POM.java}], BEFORE_CLASS=[]} , hooks finished={BEFORE_METHOD=[], BEFORE_CLASS=[{hook_name=configureAppium, hook_result=passed, test_file_path=AppiumSession_Cloud\src\test\java\AndroidAppiumTests\E2EEcommTests_POM.java, event_started_at=2026-04-20T18:44:36.605589800, hook_id=739b6403-a663-495f-a2eb-3d65c8d8e040, hook_logs=[], logs=[], key=BEFORE_CLASS, custom_metadata={}, event_ended_at=2026-04-20T18:44:39.326691200, test_location=AppiumSession_Cloud\src\test\java\AndroidAppiumTests\E2EEcommTests_POM.java}]}
18:44:39.789 [configureAppium@1] INFO  c.b.v2.framework.TestNgFramework - args CHECK = [TestResult name=setUpDriver status=STARTED method=EcommBaseTest.setUpDriver()[pri:0, instance:AndroidAppiumTests.E2EEcommTests_POM@534e58b6] output={null}]
18:44:39.791 [configureAppium@1] INFO  c.b.v2.framework.TestNgFramework - Hook Started in PRE key = BEFORE_METHOD & hook = {hook_name=setUpDriver, hook_result=pending, test_file_path=AppiumSession_Cloud\src\test\java\AndroidAppiumTests\E2EEcommTests_POM.java, event_started_at=2026-04-20T18:44:39.791298100, hook_id=440c92b8-ad78-4e9d-95d3-ddd7ed6e3b43, hook_logs=[], key=BEFORE_METHOD, custom_metadata={}, test_location=AppiumSession_Cloud\src\test\java\AndroidAppiumTests\E2EEcommTests_POM.java}  and args = [[TestResult name=setUpDriver status=STARTED method=EcommBaseTest.setUpDriver()[pri:0, instance:AndroidAppiumTests.E2EEcommTests_POM@534e58b6] output={null}], EcommBaseTest.setUpDriver()[pri:0, instance:AndroidAppiumTests.E2EEcommTests_POM@534e58b6]]
18:44:39.792 [configureAppium@1] INFO  c.b.v2.framework.TestNgFramework - trackHookEvents: hook state=BEFORE_METHOD.HookState.PRE , hooks started={BEFORE_METHOD=[{hook_name=setUpDriver, hook_result=pending, test_file_path=AppiumSession_Cloud\src\test\java\AndroidAppiumTests\E2EEcommTests_POM.java, event_started_at=2026-04-20T18:44:39.791298100, hook_id=440c92b8-ad78-4e9d-95d3-ddd7ed6e3b43, hook_logs=[], key=BEFORE_METHOD, custom_metadata={}, test_location=AppiumSession_Cloud\src\test\java\AndroidAppiumTests\E2EEcommTests_POM.java}], BEFORE_CLASS=[]} , hooks finished={BEFORE_METHOD=[], BEFORE_CLASS=[{hook_name=configureAppium, hook_result=passed, test_file_path=AppiumSession_Cloud\src\test\java\AndroidAppiumTests\E2EEcommTests_POM.java, event_started_at=2026-04-20T18:44:36.605589800, hook_id=8033505f-e36e-43c2-92e8-cdbd8f8e04ab, hook_logs=[], logs=[], key=BEFORE_CLASS, custom_metadata={}, event_ended_at=2026-04-20T18:44:39.347822600, test_location=AppiumSession_Cloud\src\test\java\AndroidAppiumTests\E2EEcommTests_POM.java}]}
18:44:39.817 [configureAppium@0] INFO  c.b.v2.framework.TestNgFramework - args CHECK = [TestResult name=setUpDriver status=STARTED method=EcommBaseTest.setUpDriver()[pri:0, instance:AndroidAppiumTests.E2EEcommTests_POM@5981f4a6] output={null}]
18:44:39.818 [configureAppium@0] INFO  c.b.v2.framework.TestNgFramework - Hook Started in PRE key = BEFORE_METHOD & hook = {hook_name=setUpDriver, hook_result=pending, test_file_path=AppiumSession_Cloud\src\test\java\AndroidAppiumTests\E2EEcommTests_POM.java, event_started_at=2026-04-20T18:44:39.818547100, hook_id=bd011313-280e-499d-9944-057e9fa83b6d, hook_logs=[], key=BEFORE_METHOD, custom_metadata={}, test_location=AppiumSession_Cloud\src\test\java\AndroidAppiumTests\E2EEcommTests_POM.java}  and args = [[TestResult name=setUpDriver status=STARTED method=EcommBaseTest.setUpDriver()[pri:0, instance:AndroidAppiumTests.E2EEcommTests_POM@5981f4a6] output={null}], EcommBaseTest.setUpDriver()[pri:0, instance:AndroidAppiumTests.E2EEcommTests_POM@5981f4a6]]
18:44:39.822 [configureAppium@0] INFO  c.b.v2.framework.TestNgFramework - trackHookEvents: hook state=BEFORE_METHOD.HookState.PRE , hooks started={BEFORE_METHOD=[{hook_name=setUpDriver, hook_result=pending, test_file_path=AppiumSession_Cloud\src\test\java\AndroidAppiumTests\E2EEcommTests_POM.java, event_started_at=2026-04-20T18:44:39.818547100, hook_id=bd011313-280e-499d-9944-057e9fa83b6d, hook_logs=[], key=BEFORE_METHOD, custom_metadata={}, test_location=AppiumSession_Cloud\src\test\java\AndroidAppiumTests\E2EEcommTests_POM.java}], BEFORE_CLASS=[]} , hooks finished={BEFORE_METHOD=[], BEFORE_CLASS=[{hook_name=configureAppium, hook_result=passed, test_file_path=AppiumSession_Cloud\src\test\java\AndroidAppiumTests\E2EEcommTests_POM.java, event_started_at=2026-04-20T18:44:36.605589800, hook_id=c0f247b9-b8b0-46d1-91c9-e3eca6758b27, hook_logs=[], logs=[], key=BEFORE_CLASS, custom_metadata={}, event_ended_at=2026-04-20T18:44:39.304765300, test_location=AppiumSession_Cloud\src\test\java\AndroidAppiumTests\E2EEcommTests_POM.java}]}
18:44:39.880 [configureAppium@2] INFO  c.b.v2.module.TestHubModule - sendTestFrameworkEvent: event=com.browserstack.v2.eventBus.Event@1a12c158, response=success: true

18:44:39.890 [configureAppium@1] INFO  c.b.v2.module.TestHubModule - sendTestFrameworkEvent: event=com.browserstack.v2.eventBus.Event@4d3c6c46, response=success: true

18:44:39.891 [configureAppium@0] INFO  c.b.v2.module.TestHubModule - sendTestFrameworkEvent: event=com.browserstack.v2.eventBus.Event@2971ca91, response=success: true

18:44:43.030 [setUpDriver@1] DEBUG c.browserstack.utils.UtilityMethods - [Patch]: SDK enabled, patching remote server
18:44:43.030 [setUpDriver@2] DEBUG c.browserstack.utils.UtilityMethods - [Patch]: SDK enabled, patching remote server
18:44:43.031 [setUpDriver@0] DEBUG c.browserstack.utils.UtilityMethods - [Patch]: SDK enabled, patching remote server
18:44:43.041 [setUpDriver@0] DEBUG c.browserstack.utils.UtilityMethods - quitWebDriverForCLIFlow: [Instance: 9564:48] Starting single instance quit process
18:44:43.041 [setUpDriver@0] DEBUG c.browserstack.utils.UtilityMethods - quitWebDriverForCLIFlow: [Instance: 9564:48] SdkCLI is running, getting tracked instance
18:44:43.042 [setUpDriver@0] DEBUG c.browserstack.utils.UtilityMethods - quitWebDriverForCLIFlow: [Instance: 9564:48] AutomationFramework.getTrackedInstance() returned null, no driver to quit
18:44:43.045 [setUpDriver@2] DEBUG c.browserstack.utils.UtilityMethods - quitWebDriverForCLIFlow: [Instance: 9564:50] Starting single instance quit process
18:44:43.046 [setUpDriver@2] DEBUG c.browserstack.utils.UtilityMethods - quitWebDriverForCLIFlow: [Instance: 9564:50] SdkCLI is running, getting tracked instance
18:44:43.046 [setUpDriver@1] DEBUG c.browserstack.utils.UtilityMethods - quitWebDriverForCLIFlow: [Instance: 9564:49] Starting single instance quit process
18:44:43.046 [setUpDriver@1] DEBUG c.browserstack.utils.UtilityMethods - quitWebDriverForCLIFlow: [Instance: 9564:49] SdkCLI is running, getting tracked instance
18:44:43.049 [setUpDriver@1] DEBUG c.browserstack.utils.UtilityMethods - quitWebDriverForCLIFlow: [Instance: 9564:49] AutomationFramework.getTrackedInstance() returned null, no driver to quit
18:44:43.049 [setUpDriver@2] DEBUG c.browserstack.utils.UtilityMethods - quitWebDriverForCLIFlow: [Instance: 9564:50] AutomationFramework.getTrackedInstance() returned null, no driver to quit
18:44:43.050 [setUpDriver@0] INFO  c.b.v2.framework.SeleniumFramework - trackSeleniumTest: saved instance contextId=616923940 target=9564:48 instances=[616923940]
18:44:43.051 [setUpDriver@2] INFO  c.b.v2.framework.SeleniumFramework - trackSeleniumTest: saved instance contextId=616923963 target=9564:50 instances=[616923963]
18:44:43.056 [setUpDriver@1] INFO  c.b.v2.framework.SeleniumFramework - trackSeleniumTest: saved instance contextId=616923941 target=9564:49 instances=[616923941]
18:44:43.057 [setUpDriver@1] INFO  c.b.v2.module.WebdriverModule - onBeforeDriverCreate: event=com.browserstack.v2.eventBus.Event@7b22ae07
18:44:43.060 [setUpDriver@2] INFO  c.b.v2.module.WebdriverModule - onBeforeDriverCreate: event=com.browserstack.v2.eventBus.Event@6d673397
18:44:43.060 [setUpDriver@0] INFO  c.b.v2.module.WebdriverModule - onBeforeDriverCreate: event=com.browserstack.v2.eventBus.Event@1f1468c5
18:44:43.101 [setUpDriver@1] ERROR c.b.v2.eventBus.EventDispatcher - notifyModuleObservers: Unable to call observers for hookRegistry=AutomationFrameworkState.CREATE:HookState.PRE. Exception=java.lang.NoClassDefFoundError: org/openqa/selenium/chrome/ChromeOptions
	at com.browserstack.v2.instance.SeleniumInstance.processCapabilities(Unknown Source)
	at com.browserstack.v2.module.WebdriverModule.a(Unknown Source)
	at com.browserstack.v2.module.WebdriverModule.a(Unknown Source)
	at com.browserstack.v2.module.WebdriverModule.getDriverBinCapabilities(Unknown Source)
	at com.browserstack.v2.module.WebdriverModule.onBeforeDriverCreate(Unknown Source)
	at com.browserstack.v2.eventBus.EventDispatcher.notifyModuleObservers(Unknown Source)
	at com.browserstack.v2.framework.AutomationFramework.runHooks(Unknown Source)
	at com.browserstack.v2.framework.SeleniumFramework.trackEvent(Unknown Source)
	at com.browserstack.selenium.SeleniumHandler.getFinalDriverCaps(Unknown Source)
	at com.browserstack.selenium.SeleniumHandler.beforeDriverInit(Unknown Source)
	at org.openqa.selenium.remote.RemoteWebDriver.<init>(RemoteWebDriver.java)
	at io.appium.java_client.AppiumDriver.<init>(AppiumDriver.java:98)
	at io.appium.java_client.AppiumDriver.<init>(AppiumDriver.java:109)
	at io.appium.java_client.android.AndroidDriver.<init>(AndroidDriver.java:108)
	at BaseTests.EcommBaseTest.setUpDriver(EcommBaseTest.java:65)
	at java.base/jdk.internal.reflect.DirectMethodHandleAccessor.invoke(DirectMethodHandleAccessor.java:103)
	at java.base/java.lang.reflect.Method.invoke(Method.java:580)
	at org.testng.internal.invokers.MethodInvocationHelper.invokeMethod(MethodInvocationHelper.java:141)
	at org.testng.internal.invokers.MethodInvocationHelper.invokeMethodConsideringTimeout(MethodInvocationHelper.java:71)
	at org.testng.internal.invokers.ConfigInvoker.invokeConfigurationMethod(ConfigInvoker.java:400)
	at org.testng.internal.invokers.ConfigInvoker.invokeConfigurations(ConfigInvoker.java:333)
	at org.testng.internal.invokers.TestInvoker.runConfigMethods(TestInvoker.java:846)
	at org.testng.internal.invokers.TestInvoker.invokeMethod(TestInvoker.java:611)
	at org.testng.internal.invokers.TestInvoker.invokeTestMethod(TestInvoker.java:230)
	at org.testng.internal.invokers.MethodRunner.runInSequence(MethodRunner.java:63)
	at org.testng.internal.invokers.TestInvoker$MethodInvocationAgent.invoke(TestInvoker.java:1005)
	at org.testng.internal.invokers.TestInvoker.invokeTestMethods(TestInvoker.java:203)
	at org.testng.internal.invokers.TestMethodWorker.invokeTestMethods(TestMethodWorker.java:154)
	at org.testng.internal.invokers.TestMethodWorker.run(TestMethodWorker.java:134)
	at java.base/java.util.ArrayList.forEach(ArrayList.java:1596)
	at org.testng.TestRunner.privateRun(TestRunner.java:744)
	at org.testng.TestRunner.run(TestRunner.java:616)
	at org.testng.SuiteRunner.runTest(SuiteRunner.java:421)
	at org.testng.SuiteRunner$SuiteWorker.run(SuiteRunner.java:463)
	at org.testng.internal.thread.ThreadUtil.lambda$execute$0(ThreadUtil.java:64)
	at java.base/java.util.concurrent.FutureTask.run(FutureTask.java:317)
	at java.base/java.util.concurrent.ThreadPoolExecutor.runWorker(ThreadPoolExecutor.java:1144)
	at java.base/java.util.concurrent.ThreadPoolExecutor$Worker.run(ThreadPoolExecutor.java:642)
	at java.base/java.lang.Thread.run(Thread.java:1583)
Caused by: java.lang.ClassNotFoundException: org.openqa.selenium.chrome.ChromeOptions
	... 39 more

18:44:43.102 [setUpDriver@2] ERROR c.b.v2.eventBus.EventDispatcher - notifyModuleObservers: Unable to call observers for hookRegistry=AutomationFrameworkState.CREATE:HookState.PRE. Exception=java.lang.NoClassDefFoundError: org/openqa/selenium/chrome/ChromeOptions
	at com.browserstack.v2.instance.SeleniumInstance.processCapabilities(Unknown Source)
	at com.browserstack.v2.module.WebdriverModule.a(Unknown Source)
	at com.browserstack.v2.module.WebdriverModule.a(Unknown Source)
	at com.browserstack.v2.module.WebdriverModule.getDriverBinCapabilities(Unknown Source)
	at com.browserstack.v2.module.WebdriverModule.onBeforeDriverCreate(Unknown Source)
	at com.browserstack.v2.eventBus.EventDispatcher.notifyModuleObservers(Unknown Source)
	at com.browserstack.v2.framework.AutomationFramework.runHooks(Unknown Source)
	at com.browserstack.v2.framework.SeleniumFramework.trackEvent(Unknown Source)
	at com.browserstack.selenium.SeleniumHandler.getFinalDriverCaps(Unknown Source)
	at com.browserstack.selenium.SeleniumHandler.beforeDriverInit(Unknown Source)
	at org.openqa.selenium.remote.RemoteWebDriver.<init>(RemoteWebDriver.java)
	at io.appium.java_client.AppiumDriver.<init>(AppiumDriver.java:98)
	at io.appium.java_client.AppiumDriver.<init>(AppiumDriver.java:109)
	at io.appium.java_client.android.AndroidDriver.<init>(AndroidDriver.java:108)
	at BaseTests.EcommBaseTest.setUpDriver(EcommBaseTest.java:65)
	at java.base/jdk.internal.reflect.DirectMethodHandleAccessor.invoke(DirectMethodHandleAccessor.java:103)
	at java.base/java.lang.reflect.Method.invoke(Method.java:580)
	at org.testng.internal.invokers.MethodInvocationHelper.invokeMethod(MethodInvocationHelper.java:141)
	at org.testng.internal.invokers.MethodInvocationHelper.invokeMethodConsideringTimeout(MethodInvocationHelper.java:71)
	at org.testng.internal.invokers.ConfigInvoker.invokeConfigurationMethod(ConfigInvoker.java:400)
	at org.testng.internal.invokers.ConfigInvoker.invokeConfigurations(ConfigInvoker.java:333)
	at org.testng.internal.invokers.TestInvoker.runConfigMethods(TestInvoker.java:846)
	at org.testng.internal.invokers.TestInvoker.invokeMethod(TestInvoker.java:611)
	at org.testng.internal.invokers.TestInvoker.invokeTestMethod(TestInvoker.java:230)
	at org.testng.internal.invokers.MethodRunner.runInSequence(MethodRunner.java:63)
	at org.testng.internal.invokers.TestInvoker$MethodInvocationAgent.invoke(TestInvoker.java:1005)
	at org.testng.internal.invokers.TestInvoker.invokeTestMethods(TestInvoker.java:203)
	at org.testng.internal.invokers.TestMethodWorker.invokeTestMethods(TestMethodWorker.java:154)
	at org.testng.internal.invokers.TestMethodWorker.run(TestMethodWorker.java:134)
	at java.base/java.util.ArrayList.forEach(ArrayList.java:1596)
	at org.testng.TestRunner.privateRun(TestRunner.java:744)
	at org.testng.TestRunner.run(TestRunner.java:616)
	at org.testng.SuiteRunner.runTest(SuiteRunner.java:421)
	at org.testng.SuiteRunner$SuiteWorker.run(SuiteRunner.java:463)
	at org.testng.internal.thread.ThreadUtil.lambda$execute$0(ThreadUtil.java:64)
	at java.base/java.util.concurrent.FutureTask.run(FutureTask.java:317)
	at java.base/java.util.concurrent.ThreadPoolExecutor.runWorker(ThreadPoolExecutor.java:1144)
	at java.base/java.util.concurrent.ThreadPoolExecutor$Worker.run(ThreadPoolExecutor.java:642)
	at java.base/java.lang.Thread.run(Thread.java:1583)
Caused by: java.lang.ClassNotFoundException: org.openqa.selenium.chrome.ChromeOptions
	... 39 more

18:44:43.104 [setUpDriver@0] ERROR c.b.v2.eventBus.EventDispatcher - notifyModuleObservers: Unable to call observers for hookRegistry=AutomationFrameworkState.CREATE:HookState.PRE. Exception=java.lang.NoClassDefFoundError: org/openqa/selenium/chrome/ChromeOptions
	at com.browserstack.v2.instance.SeleniumInstance.processCapabilities(Unknown Source)
	at com.browserstack.v2.module.WebdriverModule.a(Unknown Source)
	at com.browserstack.v2.module.WebdriverModule.a(Unknown Source)
	at com.browserstack.v2.module.WebdriverModule.getDriverBinCapabilities(Unknown Source)
	at com.browserstack.v2.module.WebdriverModule.onBeforeDriverCreate(Unknown Source)
	at com.browserstack.v2.eventBus.EventDispatcher.notifyModuleObservers(Unknown Source)
	at com.browserstack.v2.framework.AutomationFramework.runHooks(Unknown Source)
	at com.browserstack.v2.framework.SeleniumFramework.trackEvent(Unknown Source)
	at com.browserstack.selenium.SeleniumHandler.getFinalDriverCaps(Unknown Source)
	at com.browserstack.selenium.SeleniumHandler.beforeDriverInit(Unknown Source)
	at org.openqa.selenium.remote.RemoteWebDriver.<init>(RemoteWebDriver.java)
	at io.appium.java_client.AppiumDriver.<init>(AppiumDriver.java:98)
	at io.appium.java_client.AppiumDriver.<init>(AppiumDriver.java:109)
	at io.appium.java_client.android.AndroidDriver.<init>(AndroidDriver.java:108)
	at BaseTests.EcommBaseTest.setUpDriver(EcommBaseTest.java:65)
	at java.base/jdk.internal.reflect.DirectMethodHandleAccessor.invoke(DirectMethodHandleAccessor.java:103)
	at java.base/java.lang.reflect.Method.invoke(Method.java:580)
	at org.testng.internal.invokers.MethodInvocationHelper.invokeMethod(MethodInvocationHelper.java:141)
	at org.testng.internal.invokers.MethodInvocationHelper.invokeMethodConsideringTimeout(MethodInvocationHelper.java:71)
	at org.testng.internal.invokers.ConfigInvoker.invokeConfigurationMethod(ConfigInvoker.java:400)
	at org.testng.internal.invokers.ConfigInvoker.invokeConfigurations(ConfigInvoker.java:333)
	at org.testng.internal.invokers.TestInvoker.runConfigMethods(TestInvoker.java:846)
	at org.testng.internal.invokers.TestInvoker.invokeMethod(TestInvoker.java:611)
	at org.testng.internal.invokers.TestInvoker.invokeTestMethod(TestInvoker.java:230)
	at org.testng.internal.invokers.MethodRunner.runInSequence(MethodRunner.java:63)
	at org.testng.internal.invokers.TestInvoker$MethodInvocationAgent.invoke(TestInvoker.java:1005)
	at org.testng.internal.invokers.TestInvoker.invokeTestMethods(TestInvoker.java:203)
	at org.testng.internal.invokers.TestMethodWorker.invokeTestMethods(TestMethodWorker.java:154)
	at org.testng.internal.invokers.TestMethodWorker.run(TestMethodWorker.java:134)
	at java.base/java.util.ArrayList.forEach(ArrayList.java:1596)
	at org.testng.TestRunner.privateRun(TestRunner.java:744)
	at org.testng.TestRunner.run(TestRunner.java:616)
	at org.testng.SuiteRunner.runTest(SuiteRunner.java:421)
	at org.testng.SuiteRunner$SuiteWorker.run(SuiteRunner.java:463)
	at org.testng.internal.thread.ThreadUtil.lambda$execute$0(ThreadUtil.java:64)
	at java.base/java.util.concurrent.FutureTask.run(FutureTask.java:317)
	at java.base/java.util.concurrent.ThreadPoolExecutor.runWorker(ThreadPoolExecutor.java:1144)
	at java.base/java.util.concurrent.ThreadPoolExecutor$Worker.run(ThreadPoolExecutor.java:642)
	at java.base/java.lang.Thread.run(Thread.java:1583)
Caused by: java.lang.ClassNotFoundException: org.openqa.selenium.chrome.ChromeOptions
	at java.base/jdk.internal.loader.BuiltinClassLoader.loadClass(BuiltinClassLoader.java:641)
	at java.base/jdk.internal.loader.ClassLoaders$AppClassLoader.loadClass(ClassLoaders.java:188)
	at java.base/java.lang.ClassLoader.loadClass(ClassLoader.java:526)
	... 39 more

18:44:43.136 [setUpDriver@2] DEBUG c.browserstack.utils.UtilityMethods - Optimal hub url from cli. https://hub-aps.browserstack.com/wd/hub
18:44:43.136 [setUpDriver@1] DEBUG c.browserstack.utils.UtilityMethods - Optimal hub url from cli. https://hub-aps.browserstack.com/wd/hub
18:44:43.143 [setUpDriver@0] DEBUG c.browserstack.utils.UtilityMethods - Optimal hub url from cli. https://hub-aps.browserstack.com/wd/hub
18:44:43.179 [setUpDriver@2] DEBUG c.browserstack.utils.UtilityMethods - [Patch]: SDK enabled, patching remote server
18:44:43.190 [setUpDriver@2] DEBUG c.browserstack.utils.UtilityMethods - quitWebDriverForCLIFlow: [Instance: 9564:50] Starting single instance quit process
18:44:43.190 [setUpDriver@2] DEBUG c.browserstack.utils.UtilityMethods - quitWebDriverForCLIFlow: [Instance: 9564:50] SdkCLI is running, getting tracked instance
18:44:43.191 [setUpDriver@2] DEBUG c.browserstack.utils.UtilityMethods - quitWebDriverForCLIFlow: [Instance: 9564:50] Found tracked instance, getting driver
18:44:43.191 [setUpDriver@2] DEBUG c.browserstack.utils.UtilityMethods - quitWebDriverForCLIFlow: [Instance: 9564:50] Driver is null, nothing to quit
18:44:43.198 [setUpDriver@1] DEBUG c.browserstack.utils.UtilityMethods - [Patch]: SDK enabled, patching remote server
18:44:43.198 [setUpDriver@2] INFO  c.b.v2.framework.SeleniumFramework - trackSeleniumTest: saved instance contextId=616923963 target=9564:50 instances=[616923963]
18:44:43.199 [setUpDriver@2] INFO  c.b.v2.module.WebdriverModule - onBeforeDriverCreate: event=com.browserstack.v2.eventBus.Event@53efce03
18:44:43.209 [setUpDriver@1] DEBUG c.browserstack.utils.UtilityMethods - quitWebDriverForCLIFlow: [Instance: 9564:49] Starting single instance quit process
18:44:43.209 [setUpDriver@1] DEBUG c.browserstack.utils.UtilityMethods - quitWebDriverForCLIFlow: [Instance: 9564:49] SdkCLI is running, getting tracked instance
18:44:43.210 [setUpDriver@1] DEBUG c.browserstack.utils.UtilityMethods - quitWebDriverForCLIFlow: [Instance: 9564:49] Found tracked instance, getting driver
18:44:43.210 [setUpDriver@1] DEBUG c.browserstack.utils.UtilityMethods - quitWebDriverForCLIFlow: [Instance: 9564:49] Driver is null, nothing to quit
18:44:43.210 [setUpDriver@1] INFO  c.b.v2.framework.SeleniumFramework - trackSeleniumTest: saved instance contextId=616923941 target=9564:49 instances=[616923941]
18:44:43.211 [setUpDriver@1] INFO  c.b.v2.module.WebdriverModule - onBeforeDriverCreate: event=com.browserstack.v2.eventBus.Event@5cbdeab5
18:44:43.212 [setUpDriver@0] DEBUG c.browserstack.utils.UtilityMethods - [Patch]: SDK enabled, patching remote server
18:44:43.213 [setUpDriver@0] DEBUG c.browserstack.utils.UtilityMethods - quitWebDriverForCLIFlow: [Instance: 9564:48] Starting single instance quit process
18:44:43.213 [setUpDriver@0] DEBUG c.browserstack.utils.UtilityMethods - quitWebDriverForCLIFlow: [Instance: 9564:48] SdkCLI is running, getting tracked instance
18:44:43.213 [setUpDriver@0] DEBUG c.browserstack.utils.UtilityMethods - quitWebDriverForCLIFlow: [Instance: 9564:48] Found tracked instance, getting driver
18:44:43.213 [setUpDriver@0] DEBUG c.browserstack.utils.UtilityMethods - quitWebDriverForCLIFlow: [Instance: 9564:48] Driver is null, nothing to quit
18:44:43.213 [setUpDriver@0] INFO  c.b.v2.framework.SeleniumFramework - trackSeleniumTest: saved instance contextId=616923940 target=9564:48 instances=[616923940]
18:44:43.214 [setUpDriver@0] INFO  c.b.v2.module.WebdriverModule - onBeforeDriverCreate: event=com.browserstack.v2.eventBus.Event@6fbea0b5
18:44:43.218 [setUpDriver@2] DEBUG c.browserstack.utils.UtilityMethods - [Error]java.lang.NullPointerException: Cannot read field "capabilities" because "<local8>" is null
	at org.openqa.selenium.remote.RemoteWebDriver.<init>(RemoteWebDriver.java)
	at org.openqa.selenium.remote.RemoteWebDriver.<init>(RemoteWebDriver.java:199)
	at io.appium.java_client.AppiumDriver.<init>(AppiumDriver.java:98)
	at io.appium.java_client.AppiumDriver.<init>(AppiumDriver.java:109)
	at io.appium.java_client.android.AndroidDriver.<init>(AndroidDriver.java:108)
	at BaseTests.EcommBaseTest.setUpDriver(EcommBaseTest.java:65)
	at java.base/jdk.internal.reflect.DirectMethodHandleAccessor.invoke(DirectMethodHandleAccessor.java:103)
	at java.base/java.lang.reflect.Method.invoke(Method.java:580)
	at org.testng.internal.invokers.MethodInvocationHelper.invokeMethod(MethodInvocationHelper.java:141)
	at org.testng.internal.invokers.MethodInvocationHelper.invokeMethodConsideringTimeout(MethodInvocationHelper.java:71)
	at org.testng.internal.invokers.ConfigInvoker.invokeConfigurationMethod(ConfigInvoker.java:400)
	at org.testng.internal.invokers.ConfigInvoker.invokeConfigurations(ConfigInvoker.java:333)
	at org.testng.internal.invokers.TestInvoker.runConfigMethods(TestInvoker.java:846)
	at org.testng.internal.invokers.TestInvoker.invokeMethod(TestInvoker.java:611)
	at org.testng.internal.invokers.TestInvoker.invokeTestMethod(TestInvoker.java:230)
	at org.testng.internal.invokers.MethodRunner.runInSequence(MethodRunner.java:63)
	at org.testng.internal.invokers.TestInvoker$MethodInvocationAgent.invoke(TestInvoker.java:1005)
	at org.testng.internal.invokers.TestInvoker.invokeTestMethods(TestInvoker.java:203)
	at org.testng.internal.invokers.TestMethodWorker.invokeTestMethods(TestMethodWorker.java:154)
	at org.testng.internal.invokers.TestMethodWorker.run(TestMethodWorker.java:134)
	at java.base/java.util.ArrayList.forEach(ArrayList.java:1596)
	at org.testng.TestRunner.privateRun(TestRunner.java:744)
	at org.testng.TestRunner.run(TestRunner.java:616)
	at org.testng.SuiteRunner.runTest(SuiteRunner.java:421)
	at org.testng.SuiteRunner$SuiteWorker.run(SuiteRunner.java:463)
	at org.testng.internal.thread.ThreadUtil.lambda$execute$0(ThreadUtil.java:64)
	at java.base/java.util.concurrent.FutureTask.run(FutureTask.java:317)
	at java.base/java.util.concurrent.ThreadPoolExecutor.runWorker(ThreadPoolExecutor.java:1144)
	at java.base/java.util.concurrent.ThreadPoolExecutor$Worker.run(ThreadPoolExecutor.java:642)
	at java.base/java.lang.Thread.run(Thread.java:1583)

18:44:43.233 [setUpDriver@2] DEBUG c.browserstack.utils.UtilityMethods - Optimal hub url from cli. https://hub-aps.browserstack.com/wd/hub
18:44:43.237 [setUpDriver@0] DEBUG c.browserstack.utils.UtilityMethods - [Error]java.lang.NullPointerException: Cannot read field "capabilities" because "<local8>" is null
	at org.openqa.selenium.remote.RemoteWebDriver.<init>(RemoteWebDriver.java)
	at org.openqa.selenium.remote.RemoteWebDriver.<init>(RemoteWebDriver.java:199)
	at io.appium.java_client.AppiumDriver.<init>(AppiumDriver.java:98)
	at io.appium.java_client.AppiumDriver.<init>(AppiumDriver.java:109)
	at io.appium.java_client.android.AndroidDriver.<init>(AndroidDriver.java:108)
	at BaseTests.EcommBaseTest.setUpDriver(EcommBaseTest.java:65)
	at java.base/jdk.internal.reflect.DirectMethodHandleAccessor.invoke(DirectMethodHandleAccessor.java:103)
	at java.base/java.lang.reflect.Method.invoke(Method.java:580)
	at org.testng.internal.invokers.MethodInvocationHelper.invokeMethod(MethodInvocationHelper.java:141)
	at org.testng.internal.invokers.MethodInvocationHelper.invokeMethodConsideringTimeout(MethodInvocationHelper.java:71)
	at org.testng.internal.invokers.ConfigInvoker.invokeConfigurationMethod(ConfigInvoker.java:400)
	at org.testng.internal.invokers.ConfigInvoker.invokeConfigurations(ConfigInvoker.java:333)
	at org.testng.internal.invokers.TestInvoker.runConfigMethods(TestInvoker.java:846)
	at org.testng.internal.invokers.TestInvoker.invokeMethod(TestInvoker.java:611)
	at org.testng.internal.invokers.TestInvoker.invokeTestMethod(TestInvoker.java:230)
	at org.testng.internal.invokers.MethodRunner.runInSequence(MethodRunner.java:63)
	at org.testng.internal.invokers.TestInvoker$MethodInvocationAgent.invoke(TestInvoker.java:1005)
	at org.testng.internal.invokers.TestInvoker.invokeTestMethods(TestInvoker.java:203)
	at org.testng.internal.invokers.TestMethodWorker.invokeTestMethods(TestMethodWorker.java:154)
	at org.testng.internal.invokers.TestMethodWorker.run(TestMethodWorker.java:134)
	at java.base/java.util.ArrayList.forEach(ArrayList.java:1596)
	at org.testng.TestRunner.privateRun(TestRunner.java:744)
	at org.testng.TestRunner.run(TestRunner.java:616)
	at org.testng.SuiteRunner.runTest(SuiteRunner.java:421)
	at org.testng.SuiteRunner$SuiteWorker.run(SuiteRunner.java:463)
	at org.testng.internal.thread.ThreadUtil.lambda$execute$0(ThreadUtil.java:64)
	at java.base/java.util.concurrent.FutureTask.run(FutureTask.java:317)
	at java.base/java.util.concurrent.ThreadPoolExecutor.runWorker(ThreadPoolExecutor.java:1144)
	at java.base/java.util.concurrent.ThreadPoolExecutor$Worker.run(ThreadPoolExecutor.java:642)
	at java.base/java.lang.Thread.run(Thread.java:1583)

18:44:43.237 [setUpDriver@0] DEBUG c.browserstack.utils.UtilityMethods - Optimal hub url from cli. https://hub-aps.browserstack.com/wd/hub
18:44:43.251 [setUpDriver@1] DEBUG c.browserstack.utils.UtilityMethods - [Error]java.lang.NullPointerException: Cannot read field "capabilities" because "<local8>" is null
	at org.openqa.selenium.remote.RemoteWebDriver.<init>(RemoteWebDriver.java)
	at org.openqa.selenium.remote.RemoteWebDriver.<init>(RemoteWebDriver.java:199)
	at io.appium.java_client.AppiumDriver.<init>(AppiumDriver.java:98)
	at io.appium.java_client.AppiumDriver.<init>(AppiumDriver.java:109)
	at io.appium.java_client.android.AndroidDriver.<init>(AndroidDriver.java:108)
	at BaseTests.EcommBaseTest.setUpDriver(EcommBaseTest.java:65)
	at java.base/jdk.internal.reflect.DirectMethodHandleAccessor.invoke(DirectMethodHandleAccessor.java:103)
	at java.base/java.lang.reflect.Method.invoke(Method.java:580)
	at org.testng.internal.invokers.MethodInvocationHelper.invokeMethod(MethodInvocationHelper.java:141)
	at org.testng.internal.invokers.MethodInvocationHelper.invokeMethodConsideringTimeout(MethodInvocationHelper.java:71)
	at org.testng.internal.invokers.ConfigInvoker.invokeConfigurationMethod(ConfigInvoker.java:400)
	at org.testng.internal.invokers.ConfigInvoker.invokeConfigurations(ConfigInvoker.java:333)
	at org.testng.internal.invokers.TestInvoker.runConfigMethods(TestInvoker.java:846)
	at org.testng.internal.invokers.TestInvoker.invokeMethod(TestInvoker.java:611)
	at org.testng.internal.invokers.TestInvoker.invokeTestMethod(TestInvoker.java:230)
	at org.testng.internal.invokers.MethodRunner.runInSequence(MethodRunner.java:63)
	at org.testng.internal.invokers.TestInvoker$MethodInvocationAgent.invoke(TestInvoker.java:1005)
	at org.testng.internal.invokers.TestInvoker.invokeTestMethods(TestInvoker.java:203)
	at org.testng.internal.invokers.TestMethodWorker.invokeTestMethods(TestMethodWorker.java:154)
	at org.testng.internal.invokers.TestMethodWorker.run(TestMethodWorker.java:134)
	at java.base/java.util.ArrayList.forEach(ArrayList.java:1596)
	at org.testng.TestRunner.privateRun(TestRunner.java:744)
	at org.testng.TestRunner.run(TestRunner.java:616)
	at org.testng.SuiteRunner.runTest(SuiteRunner.java:421)
	at org.testng.SuiteRunner$SuiteWorker.run(SuiteRunner.java:463)
	at org.testng.internal.thread.ThreadUtil.lambda$execute$0(ThreadUtil.java:64)
	at java.base/java.util.concurrent.FutureTask.run(FutureTask.java:317)
	at java.base/java.util.concurrent.ThreadPoolExecutor.runWorker(ThreadPoolExecutor.java:1144)
	at java.base/java.util.concurrent.ThreadPoolExecutor$Worker.run(ThreadPoolExecutor.java:642)
	at java.base/java.lang.Thread.run(Thread.java:1583)

18:44:43.273 [setUpDriver@1] DEBUG c.browserstack.utils.UtilityMethods - Optimal hub url from cli. https://hub-aps.browserstack.com/wd/hub
18:44:43.284 [setUpDriver@2] DEBUG c.browserstack.utils.UtilityMethods - [Patch]: SDK enabled, patching remote server
18:44:43.293 [setUpDriver@1] DEBUG c.browserstack.utils.UtilityMethods - [Patch]: SDK enabled, patching remote server
18:44:43.293 [setUpDriver@0] DEBUG c.browserstack.utils.UtilityMethods - [Patch]: SDK enabled, patching remote server
18:44:43.386 [setUpDriver@2] INFO  c.b.v2.module.WebdriverModule - beforeCommandExecute: event=com.browserstack.v2.eventBus.Event@324bc5cc
18:44:43.386 [setUpDriver@0] INFO  c.b.v2.module.WebdriverModule - beforeCommandExecute: event=com.browserstack.v2.eventBus.Event@557e66a4
18:44:43.390 [setUpDriver@1] INFO  c.b.v2.module.WebdriverModule - beforeCommandExecute: event=com.browserstack.v2.eventBus.Event@691d524f
18:44:43.490 [setUpDriver@1] DEBUG c.browserstack.utils.UtilityMethods - [Patch]: Error while performing execute command with error Could not start a new session. Possible causes are invalid address of the remote server or browser start-up failure. 
Host info: host: 'DESKTOP-FRC4SK8', ip: '192.168.1.8'
Build info: version: '4.43.0', revision: 'dd0f534'
System info: os.name: 'Windows 11', os.arch: 'amd64', os.version: '10.0', java.version: '21.0.8'
Driver info: io.appium.java_client.android.AndroidDriver
Command: [null, newSession {capabilities=[null]}]
Capabilities {}
18:44:43.492 [setUpDriver@2] DEBUG c.browserstack.utils.UtilityMethods - [Patch]: Error while performing execute command with error Could not start a new session. Possible causes are invalid address of the remote server or browser start-up failure. 
Host info: host: 'DESKTOP-FRC4SK8', ip: '192.168.1.8'
Build info: version: '4.43.0', revision: 'dd0f534'
System info: os.name: 'Windows 11', os.arch: 'amd64', os.version: '10.0', java.version: '21.0.8'
Driver info: io.appium.java_client.android.AndroidDriver
Command: [null, newSession {capabilities=[null]}]
Capabilities {}
18:44:43.492 [setUpDriver@2] INFO  c.b.v2.module.WebdriverModule - afterCommandExecute: event=com.browserstack.v2.eventBus.Event@2148393c
18:44:43.490 [setUpDriver@0] DEBUG c.browserstack.utils.UtilityMethods - [Patch]: Error while performing execute command with error Could not start a new session. Possible causes are invalid address of the remote server or browser start-up failure. 
Host info: host: 'DESKTOP-FRC4SK8', ip: '192.168.1.8'
Build info: version: '4.43.0', revision: 'dd0f534'
System info: os.name: 'Windows 11', os.arch: 'amd64', os.version: '10.0', java.version: '21.0.8'
Driver info: io.appium.java_client.android.AndroidDriver
Command: [null, newSession {capabilities=[null]}]
Capabilities {}
18:44:43.494 [setUpDriver@1] INFO  c.b.v2.module.WebdriverModule - afterCommandExecute: event=com.browserstack.v2.eventBus.Event@5ab91188
18:44:43.495 [setUpDriver@1] INFO  c.b.v2.module.ObservabilityModule - THREAD ID Inside Process= 1
18:44:43.495 [setUpDriver@0] INFO  c.b.v2.module.WebdriverModule - afterCommandExecute: event=com.browserstack.v2.eventBus.Event@74fc9066
18:44:43.496 [setUpDriver@0] INFO  c.b.v2.module.ObservabilityModule - THREAD ID Inside Process= 0
18:44:43.497 [setUpDriver@0] INFO  c.b.v2.module.ObservabilityModule - Processing TestLevel attachments from directory: C:\Users\MSUSERSL123\.browserstack\UploadedAttachments-0\TestLevel
18:44:43.501 [setUpDriver@2] INFO  c.b.v2.module.ObservabilityModule - THREAD ID Inside Process= 2
18:44:43.501 [setUpDriver@2] INFO  c.b.v2.module.ObservabilityModule - Processing TestLevel attachments from directory: C:\Users\MSUSERSL123\.browserstack\UploadedAttachments-2\TestLevel
18:44:43.496 [setUpDriver@1] INFO  c.b.v2.module.ObservabilityModule - Processing TestLevel attachments from directory: C:\Users\MSUSERSL123\.browserstack\UploadedAttachments-1\TestLevel
18:44:43.507 [setUpDriver@1] INFO  c.b.v2.module.ObservabilityModule - Processing BuildLevel attachments from directory: C:\Users\MSUSERSL123\.browserstack\UploadedAttachments-1\BuildLevel
18:44:43.508 [setUpDriver@0] INFO  c.b.v2.module.ObservabilityModule - Processing BuildLevel attachments from directory: C:\Users\MSUSERSL123\.browserstack\UploadedAttachments-0\BuildLevel
18:44:43.508 [setUpDriver@2] INFO  c.b.v2.module.ObservabilityModule - Processing BuildLevel attachments from directory: C:\Users\MSUSERSL123\.browserstack\UploadedAttachments-2\BuildLevel
18:44:43.510 [setUpDriver@2] INFO  c.b.v2.module.ObservabilityModule - Processing attachments eventLogs: []
18:44:43.510 [setUpDriver@0] INFO  c.b.v2.module.ObservabilityModule - Processing attachments eventLogs: []
18:44:43.513 [setUpDriver@0] INFO  c.b.v2.module.ObservabilityModule - sendLogCreatedEvent: No Log Events to send
18:44:43.513 [setUpDriver@2] INFO  c.b.v2.module.ObservabilityModule - sendLogCreatedEvent: No Log Events to send
18:44:43.514 [setUpDriver@1] INFO  c.b.v2.module.ObservabilityModule - Processing attachments eventLogs: []
18:44:43.514 [setUpDriver@1] INFO  c.b.v2.module.ObservabilityModule - sendLogCreatedEvent: No Log Events to send
18:44:43.546 [setUpDriver@0] INFO  c.b.v2.module.WebdriverModule - onDriverQuit: event=com.browserstack.v2.eventBus.Event@71513742
18:44:43.547 [setUpDriver@1] INFO  c.b.v2.module.WebdriverModule - onDriverQuit: event=com.browserstack.v2.eventBus.Event@3b95d27d
18:44:43.547 [setUpDriver@2] INFO  c.b.v2.module.WebdriverModule - onDriverQuit: event=com.browserstack.v2.eventBus.Event@46c3dc8b
18:44:43.690 [setUpDriver@1] INFO  c.b.v2.framework.TestNgFramework - trackEvent: found instance, testFrameworkState=TestFrameworkState.BEFORE_METHOD hookState=HookState.POST instance=144836686
18:44:43.690 [setUpDriver@0] INFO  c.b.v2.framework.TestNgFramework - trackEvent: found instance, testFrameworkState=TestFrameworkState.BEFORE_METHOD hookState=HookState.POST instance=144835724
18:44:43.694 [setUpDriver@1] INFO  c.b.v2.framework.TestNgFramework - trackEvent: loaded common test data, testFrameworkState=TestFrameworkState.BEFORE_METHOD hookState=HookState.POST instance=144836686
18:44:43.697 [setUpDriver@1] INFO  c.b.v2.framework.TestNgFramework - trackEvent: track hook events
18:44:43.698 [setUpDriver@0] INFO  c.b.v2.framework.TestNgFramework - trackEvent: loaded common test data, testFrameworkState=TestFrameworkState.BEFORE_METHOD hookState=HookState.POST instance=144835724
18:44:43.698 [setUpDriver@0] INFO  c.b.v2.framework.TestNgFramework - trackEvent: track hook events
18:44:43.700 [setUpDriver@2] INFO  c.b.v2.framework.TestNgFramework - trackEvent: found instance, testFrameworkState=TestFrameworkState.BEFORE_METHOD hookState=HookState.POST instance=144837648
18:44:43.703 [setUpDriver@2] INFO  c.b.v2.framework.TestNgFramework - trackEvent: loaded common test data, testFrameworkState=TestFrameworkState.BEFORE_METHOD hookState=HookState.POST instance=144837648
18:44:43.705 [setUpDriver@1] DEBUG c.browserstack.utils.UtilityMethods - [findFileMatcher] Current Path is :: C:\Users\MSUSERSL123\eclipse-workspace\AppiumSession_Cloud, TestClass :: AndroidAppiumTests\E2EEcommTests_POM
18:44:43.703 [setUpDriver@2] INFO  c.b.v2.framework.TestNgFramework - trackEvent: track hook events
18:44:43.707 [setUpDriver@0] DEBUG c.browserstack.utils.UtilityMethods - [findFileMatcher] Current Path is :: C:\Users\MSUSERSL123\eclipse-workspace\AppiumSession_Cloud, TestClass :: AndroidAppiumTests\E2EEcommTests_POM
18:44:43.717 [setUpDriver@2] DEBUG c.browserstack.utils.UtilityMethods - [findFileMatcher] Current Path is :: C:\Users\MSUSERSL123\eclipse-workspace\AppiumSession_Cloud, TestClass :: AndroidAppiumTests\E2EEcommTests_POM
18:44:44.027 [setUpDriver@1] INFO  c.b.v2.framework.TestNgFramework - args CHECK = [TestResult name=setUpDriver status=FAILURE method=EcommBaseTest.setUpDriver()[pri:0, instance:AndroidAppiumTests.E2EEcommTests_POM@534e58b6] output={null}]
18:44:44.027 [setUpDriver@1] INFO  c.b.v2.framework.TestNgFramework - Hook List in Post [{hook_name=setUpDriver, hook_result=pending, test_file_path=AppiumSession_Cloud\src\test\java\AndroidAppiumTests\E2EEcommTests_POM.java, event_started_at=2026-04-20T18:44:39.791298100, hook_id=440c92b8-ad78-4e9d-95d3-ddd7ed6e3b43, hook_logs=[], key=BEFORE_METHOD, custom_metadata={}, test_location=AppiumSession_Cloud\src\test\java\AndroidAppiumTests\E2EEcommTests_POM.java}] and args = [[TestResult name=setUpDriver status=FAILURE method=EcommBaseTest.setUpDriver()[pri:0, instance:AndroidAppiumTests.E2EEcommTests_POM@534e58b6] output={null}], EcommBaseTest.setUpDriver()[pri:0, instance:AndroidAppiumTests.E2EEcommTests_POM@534e58b6]]
18:44:44.028 [setUpDriver@1] INFO  c.b.v2.framework.TestNgFramework - Processing HookLevel attachments from directory: C:\Users\MSUSERSL123\.browserstack\UploadedAttachments-1\HookLevel
18:44:44.028 [setUpDriver@1] INFO  c.b.v2.framework.TestNgFramework - Checking hookLevelFiles: []
18:44:44.028 [setUpDriver@1] INFO  c.b.v2.framework.TestNgFramework - checking Paths of files = C:\Users\MSUSERSL123\.browserstack\UploadedAttachments-1\HookLevel\BuildLevelHookEvent and abs path = C:\Users\MSUSERSL123\.browserstack\UploadedAttachments-1\HookLevel\BuildLevelHookEvent 
18:44:44.031 [setUpDriver@1] INFO  c.b.v2.framework.TestNgFramework - Processing BuildLevelHookEvent attachments from directory: C:\Users\MSUSERSL123\.browserstack\UploadedAttachments-1\HookLevel\BuildLevelHookEvent
18:44:44.032 [setUpDriver@1] INFO  c.b.v2.framework.TestNgFramework - Processing TestLevel attachments eventLogs: []
18:44:44.032 [setUpDriver@1] INFO  c.b.v2.framework.TestNgFramework - sendLogCreatedEvent: No Log Events to send
18:44:44.036 [setUpDriver@1] INFO  c.b.v2.framework.TestNgFramework - trackHookEvents: hook state=BEFORE_METHOD.HookState.POST , hooks started={BEFORE_METHOD=[], BEFORE_CLASS=[]} , hooks finished={BEFORE_METHOD=[{hook_name=setUpDriver, hook_result=failed, test_file_path=AppiumSession_Cloud\src\test\java\AndroidAppiumTests\E2EEcommTests_POM.java, event_started_at=2026-04-20T18:44:39.791298100, hook_id=440c92b8-ad78-4e9d-95d3-ddd7ed6e3b43, hook_logs=[], logs=[], key=BEFORE_METHOD, custom_metadata={}, event_ended_at=2026-04-20T18:44:44.027690300, test_location=AppiumSession_Cloud\src\test\java\AndroidAppiumTests\E2EEcommTests_POM.java}], BEFORE_CLASS=[{hook_name=configureAppium, hook_result=passed, test_file_path=AppiumSession_Cloud\src\test\java\AndroidAppiumTests\E2EEcommTests_POM.java, event_started_at=2026-04-20T18:44:36.605589800, hook_id=8033505f-e36e-43c2-92e8-cdbd8f8e04ab, hook_logs=[], logs=[], key=BEFORE_CLASS, custom_metadata={}, event_ended_at=2026-04-20T18:44:39.347822600, test_location=AppiumSession_Cloud\src\test\java\AndroidAppiumTests\E2EEcommTests_POM.java}]}
18:44:44.038 [setUpDriver@0] INFO  c.b.v2.framework.TestNgFramework - args CHECK = [TestResult name=setUpDriver status=FAILURE method=EcommBaseTest.setUpDriver()[pri:0, instance:AndroidAppiumTests.E2EEcommTests_POM@5981f4a6] output={null}]
18:44:44.039 [setUpDriver@0] INFO  c.b.v2.framework.TestNgFramework - Hook List in Post [{hook_name=setUpDriver, hook_result=pending, test_file_path=AppiumSession_Cloud\src\test\java\AndroidAppiumTests\E2EEcommTests_POM.java, event_started_at=2026-04-20T18:44:39.818547100, hook_id=bd011313-280e-499d-9944-057e9fa83b6d, hook_logs=[], key=BEFORE_METHOD, custom_metadata={}, test_location=AppiumSession_Cloud\src\test\java\AndroidAppiumTests\E2EEcommTests_POM.java}] and args = [[TestResult name=setUpDriver status=FAILURE method=EcommBaseTest.setUpDriver()[pri:0, instance:AndroidAppiumTests.E2EEcommTests_POM@5981f4a6] output={null}], EcommBaseTest.setUpDriver()[pri:0, instance:AndroidAppiumTests.E2EEcommTests_POM@5981f4a6]]
18:44:44.040 [setUpDriver@0] INFO  c.b.v2.framework.TestNgFramework - Processing HookLevel attachments from directory: C:\Users\MSUSERSL123\.browserstack\UploadedAttachments-0\HookLevel
18:44:44.040 [setUpDriver@0] INFO  c.b.v2.framework.TestNgFramework - Checking hookLevelFiles: []
18:44:44.040 [setUpDriver@0] INFO  c.b.v2.framework.TestNgFramework - checking Paths of files = C:\Users\MSUSERSL123\.browserstack\UploadedAttachments-0\HookLevel\BuildLevelHookEvent and abs path = C:\Users\MSUSERSL123\.browserstack\UploadedAttachments-0\HookLevel\BuildLevelHookEvent 
18:44:44.042 [setUpDriver@2] INFO  c.b.v2.framework.TestNgFramework - args CHECK = [TestResult name=setUpDriver status=FAILURE method=EcommBaseTest.setUpDriver()[pri:0, instance:AndroidAppiumTests.E2EEcommTests_POM@1b495d4] output={null}]
18:44:44.046 [setUpDriver@2] INFO  c.b.v2.framework.TestNgFramework - Hook List in Post [{hook_name=setUpDriver, hook_result=pending, test_file_path=AppiumSession_Cloud\src\test\java\AndroidAppiumTests\E2EEcommTests_POM.java, event_started_at=2026-04-20T18:44:39.772388, hook_id=aeb73d93-51ff-472b-877f-d8fb86e85a74, hook_logs=[], key=BEFORE_METHOD, custom_metadata={}, test_location=AppiumSession_Cloud\src\test\java\AndroidAppiumTests\E2EEcommTests_POM.java}] and args = [[TestResult name=setUpDriver status=FAILURE method=EcommBaseTest.setUpDriver()[pri:0, instance:AndroidAppiumTests.E2EEcommTests_POM@1b495d4] output={null}], EcommBaseTest.setUpDriver()[pri:0, instance:AndroidAppiumTests.E2EEcommTests_POM@1b495d4]]
18:44:44.041 [setUpDriver@0] INFO  c.b.v2.framework.TestNgFramework - Processing BuildLevelHookEvent attachments from directory: C:\Users\MSUSERSL123\.browserstack\UploadedAttachments-0\HookLevel\BuildLevelHookEvent
18:44:44.047 [setUpDriver@2] INFO  c.b.v2.framework.TestNgFramework - Processing HookLevel attachments from directory: C:\Users\MSUSERSL123\.browserstack\UploadedAttachments-2\HookLevel
18:44:44.047 [setUpDriver@2] INFO  c.b.v2.framework.TestNgFramework - Checking hookLevelFiles: []
18:44:44.047 [setUpDriver@0] INFO  c.b.v2.framework.TestNgFramework - Processing TestLevel attachments eventLogs: []
18:44:44.048 [setUpDriver@0] INFO  c.b.v2.framework.TestNgFramework - sendLogCreatedEvent: No Log Events to send
18:44:44.048 [setUpDriver@0] INFO  c.b.v2.framework.TestNgFramework - trackHookEvents: hook state=BEFORE_METHOD.HookState.POST , hooks started={BEFORE_METHOD=[], BEFORE_CLASS=[]} , hooks finished={BEFORE_METHOD=[{hook_name=setUpDriver, hook_result=failed, test_file_path=AppiumSession_Cloud\src\test\java\AndroidAppiumTests\E2EEcommTests_POM.java, event_started_at=2026-04-20T18:44:39.818547100, hook_id=bd011313-280e-499d-9944-057e9fa83b6d, hook_logs=[], logs=[], key=BEFORE_METHOD, custom_metadata={}, event_ended_at=2026-04-20T18:44:44.039283, test_location=AppiumSession_Cloud\src\test\java\AndroidAppiumTests\E2EEcommTests_POM.java}], BEFORE_CLASS=[{hook_name=configureAppium, hook_result=passed, test_file_path=AppiumSession_Cloud\src\test\java\AndroidAppiumTests\E2EEcommTests_POM.java, event_started_at=2026-04-20T18:44:36.605589800, hook_id=c0f247b9-b8b0-46d1-91c9-e3eca6758b27, hook_logs=[], logs=[], key=BEFORE_CLASS, custom_metadata={}, event_ended_at=2026-04-20T18:44:39.304765300, test_location=AppiumSession_Cloud\src\test\java\AndroidAppiumTests\E2EEcommTests_POM.java}]}
18:44:44.048 [setUpDriver@2] INFO  c.b.v2.framework.TestNgFramework - checking Paths of files = C:\Users\MSUSERSL123\.browserstack\UploadedAttachments-2\HookLevel\BuildLevelHookEvent and abs path = C:\Users\MSUSERSL123\.browserstack\UploadedAttachments-2\HookLevel\BuildLevelHookEvent 
18:44:44.049 [setUpDriver@2] INFO  c.b.v2.framework.TestNgFramework - Processing BuildLevelHookEvent attachments from directory: C:\Users\MSUSERSL123\.browserstack\UploadedAttachments-2\HookLevel\BuildLevelHookEvent
18:44:44.050 [setUpDriver@2] INFO  c.b.v2.framework.TestNgFramework - Processing TestLevel attachments eventLogs: []
18:44:44.050 [setUpDriver@2] INFO  c.b.v2.framework.TestNgFramework - sendLogCreatedEvent: No Log Events to send
18:44:44.051 [setUpDriver@2] INFO  c.b.v2.framework.TestNgFramework - trackHookEvents: hook state=BEFORE_METHOD.HookState.POST , hooks started={BEFORE_METHOD=[], BEFORE_CLASS=[]} , hooks finished={BEFORE_METHOD=[{hook_name=setUpDriver, hook_result=failed, test_file_path=AppiumSession_Cloud\src\test\java\AndroidAppiumTests\E2EEcommTests_POM.java, event_started_at=2026-04-20T18:44:39.772388, hook_id=aeb73d93-51ff-472b-877f-d8fb86e85a74, hook_logs=[], logs=[], key=BEFORE_METHOD, custom_metadata={}, event_ended_at=2026-04-20T18:44:44.047484400, test_location=AppiumSession_Cloud\src\test\java\AndroidAppiumTests\E2EEcommTests_POM.java}], BEFORE_CLASS=[{hook_name=configureAppium, hook_result=passed, test_file_path=AppiumSession_Cloud\src\test\java\AndroidAppiumTests\E2EEcommTests_POM.java, event_started_at=2026-04-20T18:44:36.605589800, hook_id=739b6403-a663-495f-a2eb-3d65c8d8e040, hook_logs=[], logs=[], key=BEFORE_CLASS, custom_metadata={}, event_ended_at=2026-04-20T18:44:39.326691200, test_location=AppiumSession_Cloud\src\test\java\AndroidAppiumTests\E2EEcommTests_POM.java}]}
18:44:44.093 [setUpDriver@1] INFO  c.b.v2.module.TestHubModule - sendTestFrameworkEvent: event=com.browserstack.v2.eventBus.Event@ffb8a56, response=success: true

18:44:44.094 [setUpDriver@0] INFO  c.b.v2.module.TestHubModule - sendTestFrameworkEvent: event=com.browserstack.v2.eventBus.Event@6ad9d969, response=success: true

18:44:44.093 [setUpDriver@2] INFO  c.b.v2.module.TestHubModule - sendTestFrameworkEvent: event=com.browserstack.v2.eventBus.Event@36150f38, response=success: true

18:44:44.127 [setUpDriver@1] INFO  c.b.v2.framework.TestNgFramework - trackEvent: found instance, testFrameworkState=TestFrameworkState.TEST hookState=HookState.PRE instance=144836686
18:44:44.127 [setUpDriver@2] INFO  c.b.v2.framework.TestNgFramework - trackEvent: found instance, testFrameworkState=TestFrameworkState.TEST hookState=HookState.PRE instance=144837648
18:44:44.127 [setUpDriver@0] INFO  c.b.v2.framework.TestNgFramework - trackEvent: found instance, testFrameworkState=TestFrameworkState.TEST hookState=HookState.PRE instance=144835724
18:44:44.133 [setUpDriver@2] DEBUG c.browserstack.utils.UtilityMethods - [findFileMatcher] Current Path is :: C:\Users\MSUSERSL123\eclipse-workspace\AppiumSession_Cloud, TestClass :: AndroidAppiumTests\E2EEcommTests_POM
18:44:44.135 [setUpDriver@1] DEBUG c.browserstack.utils.UtilityMethods - [findFileMatcher] Current Path is :: C:\Users\MSUSERSL123\eclipse-workspace\AppiumSession_Cloud, TestClass :: AndroidAppiumTests\E2EEcommTests_POM
18:44:44.142 [setUpDriver@0] DEBUG c.browserstack.utils.UtilityMethods - [findFileMatcher] Current Path is :: C:\Users\MSUSERSL123\eclipse-workspace\AppiumSession_Cloud, TestClass :: AndroidAppiumTests\E2EEcommTests_POM
18:44:44.493 [setUpDriver@2] INFO  c.b.v2.framework.TestNgFramework - trackEvent: loaded initial test data to instance, testFrameworkState=TestFrameworkState.TEST hookState=HookState.PRE instance=144837648 instanceThreadId=50 testResult=LongPressTest-2 testData={test_uuid=09762bfa-6d2c-4a91-9624-a95a3e9d877c, test_file_path=src\test\java\AndroidAppiumTests\E2EEcommTests_POM.java, test_scope=AppiumE2EEcommTest.AndroidAppiumTests.E2EEcommTests_POM, test_meta={}, test_scopes=[AppiumE2EEcommTest, AndroidAppiumTests.E2EEcommTests_POM], test_code=public void AndroidAppiumTests.E2EEcommTests_POM.validateToastMessage(), test_session_name=AndroidAppiumTests.E2EEcommTests_POM-validateToastMessage, test_name=validateToastMessage, test_tags=, custom_metadata={}, test_id=LongPressTest-2@2, test_location=src\test\java\AndroidAppiumTests\E2EEcommTests_POM.java}
18:44:44.494 [setUpDriver@2] INFO  c.b.v2.module.WebdriverModule - onBeforeTest: event=com.browserstack.v2.eventBus.Event@43abb293
18:44:44.494 [setUpDriver@2] INFO  c.b.v2.module.TestHubModule - onBeforeTest: event={com.browserstack.v2.eventBus.Event@43abb293}
18:44:44.496 [setUpDriver@0] INFO  c.b.v2.framework.TestNgFramework - trackEvent: loaded initial test data to instance, testFrameworkState=TestFrameworkState.TEST hookState=HookState.PRE instance=144835724 instanceThreadId=48 testResult=LongPressTest-0 testData={test_uuid=56aab7a8-fe86-41ea-adf8-85a150157b1b, test_file_path=src\test\java\AndroidAppiumTests\E2EEcommTests_POM.java, test_scope=AppiumE2EEcommTest.AndroidAppiumTests.E2EEcommTests_POM, test_meta={}, test_scopes=[AppiumE2EEcommTest, AndroidAppiumTests.E2EEcommTests_POM], test_code=public void AndroidAppiumTests.E2EEcommTests_POM.validateToastMessage(), test_session_name=AndroidAppiumTests.E2EEcommTests_POM-validateToastMessage, test_name=validateToastMessage, test_tags=, custom_metadata={}, test_id=LongPressTest-0@0, test_location=src\test\java\AndroidAppiumTests\E2EEcommTests_POM.java}
18:44:44.497 [setUpDriver@0] INFO  c.b.v2.module.WebdriverModule - onBeforeTest: event=com.browserstack.v2.eventBus.Event@6f4f0a69
18:44:44.497 [setUpDriver@0] INFO  c.b.v2.module.TestHubModule - onBeforeTest: event={com.browserstack.v2.eventBus.Event@6f4f0a69}
18:44:44.532 [setUpDriver@1] INFO  c.b.v2.framework.TestNgFramework - trackEvent: loaded initial test data to instance, testFrameworkState=TestFrameworkState.TEST hookState=HookState.PRE instance=144836686 instanceThreadId=49 testResult=LongPressTest-1 testData={test_uuid=6f106a1a-9a6c-4e02-98b1-d67b9ecb4ffc, test_file_path=src\test\java\AndroidAppiumTests\E2EEcommTests_POM.java, test_scope=AppiumE2EEcommTest.AndroidAppiumTests.E2EEcommTests_POM, test_meta={}, test_scopes=[AppiumE2EEcommTest, AndroidAppiumTests.E2EEcommTests_POM], test_code=public void AndroidAppiumTests.E2EEcommTests_POM.validateToastMessage(), test_session_name=AndroidAppiumTests.E2EEcommTests_POM-validateToastMessage, test_name=validateToastMessage, test_tags=, custom_metadata={}, test_id=LongPressTest-1@1, test_location=src\test\java\AndroidAppiumTests\E2EEcommTests_POM.java}
18:44:44.533 [setUpDriver@1] INFO  c.b.v2.module.WebdriverModule - onBeforeTest: event=com.browserstack.v2.eventBus.Event@4b09db00
18:44:44.533 [setUpDriver@1] INFO  c.b.v2.module.TestHubModule - onBeforeTest: event={com.browserstack.v2.eventBus.Event@4b09db00}
18:44:44.866 [setUpDriver@2] INFO  c.b.v2.module.TestHubModule - sendTestSessionEvent: event=com.browserstack.v2.eventBus.Event@43abb293, response=success: true

18:44:44.864 [setUpDriver@1] INFO  c.b.v2.module.TestHubModule - sendTestSessionEvent: event=com.browserstack.v2.eventBus.Event@4b09db00, response=success: true

18:44:44.863 [setUpDriver@0] INFO  c.b.v2.module.TestHubModule - sendTestSessionEvent: event=com.browserstack.v2.eventBus.Event@6f4f0a69, response=success: true

18:44:44.939 [setUpDriver@2] INFO  c.b.v2.module.TestHubModule - sendTestFrameworkEvent: event=com.browserstack.v2.eventBus.Event@43abb293, response=success: true

18:44:44.939 [setUpDriver@0] INFO  c.b.v2.module.TestHubModule - sendTestFrameworkEvent: event=com.browserstack.v2.eventBus.Event@6f4f0a69, response=success: true

18:44:44.940 [setUpDriver@1] INFO  c.b.v2.module.TestHubModule - sendTestFrameworkEvent: event=com.browserstack.v2.eventBus.Event@4b09db00, response=success: true

18:44:44.940 [setUpDriver@0] INFO  c.b.v2.module.ObservabilityModule - onBeforeTest: event={instance=com.browserstack.v2.instance.TestFrameworkInstance@499a3de7, testFrameworkState=TestFrameworkState.TEST, testInstance=com.browserstack.v2.instance.TestFrameworkInstance@499a3de7, autoInstance=[com.browserstack.v2.instance.SeleniumInstance@a073b3f], hookState=HookState.PRE}
18:44:44.940 [setUpDriver@2] INFO  c.b.v2.module.ObservabilityModule - onBeforeTest: event={instance=com.browserstack.v2.instance.TestFrameworkInstance@6d878c72, testFrameworkState=TestFrameworkState.TEST, testInstance=com.browserstack.v2.instance.TestFrameworkInstance@6d878c72, autoInstance=[com.browserstack.v2.instance.SeleniumInstance@41e16dc0], hookState=HookState.PRE}
18:44:44.943 [setUpDriver@0] INFO  c.b.v2.module.ObservabilityModule - performTestReportingSync: Performing TEST REPORTING AND ANALYTICS Sync
18:44:44.945 [setUpDriver@2] INFO  c.b.v2.module.ObservabilityModule - performTestReportingSync: Performing TEST REPORTING AND ANALYTICS Sync
18:44:44.945 [setUpDriver@1] INFO  c.b.v2.module.ObservabilityModule - onBeforeTest: event={instance=com.browserstack.v2.instance.TestFrameworkInstance@461c38ae, testFrameworkState=TestFrameworkState.TEST, testInstance=com.browserstack.v2.instance.TestFrameworkInstance@461c38ae, autoInstance=[com.browserstack.v2.instance.SeleniumInstance@49007426], hookState=HookState.PRE}
18:44:44.946 [setUpDriver@1] INFO  c.b.v2.module.ObservabilityModule - performTestReportingSync: Performing TEST REPORTING AND ANALYTICS Sync
18:44:44.978 [validateToastMessage@0] INFO  c.b.v2.framework.TestNgFramework - trackEvent: found instance, testFrameworkState=TestFrameworkState.LOG hookState=HookState.PRE instance=144835724
18:44:44.978 [validateToastMessage@0] INFO  c.b.v2.framework.TestNgFramework - trackEvent: load log entries
18:44:45.049 [validateToastMessage@0] INFO  c.b.v2.module.TestHubModule - sendLogCreatedEvent: event=com.browserstack.v2.eventBus.Event@51c3d138, response=success: true

18:44:45.050 [validateToastMessage@0] INFO  c.b.v2.module.TestHubModule - sendLogCreatedEvent: event=com.browserstack.v2.eventBus.Event@51c3d138
18:44:45.055 [validateToastMessage@2] INFO  c.b.v2.framework.TestNgFramework - trackEvent: found instance, testFrameworkState=TestFrameworkState.LOG hookState=HookState.PRE instance=144837648
18:44:45.055 [validateToastMessage@2] INFO  c.b.v2.framework.TestNgFramework - trackEvent: load log entries
18:44:45.057 [validateToastMessage@0] INFO  c.b.v2.framework.TestNgFramework - trackEvent: found instance, testFrameworkState=TestFrameworkState.LOG_REPORT hookState=HookState.PRE instance=144835724
18:44:45.057 [validateToastMessage@0] INFO  c.b.v2.framework.TestNgFramework - trackEvent: found instance, testFrameworkState=TestFrameworkState.LOG_REPORT hookState=HookState.POST instance=144835724
18:44:45.057 [validateToastMessage@0] INFO  c.b.v2.framework.TestNgFramework - trackEvent: load test results
18:44:45.064 [validateToastMessage@0] INFO  c.b.v2.framework.TestNgFramework - trackEvent: found instance, testFrameworkState=TestFrameworkState.TEST hookState=HookState.POST instance=144835724
18:44:45.068 [validateToastMessage@0] INFO  c.b.v2.module.WebdriverModule - onAfterTest: event=com.browserstack.v2.eventBus.Event@e4343ff
18:44:45.068 [validateToastMessage@0] INFO  c.b.utils.SeleniumMethodUtils - Session Name ID status marking: 
18:44:45.089 [validateToastMessage@2] INFO  c.b.v2.module.TestHubModule - sendLogCreatedEvent: event=com.browserstack.v2.eventBus.Event@51ad1062, response=success: true

18:44:45.091 [validateToastMessage@2] INFO  c.b.v2.module.TestHubModule - sendLogCreatedEvent: event=com.browserstack.v2.eventBus.Event@51ad1062
18:44:45.094 [validateToastMessage@1] INFO  c.b.v2.framework.TestNgFramework - trackEvent: found instance, testFrameworkState=TestFrameworkState.LOG hookState=HookState.PRE instance=144836686
18:44:45.094 [validateToastMessage@1] INFO  c.b.v2.framework.TestNgFramework - trackEvent: load log entries
18:44:45.100 [validateToastMessage@2] INFO  c.b.v2.framework.TestNgFramework - trackEvent: found instance, testFrameworkState=TestFrameworkState.LOG_REPORT hookState=HookState.PRE instance=144837648
18:44:45.101 [validateToastMessage@2] INFO  c.b.v2.framework.TestNgFramework - trackEvent: found instance, testFrameworkState=TestFrameworkState.LOG_REPORT hookState=HookState.POST instance=144837648
18:44:45.101 [validateToastMessage@2] INFO  c.b.v2.framework.TestNgFramework - trackEvent: load test results
18:44:45.113 [validateToastMessage@2] INFO  c.b.v2.framework.TestNgFramework - trackEvent: found instance, testFrameworkState=TestFrameworkState.TEST hookState=HookState.POST instance=144837648
18:44:45.113 [validateToastMessage@2] INFO  c.b.v2.module.WebdriverModule - onAfterTest: event=com.browserstack.v2.eventBus.Event@42d96136
18:44:45.114 [validateToastMessage@2] INFO  c.b.utils.SeleniumMethodUtils - Session Name ID status marking: 
18:44:45.126 [validateToastMessage@1] INFO  c.b.v2.module.TestHubModule - sendLogCreatedEvent: event=com.browserstack.v2.eventBus.Event@704417a4, response=success: true

18:44:45.126 [validateToastMessage@1] INFO  c.b.v2.module.TestHubModule - sendLogCreatedEvent: event=com.browserstack.v2.eventBus.Event@704417a4
18:44:45.140 [validateToastMessage@1] INFO  c.b.v2.framework.TestNgFramework - trackEvent: found instance, testFrameworkState=TestFrameworkState.LOG_REPORT hookState=HookState.PRE instance=144836686
18:44:45.141 [validateToastMessage@1] INFO  c.b.v2.framework.TestNgFramework - trackEvent: found instance, testFrameworkState=TestFrameworkState.LOG_REPORT hookState=HookState.POST instance=144836686
18:44:45.141 [validateToastMessage@1] INFO  c.b.v2.framework.TestNgFramework - trackEvent: load test results
18:44:45.155 [validateToastMessage@1] INFO  c.b.v2.framework.TestNgFramework - trackEvent: found instance, testFrameworkState=TestFrameworkState.TEST hookState=HookState.POST instance=144836686
18:44:45.162 [validateToastMessage@1] INFO  c.b.v2.module.WebdriverModule - onAfterTest: event=com.browserstack.v2.eventBus.Event@4d801090
18:44:45.163 [validateToastMessage@1] INFO  c.b.utils.SeleniumMethodUtils - Session Name ID status marking: 
18:44:45.477 [validateToastMessage@0] INFO  c.b.utils.SeleniumMethodUtils - Session ID status marking: 
18:44:45.590 [validateToastMessage@2] INFO  c.b.utils.SeleniumMethodUtils - Session ID status marking: 
18:44:45.622 [validateToastMessage@1] INFO  c.b.utils.SeleniumMethodUtils - Session ID status marking: 
18:44:45.919 [validateToastMessage@0] INFO  c.b.v2.module.TestHubModule - sendTestFrameworkEvent: event=com.browserstack.v2.eventBus.Event@e4343ff, response=success: true

18:44:45.941 [validateToastMessage@0] INFO  c.b.v2.framework.TestNgFramework - trackEvent: found instance, testFrameworkState=TestFrameworkState.AFTER_METHOD hookState=HookState.PRE instance=144835724
18:44:45.941 [validateToastMessage@0] INFO  c.b.v2.framework.TestNgFramework - trackEvent: track hook events
18:44:45.942 [validateToastMessage@2] INFO  c.b.v2.module.TestHubModule - sendTestFrameworkEvent: event=com.browserstack.v2.eventBus.Event@42d96136, response=success: true

18:44:45.941 [validateToastMessage@0] DEBUG c.browserstack.utils.UtilityMethods - [findFileMatcher] Current Path is :: C:\Users\MSUSERSL123\eclipse-workspace\AppiumSession_Cloud, TestClass :: AndroidAppiumTests\E2EEcommTests_POM
18:44:45.973 [validateToastMessage@2] INFO  c.b.v2.framework.TestNgFramework - trackEvent: found instance, testFrameworkState=TestFrameworkState.AFTER_METHOD hookState=HookState.PRE instance=144837648
18:44:45.977 [validateToastMessage@2] INFO  c.b.v2.framework.TestNgFramework - trackEvent: track hook events
18:44:45.977 [validateToastMessage@2] DEBUG c.browserstack.utils.UtilityMethods - [findFileMatcher] Current Path is :: C:\Users\MSUSERSL123\eclipse-workspace\AppiumSession_Cloud, TestClass :: AndroidAppiumTests\E2EEcommTests_POM
18:44:46.019 [validateToastMessage@1] INFO  c.b.v2.module.TestHubModule - sendTestFrameworkEvent: event=com.browserstack.v2.eventBus.Event@4d801090, response=success: true

18:44:46.034 [validateToastMessage@1] INFO  c.b.v2.framework.TestNgFramework - trackEvent: found instance, testFrameworkState=TestFrameworkState.AFTER_METHOD hookState=HookState.PRE instance=144836686
18:44:46.034 [validateToastMessage@1] INFO  c.b.v2.framework.TestNgFramework - trackEvent: track hook events
18:44:46.035 [validateToastMessage@1] DEBUG c.browserstack.utils.UtilityMethods - [findFileMatcher] Current Path is :: C:\Users\MSUSERSL123\eclipse-workspace\AppiumSession_Cloud, TestClass :: AndroidAppiumTests\E2EEcommTests_POM
18:44:46.236 [validateToastMessage@2] INFO  c.b.v2.framework.TestNgFramework - args CHECK = [TestResult name=quitDriver status=SKIP method=EcommBaseTest.quitDriver()[pri:0, instance:AndroidAppiumTests.E2EEcommTests_POM@1b495d4] output={null}]
18:44:46.236 [validateToastMessage@2] INFO  c.b.v2.framework.TestNgFramework - Hook Started in PRE key = AFTER_METHOD & hook = {hook_name=quitDriver, hook_result=pending, test_file_path=AppiumSession_Cloud\src\test\java\AndroidAppiumTests\E2EEcommTests_POM.java, event_started_at=2026-04-20T18:44:46.236668, hook_id=66d39be5-2cb3-407d-ad4b-ddcbcd56034a, hook_logs=[], key=AFTER_METHOD, custom_metadata={}, test_location=AppiumSession_Cloud\src\test\java\AndroidAppiumTests\E2EEcommTests_POM.java}  and args = [[TestResult name=quitDriver status=SKIP method=EcommBaseTest.quitDriver()[pri:0, instance:AndroidAppiumTests.E2EEcommTests_POM@1b495d4] output={null}], EcommBaseTest.quitDriver()[pri:0, instance:AndroidAppiumTests.E2EEcommTests_POM@1b495d4]]
18:44:46.237 [validateToastMessage@2] INFO  c.b.v2.framework.TestNgFramework - trackHookEvents: hook state=AFTER_METHOD.HookState.PRE , hooks started={AFTER_METHOD=[{hook_name=quitDriver, hook_result=pending, test_file_path=AppiumSession_Cloud\src\test\java\AndroidAppiumTests\E2EEcommTests_POM.java, event_started_at=2026-04-20T18:44:46.236668, hook_id=66d39be5-2cb3-407d-ad4b-ddcbcd56034a, hook_logs=[], key=AFTER_METHOD, custom_metadata={}, test_location=AppiumSession_Cloud\src\test\java\AndroidAppiumTests\E2EEcommTests_POM.java}]} , hooks finished={AFTER_METHOD=[]}
18:44:46.246 [validateToastMessage@2] INFO  c.b.v2.module.TestHubModule - Capturing CBT session for TestFrameworkState.AFTER_METHOD before driver.quit()
18:44:46.246 [validateToastMessage@2] INFO  c.b.v2.module.TestHubModule - Using hook UUID=66d39be5-2cb3-407d-ad4b-ddcbcd56034a for CBTSessionCreated (state=TestFrameworkState.AFTER_METHOD)
18:44:46.268 [validateToastMessage@2] INFO  c.b.v2.module.TestHubModule - sendTestSessionEvent: event=com.browserstack.v2.eventBus.Event@3fa494d2, response=success: true

18:44:46.274 [validateToastMessage@0] INFO  c.b.v2.framework.TestNgFramework - args CHECK = [TestResult name=quitDriver status=SKIP method=EcommBaseTest.quitDriver()[pri:0, instance:AndroidAppiumTests.E2EEcommTests_POM@5981f4a6] output={null}]
18:44:46.274 [validateToastMessage@0] INFO  c.b.v2.framework.TestNgFramework - Hook Started in PRE key = AFTER_METHOD & hook = {hook_name=quitDriver, hook_result=pending, test_file_path=AppiumSession_Cloud\src\test\java\AndroidAppiumTests\E2EEcommTests_POM.java, event_started_at=2026-04-20T18:44:46.274209300, hook_id=2bd0eaff-a6ab-406c-b77b-601ba9102fe6, hook_logs=[], key=AFTER_METHOD, custom_metadata={}, test_location=AppiumSession_Cloud\src\test\java\AndroidAppiumTests\E2EEcommTests_POM.java}  and args = [[TestResult name=quitDriver status=SKIP method=EcommBaseTest.quitDriver()[pri:0, instance:AndroidAppiumTests.E2EEcommTests_POM@5981f4a6] output={null}], EcommBaseTest.quitDriver()[pri:0, instance:AndroidAppiumTests.E2EEcommTests_POM@5981f4a6]]
18:44:46.279 [validateToastMessage@0] INFO  c.b.v2.framework.TestNgFramework - trackHookEvents: hook state=AFTER_METHOD.HookState.PRE , hooks started={AFTER_METHOD=[{hook_name=quitDriver, hook_result=pending, test_file_path=AppiumSession_Cloud\src\test\java\AndroidAppiumTests\E2EEcommTests_POM.java, event_started_at=2026-04-20T18:44:46.274209300, hook_id=2bd0eaff-a6ab-406c-b77b-601ba9102fe6, hook_logs=[], key=AFTER_METHOD, custom_metadata={}, test_location=AppiumSession_Cloud\src\test\java\AndroidAppiumTests\E2EEcommTests_POM.java}]} , hooks finished={AFTER_METHOD=[]}
18:44:46.280 [validateToastMessage@0] INFO  c.b.v2.module.TestHubModule - Capturing CBT session for TestFrameworkState.AFTER_METHOD before driver.quit()
18:44:46.280 [validateToastMessage@0] INFO  c.b.v2.module.TestHubModule - Using hook UUID=2bd0eaff-a6ab-406c-b77b-601ba9102fe6 for CBTSessionCreated (state=TestFrameworkState.AFTER_METHOD)
18:44:46.346 [validateToastMessage@2] INFO  c.b.v2.module.TestHubModule - sendTestFrameworkEvent: event=com.browserstack.v2.eventBus.Event@3fa494d2, response=success: true

18:44:46.347 [validateToastMessage@0] INFO  c.b.v2.module.TestHubModule - sendTestSessionEvent: event=com.browserstack.v2.eventBus.Event@25184a22, response=success: true

18:44:46.364 [quitDriver@2] INFO  c.b.v2.framework.TestNgFramework - trackEvent: found instance, testFrameworkState=TestFrameworkState.AFTER_METHOD hookState=HookState.POST instance=144837648
18:44:46.364 [quitDriver@2] INFO  c.b.v2.framework.TestNgFramework - trackEvent: track hook events
18:44:46.375 [quitDriver@2] DEBUG c.browserstack.utils.UtilityMethods - [findFileMatcher] Current Path is :: C:\Users\MSUSERSL123\eclipse-workspace\AppiumSession_Cloud, TestClass :: AndroidAppiumTests\E2EEcommTests_POM
18:44:46.391 [validateToastMessage@0] INFO  c.b.v2.module.TestHubModule - sendTestFrameworkEvent: event=com.browserstack.v2.eventBus.Event@25184a22, response=success: true

18:44:46.399 [quitDriver@0] INFO  c.b.v2.framework.TestNgFramework - trackEvent: found instance, testFrameworkState=TestFrameworkState.AFTER_METHOD hookState=HookState.POST instance=144835724
18:44:46.399 [quitDriver@0] INFO  c.b.v2.framework.TestNgFramework - trackEvent: track hook events
18:44:46.405 [quitDriver@0] DEBUG c.browserstack.utils.UtilityMethods - [findFileMatcher] Current Path is :: C:\Users\MSUSERSL123\eclipse-workspace\AppiumSession_Cloud, TestClass :: AndroidAppiumTests\E2EEcommTests_POM
18:44:46.427 [validateToastMessage@1] INFO  c.b.v2.framework.TestNgFramework - args CHECK = [TestResult name=quitDriver status=SKIP method=EcommBaseTest.quitDriver()[pri:0, instance:AndroidAppiumTests.E2EEcommTests_POM@534e58b6] output={null}]
18:44:46.427 [validateToastMessage@1] INFO  c.b.v2.framework.TestNgFramework - Hook Started in PRE key = AFTER_METHOD & hook = {hook_name=quitDriver, hook_result=pending, test_file_path=AppiumSession_Cloud\src\test\java\AndroidAppiumTests\E2EEcommTests_POM.java, event_started_at=2026-04-20T18:44:46.427519200, hook_id=cab96e3f-bb86-4943-92dd-a5822bf513b2, hook_logs=[], key=AFTER_METHOD, custom_metadata={}, test_location=AppiumSession_Cloud\src\test\java\AndroidAppiumTests\E2EEcommTests_POM.java}  and args = [[TestResult name=quitDriver status=SKIP method=EcommBaseTest.quitDriver()[pri:0, instance:AndroidAppiumTests.E2EEcommTests_POM@534e58b6] output={null}], EcommBaseTest.quitDriver()[pri:0, instance:AndroidAppiumTests.E2EEcommTests_POM@534e58b6]]
18:44:46.430 [validateToastMessage@1] INFO  c.b.v2.framework.TestNgFramework - trackHookEvents: hook state=AFTER_METHOD.HookState.PRE , hooks started={AFTER_METHOD=[{hook_name=quitDriver, hook_result=pending, test_file_path=AppiumSession_Cloud\src\test\java\AndroidAppiumTests\E2EEcommTests_POM.java, event_started_at=2026-04-20T18:44:46.427519200, hook_id=cab96e3f-bb86-4943-92dd-a5822bf513b2, hook_logs=[], key=AFTER_METHOD, custom_metadata={}, test_location=AppiumSession_Cloud\src\test\java\AndroidAppiumTests\E2EEcommTests_POM.java}]} , hooks finished={AFTER_METHOD=[]}
18:44:46.435 [validateToastMessage@1] INFO  c.b.v2.module.TestHubModule - Capturing CBT session for TestFrameworkState.AFTER_METHOD before driver.quit()
18:44:46.436 [validateToastMessage@1] INFO  c.b.v2.module.TestHubModule - Using hook UUID=cab96e3f-bb86-4943-92dd-a5822bf513b2 for CBTSessionCreated (state=TestFrameworkState.AFTER_METHOD)
18:44:46.462 [validateToastMessage@1] INFO  c.b.v2.module.TestHubModule - sendTestSessionEvent: event=com.browserstack.v2.eventBus.Event@5f4173b1, response=success: true

18:44:46.515 [validateToastMessage@1] INFO  c.b.v2.module.TestHubModule - sendTestFrameworkEvent: event=com.browserstack.v2.eventBus.Event@5f4173b1, response=success: true

18:44:46.524 [quitDriver@1] INFO  c.b.v2.framework.TestNgFramework - trackEvent: found instance, testFrameworkState=TestFrameworkState.AFTER_METHOD hookState=HookState.POST instance=144836686
18:44:46.524 [quitDriver@1] INFO  c.b.v2.framework.TestNgFramework - trackEvent: track hook events
18:44:46.538 [quitDriver@1] DEBUG c.browserstack.utils.UtilityMethods - [findFileMatcher] Current Path is :: C:\Users\MSUSERSL123\eclipse-workspace\AppiumSession_Cloud, TestClass :: AndroidAppiumTests\E2EEcommTests_POM
18:44:46.688 [quitDriver@2] INFO  c.b.v2.framework.TestNgFramework - args CHECK = [TestResult name=quitDriver status=SKIP method=EcommBaseTest.quitDriver()[pri:0, instance:AndroidAppiumTests.E2EEcommTests_POM@1b495d4] output={null}]
18:44:46.690 [quitDriver@2] INFO  c.b.v2.framework.TestNgFramework - Hook List in Post [{hook_name=quitDriver, hook_result=pending, test_file_path=AppiumSession_Cloud\src\test\java\AndroidAppiumTests\E2EEcommTests_POM.java, event_started_at=2026-04-20T18:44:46.236668, hook_id=66d39be5-2cb3-407d-ad4b-ddcbcd56034a, hook_logs=[], key=AFTER_METHOD, custom_metadata={}, test_location=AppiumSession_Cloud\src\test\java\AndroidAppiumTests\E2EEcommTests_POM.java}] and args = [[TestResult name=quitDriver status=SKIP method=EcommBaseTest.quitDriver()[pri:0, instance:AndroidAppiumTests.E2EEcommTests_POM@1b495d4] output={null}], EcommBaseTest.quitDriver()[pri:0, instance:AndroidAppiumTests.E2EEcommTests_POM@1b495d4]]
18:44:46.687 [quitDriver@0] INFO  c.b.v2.framework.TestNgFramework - args CHECK = [TestResult name=quitDriver status=SKIP method=EcommBaseTest.quitDriver()[pri:0, instance:AndroidAppiumTests.E2EEcommTests_POM@5981f4a6] output={null}]
18:44:46.690 [quitDriver@0] INFO  c.b.v2.framework.TestNgFramework - Hook List in Post [{hook_name=quitDriver, hook_result=pending, test_file_path=AppiumSession_Cloud\src\test\java\AndroidAppiumTests\E2EEcommTests_POM.java, event_started_at=2026-04-20T18:44:46.274209300, hook_id=2bd0eaff-a6ab-406c-b77b-601ba9102fe6, hook_logs=[], key=AFTER_METHOD, custom_metadata={}, test_location=AppiumSession_Cloud\src\test\java\AndroidAppiumTests\E2EEcommTests_POM.java}] and args = [[TestResult name=quitDriver status=SKIP method=EcommBaseTest.quitDriver()[pri:0, instance:AndroidAppiumTests.E2EEcommTests_POM@5981f4a6] output={null}], EcommBaseTest.quitDriver()[pri:0, instance:AndroidAppiumTests.E2EEcommTests_POM@5981f4a6]]
18:44:46.691 [quitDriver@2] INFO  c.b.v2.framework.TestNgFramework - Processing HookLevel attachments from directory: C:\Users\MSUSERSL123\.browserstack\UploadedAttachments-2\HookLevel
18:44:46.691 [quitDriver@0] INFO  c.b.v2.framework.TestNgFramework - Processing HookLevel attachments from directory: C:\Users\MSUSERSL123\.browserstack\UploadedAttachments-0\HookLevel
18:44:46.691 [quitDriver@2] INFO  c.b.v2.framework.TestNgFramework - Checking hookLevelFiles: []
18:44:46.691 [quitDriver@0] INFO  c.b.v2.framework.TestNgFramework - Checking hookLevelFiles: []
18:44:46.691 [quitDriver@2] INFO  c.b.v2.framework.TestNgFramework - checking Paths of files = C:\Users\MSUSERSL123\.browserstack\UploadedAttachments-2\HookLevel\BuildLevelHookEvent and abs path = C:\Users\MSUSERSL123\.browserstack\UploadedAttachments-2\HookLevel\BuildLevelHookEvent 
18:44:46.691 [quitDriver@0] INFO  c.b.v2.framework.TestNgFramework - checking Paths of files = C:\Users\MSUSERSL123\.browserstack\UploadedAttachments-0\HookLevel\BuildLevelHookEvent and abs path = C:\Users\MSUSERSL123\.browserstack\UploadedAttachments-0\HookLevel\BuildLevelHookEvent 
18:44:46.694 [quitDriver@0] INFO  c.b.v2.framework.TestNgFramework - Processing BuildLevelHookEvent attachments from directory: C:\Users\MSUSERSL123\.browserstack\UploadedAttachments-0\HookLevel\BuildLevelHookEvent
18:44:46.694 [quitDriver@0] INFO  c.b.v2.framework.TestNgFramework - Processing TestLevel attachments eventLogs: []
18:44:46.694 [quitDriver@0] INFO  c.b.v2.framework.TestNgFramework - sendLogCreatedEvent: No Log Events to send
18:44:46.694 [quitDriver@2] INFO  c.b.v2.framework.TestNgFramework - Processing BuildLevelHookEvent attachments from directory: C:\Users\MSUSERSL123\.browserstack\UploadedAttachments-2\HookLevel\BuildLevelHookEvent
18:44:46.695 [quitDriver@2] INFO  c.b.v2.framework.TestNgFramework - Processing TestLevel attachments eventLogs: []
18:44:46.695 [quitDriver@2] INFO  c.b.v2.framework.TestNgFramework - sendLogCreatedEvent: No Log Events to send
18:44:46.695 [quitDriver@2] INFO  c.b.v2.framework.TestNgFramework - trackHookEvents: hook state=AFTER_METHOD.HookState.POST , hooks started={AFTER_METHOD=[]} , hooks finished={AFTER_METHOD=[{hook_name=quitDriver, hook_result=skipped, test_file_path=AppiumSession_Cloud\src\test\java\AndroidAppiumTests\E2EEcommTests_POM.java, event_started_at=2026-04-20T18:44:46.236668, hook_id=66d39be5-2cb3-407d-ad4b-ddcbcd56034a, hook_logs=[], logs=[], key=AFTER_METHOD, custom_metadata={}, event_ended_at=2026-04-20T18:44:46.690634600, test_location=AppiumSession_Cloud\src\test\java\AndroidAppiumTests\E2EEcommTests_POM.java}]}
18:44:46.695 [quitDriver@0] INFO  c.b.v2.framework.TestNgFramework - trackHookEvents: hook state=AFTER_METHOD.HookState.POST , hooks started={AFTER_METHOD=[]} , hooks finished={AFTER_METHOD=[{hook_name=quitDriver, hook_result=skipped, test_file_path=AppiumSession_Cloud\src\test\java\AndroidAppiumTests\E2EEcommTests_POM.java, event_started_at=2026-04-20T18:44:46.274209300, hook_id=2bd0eaff-a6ab-406c-b77b-601ba9102fe6, hook_logs=[], logs=[], key=AFTER_METHOD, custom_metadata={}, event_ended_at=2026-04-20T18:44:46.690634600, test_location=AppiumSession_Cloud\src\test\java\AndroidAppiumTests\E2EEcommTests_POM.java}]}
18:44:46.731 [quitDriver@2] INFO  c.b.v2.module.TestHubModule - sendTestFrameworkEvent: event=com.browserstack.v2.eventBus.Event@318848b3, response=success: true

18:44:46.773 [quitDriver@0] INFO  c.b.v2.module.TestHubModule - sendTestFrameworkEvent: event=com.browserstack.v2.eventBus.Event@2149fa35, response=success: true

18:44:46.777 [quitDriver@2] INFO  c.b.v2.framework.TestNgFramework - trackTestNgTest: saved instance contextId=144837648 target=LongPressTest-2@2 instances=[48, 49, 144837648, 50, 144836686, 144835724]
18:44:46.777 [quitDriver@2] INFO  c.b.v2.framework.TestNgFramework - trackEvent: found instance, testFrameworkState=TestFrameworkState.BEFORE_METHOD hookState=HookState.PRE instance=144837648
18:44:46.777 [quitDriver@2] INFO  c.b.v2.framework.TestNgFramework - trackEvent: loaded common test data, testFrameworkState=TestFrameworkState.BEFORE_METHOD hookState=HookState.PRE instance=144837648
18:44:46.777 [quitDriver@2] INFO  c.b.v2.framework.TestNgFramework - trackEvent: track hook events
18:44:46.795 [quitDriver@0] INFO  c.b.v2.framework.TestNgFramework - trackTestNgTest: saved instance contextId=144835724 target=LongPressTest-0@0 instances=[48, 49, 144837648, 50, 144836686, 144835724]
18:44:46.796 [quitDriver@0] INFO  c.b.v2.framework.TestNgFramework - trackEvent: found instance, testFrameworkState=TestFrameworkState.BEFORE_METHOD hookState=HookState.PRE instance=144835724
18:44:46.797 [quitDriver@0] INFO  c.b.v2.framework.TestNgFramework - trackEvent: loaded common test data, testFrameworkState=TestFrameworkState.BEFORE_METHOD hookState=HookState.PRE instance=144835724
18:44:46.798 [quitDriver@0] INFO  c.b.v2.framework.TestNgFramework - trackEvent: track hook events
18:44:46.798 [quitDriver@2] DEBUG c.browserstack.utils.UtilityMethods - [findFileMatcher] Current Path is :: C:\Users\MSUSERSL123\eclipse-workspace\AppiumSession_Cloud, TestClass :: AndroidAppiumTests\E2EEcommTests_POM
18:44:46.801 [quitDriver@0] DEBUG c.browserstack.utils.UtilityMethods - [findFileMatcher] Current Path is :: C:\Users\MSUSERSL123\eclipse-workspace\AppiumSession_Cloud, TestClass :: AndroidAppiumTests\E2EEcommTests_POM
18:44:46.829 [quitDriver@1] INFO  c.b.v2.framework.TestNgFramework - args CHECK = [TestResult name=quitDriver status=SKIP method=EcommBaseTest.quitDriver()[pri:0, instance:AndroidAppiumTests.E2EEcommTests_POM@534e58b6] output={null}]
18:44:46.831 [quitDriver@1] INFO  c.b.v2.framework.TestNgFramework - Hook List in Post [{hook_name=quitDriver, hook_result=pending, test_file_path=AppiumSession_Cloud\src\test\java\AndroidAppiumTests\E2EEcommTests_POM.java, event_started_at=2026-04-20T18:44:46.427519200, hook_id=cab96e3f-bb86-4943-92dd-a5822bf513b2, hook_logs=[], key=AFTER_METHOD, custom_metadata={}, test_location=AppiumSession_Cloud\src\test\java\AndroidAppiumTests\E2EEcommTests_POM.java}] and args = [[TestResult name=quitDriver status=SKIP method=EcommBaseTest.quitDriver()[pri:0, instance:AndroidAppiumTests.E2EEcommTests_POM@534e58b6] output={null}], EcommBaseTest.quitDriver()[pri:0, instance:AndroidAppiumTests.E2EEcommTests_POM@534e58b6]]
18:44:46.831 [quitDriver@1] INFO  c.b.v2.framework.TestNgFramework - Processing HookLevel attachments from directory: C:\Users\MSUSERSL123\.browserstack\UploadedAttachments-1\HookLevel
18:44:46.831 [quitDriver@1] INFO  c.b.v2.framework.TestNgFramework - Checking hookLevelFiles: []
18:44:46.832 [quitDriver@1] INFO  c.b.v2.framework.TestNgFramework - checking Paths of files = C:\Users\MSUSERSL123\.browserstack\UploadedAttachments-1\HookLevel\BuildLevelHookEvent and abs path = C:\Users\MSUSERSL123\.browserstack\UploadedAttachments-1\HookLevel\BuildLevelHookEvent 
18:44:46.832 [quitDriver@1] INFO  c.b.v2.framework.TestNgFramework - Processing BuildLevelHookEvent attachments from directory: C:\Users\MSUSERSL123\.browserstack\UploadedAttachments-1\HookLevel\BuildLevelHookEvent
18:44:46.832 [quitDriver@1] INFO  c.b.v2.framework.TestNgFramework - Processing TestLevel attachments eventLogs: []
18:44:46.832 [quitDriver@1] INFO  c.b.v2.framework.TestNgFramework - sendLogCreatedEvent: No Log Events to send
18:44:46.832 [quitDriver@1] INFO  c.b.v2.framework.TestNgFramework - trackHookEvents: hook state=AFTER_METHOD.HookState.POST , hooks started={AFTER_METHOD=[]} , hooks finished={AFTER_METHOD=[{hook_name=quitDriver, hook_result=skipped, test_file_path=AppiumSession_Cloud\src\test\java\AndroidAppiumTests\E2EEcommTests_POM.java, event_started_at=2026-04-20T18:44:46.427519200, hook_id=cab96e3f-bb86-4943-92dd-a5822bf513b2, hook_logs=[], logs=[], key=AFTER_METHOD, custom_metadata={}, event_ended_at=2026-04-20T18:44:46.831508700, test_location=AppiumSession_Cloud\src\test\java\AndroidAppiumTests\E2EEcommTests_POM.java}]}
18:44:46.860 [quitDriver@1] INFO  c.b.v2.module.TestHubModule - sendTestFrameworkEvent: event=com.browserstack.v2.eventBus.Event@3a37b59, response=success: true

18:44:46.877 [quitDriver@1] INFO  c.b.v2.framework.TestNgFramework - trackTestNgTest: saved instance contextId=144836686 target=LongPressTest-1@1 instances=[48, 49, 144837648, 50, 144836686, 144835724]
18:44:46.877 [quitDriver@1] INFO  c.b.v2.framework.TestNgFramework - trackEvent: found instance, testFrameworkState=TestFrameworkState.BEFORE_METHOD hookState=HookState.PRE instance=144836686
18:44:46.877 [quitDriver@1] INFO  c.b.v2.framework.TestNgFramework - trackEvent: loaded common test data, testFrameworkState=TestFrameworkState.BEFORE_METHOD hookState=HookState.PRE instance=144836686
18:44:46.878 [quitDriver@1] INFO  c.b.v2.framework.TestNgFramework - trackEvent: track hook events
18:44:46.881 [quitDriver@1] DEBUG c.browserstack.utils.UtilityMethods - [findFileMatcher] Current Path is :: C:\Users\MSUSERSL123\eclipse-workspace\AppiumSession_Cloud, TestClass :: AndroidAppiumTests\E2EEcommTests_POM
18:44:47.042 [quitDriver@2] INFO  c.b.v2.framework.TestNgFramework - args CHECK = [TestResult name=setUpDriver status=SKIP method=EcommBaseTest.setUpDriver()[pri:0, instance:AndroidAppiumTests.E2EEcommTests_POM@1b495d4] output={null}]
18:44:47.043 [quitDriver@2] INFO  c.b.v2.framework.TestNgFramework - Hook Started in PRE key = BEFORE_METHOD & hook = {hook_name=setUpDriver, hook_result=pending, test_file_path=AppiumSession_Cloud\src\test\java\AndroidAppiumTests\E2EEcommTests_POM.java, event_started_at=2026-04-20T18:44:47.043600200, hook_id=00ddb2cb-9df1-4e70-b037-43f5ce343ddd, hook_logs=[], key=BEFORE_METHOD, custom_metadata={}, test_location=AppiumSession_Cloud\src\test\java\AndroidAppiumTests\E2EEcommTests_POM.java}  and args = [[TestResult name=setUpDriver status=SKIP method=EcommBaseTest.setUpDriver()[pri:0, instance:AndroidAppiumTests.E2EEcommTests_POM@1b495d4] output={null}], EcommBaseTest.setUpDriver()[pri:0, instance:AndroidAppiumTests.E2EEcommTests_POM@1b495d4]]
18:44:47.044 [quitDriver@2] INFO  c.b.v2.framework.TestNgFramework - trackHookEvents: hook state=BEFORE_METHOD.HookState.PRE , hooks started={BEFORE_METHOD=[{hook_name=setUpDriver, hook_result=pending, test_file_path=AppiumSession_Cloud\src\test\java\AndroidAppiumTests\E2EEcommTests_POM.java, event_started_at=2026-04-20T18:44:47.043600200, hook_id=00ddb2cb-9df1-4e70-b037-43f5ce343ddd, hook_logs=[], key=BEFORE_METHOD, custom_metadata={}, test_location=AppiumSession_Cloud\src\test\java\AndroidAppiumTests\E2EEcommTests_POM.java}]} , hooks finished={BEFORE_METHOD=[]}
18:44:47.046 [quitDriver@0] INFO  c.b.v2.framework.TestNgFramework - args CHECK = [TestResult name=setUpDriver status=SKIP method=EcommBaseTest.setUpDriver()[pri:0, instance:AndroidAppiumTests.E2EEcommTests_POM@5981f4a6] output={null}]
18:44:47.047 [quitDriver@0] INFO  c.b.v2.framework.TestNgFramework - Hook Started in PRE key = BEFORE_METHOD & hook = {hook_name=setUpDriver, hook_result=pending, test_file_path=AppiumSession_Cloud\src\test\java\AndroidAppiumTests\E2EEcommTests_POM.java, event_started_at=2026-04-20T18:44:47.046829500, hook_id=534244fa-23df-4941-951a-90ba241003df, hook_logs=[], key=BEFORE_METHOD, custom_metadata={}, test_location=AppiumSession_Cloud\src\test\java\AndroidAppiumTests\E2EEcommTests_POM.java}  and args = [[TestResult name=setUpDriver status=SKIP method=EcommBaseTest.setUpDriver()[pri:0, instance:AndroidAppiumTests.E2EEcommTests_POM@5981f4a6] output={null}], EcommBaseTest.setUpDriver()[pri:0, instance:AndroidAppiumTests.E2EEcommTests_POM@5981f4a6]]
18:44:47.049 [quitDriver@0] INFO  c.b.v2.framework.TestNgFramework - trackHookEvents: hook state=BEFORE_METHOD.HookState.PRE , hooks started={BEFORE_METHOD=[{hook_name=setUpDriver, hook_result=pending, test_file_path=AppiumSession_Cloud\src\test\java\AndroidAppiumTests\E2EEcommTests_POM.java, event_started_at=2026-04-20T18:44:47.046829500, hook_id=534244fa-23df-4941-951a-90ba241003df, hook_logs=[], key=BEFORE_METHOD, custom_metadata={}, test_location=AppiumSession_Cloud\src\test\java\AndroidAppiumTests\E2EEcommTests_POM.java}]} , hooks finished={BEFORE_METHOD=[]}
18:44:47.092 [quitDriver@2] INFO  c.b.v2.module.TestHubModule - sendTestFrameworkEvent: event=com.browserstack.v2.eventBus.Event@652a292e, response=success: true

18:44:47.093 [quitDriver@0] INFO  c.b.v2.module.TestHubModule - sendTestFrameworkEvent: event=com.browserstack.v2.eventBus.Event@3da6663e, response=success: true

18:44:47.106 [setUpDriver@0] INFO  c.b.v2.framework.TestNgFramework - trackEvent: found instance, testFrameworkState=TestFrameworkState.BEFORE_METHOD hookState=HookState.POST instance=144835724
18:44:47.106 [setUpDriver@2] INFO  c.b.v2.framework.TestNgFramework - trackEvent: found instance, testFrameworkState=TestFrameworkState.BEFORE_METHOD hookState=HookState.POST instance=144837648
18:44:47.106 [setUpDriver@0] INFO  c.b.v2.framework.TestNgFramework - trackEvent: loaded common test data, testFrameworkState=TestFrameworkState.BEFORE_METHOD hookState=HookState.POST instance=144835724
18:44:47.106 [setUpDriver@2] INFO  c.b.v2.framework.TestNgFramework - trackEvent: loaded common test data, testFrameworkState=TestFrameworkState.BEFORE_METHOD hookState=HookState.POST instance=144837648
18:44:47.106 [setUpDriver@0] INFO  c.b.v2.framework.TestNgFramework - trackEvent: track hook events
18:44:47.106 [setUpDriver@2] INFO  c.b.v2.framework.TestNgFramework - trackEvent: track hook events
18:44:47.112 [setUpDriver@2] DEBUG c.browserstack.utils.UtilityMethods - [findFileMatcher] Current Path is :: C:\Users\MSUSERSL123\eclipse-workspace\AppiumSession_Cloud, TestClass :: AndroidAppiumTests\E2EEcommTests_POM
18:44:47.114 [setUpDriver@0] DEBUG c.browserstack.utils.UtilityMethods - [findFileMatcher] Current Path is :: C:\Users\MSUSERSL123\eclipse-workspace\AppiumSession_Cloud, TestClass :: AndroidAppiumTests\E2EEcommTests_POM
18:44:47.298 [quitDriver@1] INFO  c.b.v2.framework.TestNgFramework - args CHECK = [TestResult name=setUpDriver status=SKIP method=EcommBaseTest.setUpDriver()[pri:0, instance:AndroidAppiumTests.E2EEcommTests_POM@534e58b6] output={null}]
18:44:47.299 [quitDriver@1] INFO  c.b.v2.framework.TestNgFramework - Hook Started in PRE key = BEFORE_METHOD & hook = {hook_name=setUpDriver, hook_result=pending, test_file_path=AppiumSession_Cloud\src\test\java\AndroidAppiumTests\E2EEcommTests_POM.java, event_started_at=2026-04-20T18:44:47.299252500, hook_id=82b2de37-e702-43a9-9668-1b0488912e4c, hook_logs=[], key=BEFORE_METHOD, custom_metadata={}, test_location=AppiumSession_Cloud\src\test\java\AndroidAppiumTests\E2EEcommTests_POM.java}  and args = [[TestResult name=setUpDriver status=SKIP method=EcommBaseTest.setUpDriver()[pri:0, instance:AndroidAppiumTests.E2EEcommTests_POM@534e58b6] output={null}], EcommBaseTest.setUpDriver()[pri:0, instance:AndroidAppiumTests.E2EEcommTests_POM@534e58b6]]
18:44:47.299 [quitDriver@1] INFO  c.b.v2.framework.TestNgFramework - trackHookEvents: hook state=BEFORE_METHOD.HookState.PRE , hooks started={BEFORE_METHOD=[{hook_name=setUpDriver, hook_result=pending, test_file_path=AppiumSession_Cloud\src\test\java\AndroidAppiumTests\E2EEcommTests_POM.java, event_started_at=2026-04-20T18:44:47.299252500, hook_id=82b2de37-e702-43a9-9668-1b0488912e4c, hook_logs=[], key=BEFORE_METHOD, custom_metadata={}, test_location=AppiumSession_Cloud\src\test\java\AndroidAppiumTests\E2EEcommTests_POM.java}]} , hooks finished={BEFORE_METHOD=[]}
18:44:47.351 [quitDriver@1] INFO  c.b.v2.module.TestHubModule - sendTestFrameworkEvent: event=com.browserstack.v2.eventBus.Event@53decb41, response=success: true

18:44:47.362 [setUpDriver@1] INFO  c.b.v2.framework.TestNgFramework - trackEvent: found instance, testFrameworkState=TestFrameworkState.BEFORE_METHOD hookState=HookState.POST instance=144836686
18:44:47.362 [setUpDriver@1] INFO  c.b.v2.framework.TestNgFramework - trackEvent: loaded common test data, testFrameworkState=TestFrameworkState.BEFORE_METHOD hookState=HookState.POST instance=144836686
18:44:47.362 [setUpDriver@1] INFO  c.b.v2.framework.TestNgFramework - trackEvent: track hook events
18:44:47.376 [setUpDriver@1] DEBUG c.browserstack.utils.UtilityMethods - [findFileMatcher] Current Path is :: C:\Users\MSUSERSL123\eclipse-workspace\AppiumSession_Cloud, TestClass :: AndroidAppiumTests\E2EEcommTests_POM
18:44:47.594 [setUpDriver@0] INFO  c.b.v2.framework.TestNgFramework - args CHECK = [TestResult name=setUpDriver status=SKIP method=EcommBaseTest.setUpDriver()[pri:0, instance:AndroidAppiumTests.E2EEcommTests_POM@5981f4a6] output={null}]
18:44:47.595 [setUpDriver@0] INFO  c.b.v2.framework.TestNgFramework - Hook List in Post [{hook_name=setUpDriver, hook_result=pending, test_file_path=AppiumSession_Cloud\src\test\java\AndroidAppiumTests\E2EEcommTests_POM.java, event_started_at=2026-04-20T18:44:47.046829500, hook_id=534244fa-23df-4941-951a-90ba241003df, hook_logs=[], key=BEFORE_METHOD, custom_metadata={}, test_location=AppiumSession_Cloud\src\test\java\AndroidAppiumTests\E2EEcommTests_POM.java}] and args = [[TestResult name=setUpDriver status=SKIP method=EcommBaseTest.setUpDriver()[pri:0, instance:AndroidAppiumTests.E2EEcommTests_POM@5981f4a6] output={null}], EcommBaseTest.setUpDriver()[pri:0, instance:AndroidAppiumTests.E2EEcommTests_POM@5981f4a6]]
18:44:47.602 [setUpDriver@0] INFO  c.b.v2.framework.TestNgFramework - Processing HookLevel attachments from directory: C:\Users\MSUSERSL123\.browserstack\UploadedAttachments-0\HookLevel
18:44:47.603 [setUpDriver@0] INFO  c.b.v2.framework.TestNgFramework - Checking hookLevelFiles: []
18:44:47.612 [setUpDriver@2] INFO  c.b.v2.framework.TestNgFramework - args CHECK = [TestResult name=setUpDriver status=SKIP method=EcommBaseTest.setUpDriver()[pri:0, instance:AndroidAppiumTests.E2EEcommTests_POM@1b495d4] output={null}]
18:44:47.613 [setUpDriver@2] INFO  c.b.v2.framework.TestNgFramework - Hook List in Post [{hook_name=setUpDriver, hook_result=pending, test_file_path=AppiumSession_Cloud\src\test\java\AndroidAppiumTests\E2EEcommTests_POM.java, event_started_at=2026-04-20T18:44:47.043600200, hook_id=00ddb2cb-9df1-4e70-b037-43f5ce343ddd, hook_logs=[], key=BEFORE_METHOD, custom_metadata={}, test_location=AppiumSession_Cloud\src\test\java\AndroidAppiumTests\E2EEcommTests_POM.java}] and args = [[TestResult name=setUpDriver status=SKIP method=EcommBaseTest.setUpDriver()[pri:0, instance:AndroidAppiumTests.E2EEcommTests_POM@1b495d4] output={null}], EcommBaseTest.setUpDriver()[pri:0, instance:AndroidAppiumTests.E2EEcommTests_POM@1b495d4]]
18:44:47.613 [setUpDriver@2] INFO  c.b.v2.framework.TestNgFramework - Processing HookLevel attachments from directory: C:\Users\MSUSERSL123\.browserstack\UploadedAttachments-2\HookLevel
18:44:47.614 [setUpDriver@2] INFO  c.b.v2.framework.TestNgFramework - Checking hookLevelFiles: []
18:44:47.614 [setUpDriver@2] INFO  c.b.v2.framework.TestNgFramework - checking Paths of files = C:\Users\MSUSERSL123\.browserstack\UploadedAttachments-2\HookLevel\BuildLevelHookEvent and abs path = C:\Users\MSUSERSL123\.browserstack\UploadedAttachments-2\HookLevel\BuildLevelHookEvent 
18:44:47.614 [setUpDriver@0] INFO  c.b.v2.framework.TestNgFramework - checking Paths of files = C:\Users\MSUSERSL123\.browserstack\UploadedAttachments-0\HookLevel\BuildLevelHookEvent and abs path = C:\Users\MSUSERSL123\.browserstack\UploadedAttachments-0\HookLevel\BuildLevelHookEvent 
18:44:47.614 [setUpDriver@0] INFO  c.b.v2.framework.TestNgFramework - Processing BuildLevelHookEvent attachments from directory: C:\Users\MSUSERSL123\.browserstack\UploadedAttachments-0\HookLevel\BuildLevelHookEvent
18:44:47.614 [setUpDriver@0] INFO  c.b.v2.framework.TestNgFramework - Processing TestLevel attachments eventLogs: []
18:44:47.615 [setUpDriver@0] INFO  c.b.v2.framework.TestNgFramework - sendLogCreatedEvent: No Log Events to send
18:44:47.615 [setUpDriver@0] INFO  c.b.v2.framework.TestNgFramework - trackHookEvents: hook state=BEFORE_METHOD.HookState.POST , hooks started={BEFORE_METHOD=[]} , hooks finished={BEFORE_METHOD=[{hook_name=setUpDriver, hook_result=skipped, test_file_path=AppiumSession_Cloud\src\test\java\AndroidAppiumTests\E2EEcommTests_POM.java, event_started_at=2026-04-20T18:44:47.046829500, hook_id=534244fa-23df-4941-951a-90ba241003df, hook_logs=[], logs=[], key=BEFORE_METHOD, custom_metadata={}, event_ended_at=2026-04-20T18:44:47.595718200, test_location=AppiumSession_Cloud\src\test\java\AndroidAppiumTests\E2EEcommTests_POM.java}]}
18:44:47.620 [setUpDriver@2] INFO  c.b.v2.framework.TestNgFramework - Processing BuildLevelHookEvent attachments from directory: C:\Users\MSUSERSL123\.browserstack\UploadedAttachments-2\HookLevel\BuildLevelHookEvent
18:44:47.622 [setUpDriver@2] INFO  c.b.v2.framework.TestNgFramework - Processing TestLevel attachments eventLogs: []
18:44:47.630 [setUpDriver@2] INFO  c.b.v2.framework.TestNgFramework - sendLogCreatedEvent: No Log Events to send
18:44:47.632 [setUpDriver@2] INFO  c.b.v2.framework.TestNgFramework - trackHookEvents: hook state=BEFORE_METHOD.HookState.POST , hooks started={BEFORE_METHOD=[]} , hooks finished={BEFORE_METHOD=[{hook_name=setUpDriver, hook_result=skipped, test_file_path=AppiumSession_Cloud\src\test\java\AndroidAppiumTests\E2EEcommTests_POM.java, event_started_at=2026-04-20T18:44:47.043600200, hook_id=00ddb2cb-9df1-4e70-b037-43f5ce343ddd, hook_logs=[], logs=[], key=BEFORE_METHOD, custom_metadata={}, event_ended_at=2026-04-20T18:44:47.613212100, test_location=AppiumSession_Cloud\src\test\java\AndroidAppiumTests\E2EEcommTests_POM.java}]}
18:44:47.692 [setUpDriver@0] INFO  c.b.v2.module.TestHubModule - sendTestFrameworkEvent: event=com.browserstack.v2.eventBus.Event@585c1c91, response=success: true

18:44:47.759 [setUpDriver@0] INFO  c.b.v2.framework.TestNgFramework - trackEvent: found instance, testFrameworkState=TestFrameworkState.TEST hookState=HookState.PRE instance=144835724
18:44:47.762 [setUpDriver@2] INFO  c.b.v2.module.TestHubModule - sendTestFrameworkEvent: event=com.browserstack.v2.eventBus.Event@45672ac5, response=success: true

18:44:47.766 [setUpDriver@0] DEBUG c.browserstack.utils.UtilityMethods - [findFileMatcher] Current Path is :: C:\Users\MSUSERSL123\eclipse-workspace\AppiumSession_Cloud, TestClass :: AndroidAppiumTests\E2EEcommTests_POM
18:44:47.793 [setUpDriver@2] INFO  c.b.v2.framework.TestNgFramework - trackEvent: found instance, testFrameworkState=TestFrameworkState.TEST hookState=HookState.PRE instance=144837648
18:44:47.806 [setUpDriver@2] DEBUG c.browserstack.utils.UtilityMethods - [findFileMatcher] Current Path is :: C:\Users\MSUSERSL123\eclipse-workspace\AppiumSession_Cloud, TestClass :: AndroidAppiumTests\E2EEcommTests_POM
18:44:47.909 [setUpDriver@1] INFO  c.b.v2.framework.TestNgFramework - args CHECK = [TestResult name=setUpDriver status=SKIP method=EcommBaseTest.setUpDriver()[pri:0, instance:AndroidAppiumTests.E2EEcommTests_POM@534e58b6] output={null}]
18:44:47.910 [setUpDriver@1] INFO  c.b.v2.framework.TestNgFramework - Hook List in Post [{hook_name=setUpDriver, hook_result=pending, test_file_path=AppiumSession_Cloud\src\test\java\AndroidAppiumTests\E2EEcommTests_POM.java, event_started_at=2026-04-20T18:44:47.299252500, hook_id=82b2de37-e702-43a9-9668-1b0488912e4c, hook_logs=[], key=BEFORE_METHOD, custom_metadata={}, test_location=AppiumSession_Cloud\src\test\java\AndroidAppiumTests\E2EEcommTests_POM.java}] and args = [[TestResult name=setUpDriver status=SKIP method=EcommBaseTest.setUpDriver()[pri:0, instance:AndroidAppiumTests.E2EEcommTests_POM@534e58b6] output={null}], EcommBaseTest.setUpDriver()[pri:0, instance:AndroidAppiumTests.E2EEcommTests_POM@534e58b6]]
18:44:47.911 [setUpDriver@1] INFO  c.b.v2.framework.TestNgFramework - Processing HookLevel attachments from directory: C:\Users\MSUSERSL123\.browserstack\UploadedAttachments-1\HookLevel
18:44:47.911 [setUpDriver@1] INFO  c.b.v2.framework.TestNgFramework - Checking hookLevelFiles: []
18:44:47.914 [setUpDriver@1] INFO  c.b.v2.framework.TestNgFramework - checking Paths of files = C:\Users\MSUSERSL123\.browserstack\UploadedAttachments-1\HookLevel\BuildLevelHookEvent and abs path = C:\Users\MSUSERSL123\.browserstack\UploadedAttachments-1\HookLevel\BuildLevelHookEvent 
18:44:47.916 [setUpDriver@1] INFO  c.b.v2.framework.TestNgFramework - Processing BuildLevelHookEvent attachments from directory: C:\Users\MSUSERSL123\.browserstack\UploadedAttachments-1\HookLevel\BuildLevelHookEvent
18:44:47.917 [setUpDriver@1] INFO  c.b.v2.framework.TestNgFramework - Processing TestLevel attachments eventLogs: []
18:44:47.917 [setUpDriver@1] INFO  c.b.v2.framework.TestNgFramework - sendLogCreatedEvent: No Log Events to send
18:44:47.919 [setUpDriver@1] INFO  c.b.v2.framework.TestNgFramework - trackHookEvents: hook state=BEFORE_METHOD.HookState.POST , hooks started={BEFORE_METHOD=[]} , hooks finished={BEFORE_METHOD=[{hook_name=setUpDriver, hook_result=skipped, test_file_path=AppiumSession_Cloud\src\test\java\AndroidAppiumTests\E2EEcommTests_POM.java, event_started_at=2026-04-20T18:44:47.299252500, hook_id=82b2de37-e702-43a9-9668-1b0488912e4c, hook_logs=[], logs=[], key=BEFORE_METHOD, custom_metadata={}, event_ended_at=2026-04-20T18:44:47.910636300, test_location=AppiumSession_Cloud\src\test\java\AndroidAppiumTests\E2EEcommTests_POM.java}]}
18:44:47.943 [setUpDriver@1] INFO  c.b.v2.module.TestHubModule - sendTestFrameworkEvent: event=com.browserstack.v2.eventBus.Event@5f82454, response=success: true

18:44:47.953 [setUpDriver@1] INFO  c.b.v2.framework.TestNgFramework - trackEvent: found instance, testFrameworkState=TestFrameworkState.TEST hookState=HookState.PRE instance=144836686
18:44:47.954 [setUpDriver@1] DEBUG c.browserstack.utils.UtilityMethods - [findFileMatcher] Current Path is :: C:\Users\MSUSERSL123\eclipse-workspace\AppiumSession_Cloud, TestClass :: AndroidAppiumTests\E2EEcommTests_POM
18:44:48.037 [setUpDriver@0] INFO  c.b.v2.framework.TestNgFramework - trackEvent: loaded initial test data to instance, testFrameworkState=TestFrameworkState.TEST hookState=HookState.PRE instance=144835724 instanceThreadId=48 testResult=LongPressTest-0 testData={test_uuid=59fae7ac-1a95-4132-ac69-472dd96d3f23, test_file_path=src\test\java\AndroidAppiumTests\E2EEcommTests_POM.java, test_scope=AppiumE2EEcommTest.AndroidAppiumTests.E2EEcommTests_POM, test_meta={}, test_scopes=[AppiumE2EEcommTest, AndroidAppiumTests.E2EEcommTests_POM], test_code=public void AndroidAppiumTests.E2EEcommTests_POM.PurchaseProduct() throws java.lang.InterruptedException, test_session_name=AndroidAppiumTests.E2EEcommTests_POM-PurchaseProduct, test_name=PurchaseProduct, test_tags=, custom_metadata={}, test_id=LongPressTest-0@0, test_location=src\test\java\AndroidAppiumTests\E2EEcommTests_POM.java}
18:44:48.037 [setUpDriver@0] INFO  c.b.v2.module.WebdriverModule - onBeforeTest: event=com.browserstack.v2.eventBus.Event@6bdc5d6a
18:44:48.037 [setUpDriver@0] INFO  c.b.v2.module.TestHubModule - onBeforeTest: event={com.browserstack.v2.eventBus.Event@6bdc5d6a}
18:44:48.040 [setUpDriver@2] INFO  c.b.v2.framework.TestNgFramework - trackEvent: loaded initial test data to instance, testFrameworkState=TestFrameworkState.TEST hookState=HookState.PRE instance=144837648 instanceThreadId=50 testResult=LongPressTest-2 testData={test_uuid=bbde5418-a5da-4f2d-a4d0-11004f9da2bd, test_file_path=src\test\java\AndroidAppiumTests\E2EEcommTests_POM.java, test_scope=AppiumE2EEcommTest.AndroidAppiumTests.E2EEcommTests_POM, test_meta={}, test_scopes=[AppiumE2EEcommTest, AndroidAppiumTests.E2EEcommTests_POM], test_code=public void AndroidAppiumTests.E2EEcommTests_POM.PurchaseProduct() throws java.lang.InterruptedException, test_session_name=AndroidAppiumTests.E2EEcommTests_POM-PurchaseProduct, test_name=PurchaseProduct, test_tags=, custom_metadata={}, test_id=LongPressTest-2@2, test_location=src\test\java\AndroidAppiumTests\E2EEcommTests_POM.java}
18:44:48.040 [setUpDriver@2] INFO  c.b.v2.module.WebdriverModule - onBeforeTest: event=com.browserstack.v2.eventBus.Event@1f257f
18:44:48.040 [setUpDriver@2] INFO  c.b.v2.module.TestHubModule - onBeforeTest: event={com.browserstack.v2.eventBus.Event@1f257f}
18:44:48.073 [setUpDriver@2] INFO  c.b.v2.module.TestHubModule - sendTestSessionEvent: event=com.browserstack.v2.eventBus.Event@1f257f, response=success: true

18:44:48.073 [setUpDriver@0] INFO  c.b.v2.module.TestHubModule - sendTestSessionEvent: event=com.browserstack.v2.eventBus.Event@6bdc5d6a, response=success: true

18:44:48.120 [setUpDriver@0] INFO  c.b.v2.module.TestHubModule - sendTestFrameworkEvent: event=com.browserstack.v2.eventBus.Event@6bdc5d6a, response=success: true

18:44:48.120 [setUpDriver@2] INFO  c.b.v2.module.TestHubModule - sendTestFrameworkEvent: event=com.browserstack.v2.eventBus.Event@1f257f, response=success: true

18:44:48.125 [setUpDriver@0] INFO  c.b.v2.module.ObservabilityModule - onBeforeTest: event={instance=com.browserstack.v2.instance.TestFrameworkInstance@38fec62f, testFrameworkState=TestFrameworkState.TEST, testInstance=com.browserstack.v2.instance.TestFrameworkInstance@38fec62f, autoInstance=[com.browserstack.v2.instance.SeleniumInstance@a073b3f], hookState=HookState.PRE}
18:44:48.126 [setUpDriver@0] INFO  c.b.v2.module.ObservabilityModule - performTestReportingSync: Performing TEST REPORTING AND ANALYTICS Sync
18:44:48.125 [setUpDriver@2] INFO  c.b.v2.module.ObservabilityModule - onBeforeTest: event={instance=com.browserstack.v2.instance.TestFrameworkInstance@707035ca, testFrameworkState=TestFrameworkState.TEST, testInstance=com.browserstack.v2.instance.TestFrameworkInstance@707035ca, autoInstance=[com.browserstack.v2.instance.SeleniumInstance@41e16dc0], hookState=HookState.PRE}
18:44:48.128 [setUpDriver@2] INFO  c.b.v2.module.ObservabilityModule - performTestReportingSync: Performing TEST REPORTING AND ANALYTICS Sync
18:44:48.136 [PurchaseProduct@2] INFO  c.b.v2.framework.TestNgFramework - trackEvent: found instance, testFrameworkState=TestFrameworkState.LOG hookState=HookState.PRE instance=144837648
18:44:48.137 [PurchaseProduct@2] INFO  c.b.v2.framework.TestNgFramework - trackEvent: load log entries
18:44:48.146 [PurchaseProduct@2] INFO  c.b.v2.module.TestHubModule - sendLogCreatedEvent: event=com.browserstack.v2.eventBus.Event@3155704f, response=success: true

18:44:48.147 [PurchaseProduct@2] INFO  c.b.v2.module.TestHubModule - sendLogCreatedEvent: event=com.browserstack.v2.eventBus.Event@3155704f
18:44:48.150 [PurchaseProduct@0] INFO  c.b.v2.framework.TestNgFramework - trackEvent: found instance, testFrameworkState=TestFrameworkState.LOG hookState=HookState.PRE instance=144835724
18:44:48.150 [PurchaseProduct@0] INFO  c.b.v2.framework.TestNgFramework - trackEvent: load log entries
18:44:48.152 [PurchaseProduct@2] INFO  c.b.v2.framework.TestNgFramework - trackEvent: found instance, testFrameworkState=TestFrameworkState.LOG_REPORT hookState=HookState.PRE instance=144837648
18:44:48.153 [PurchaseProduct@2] INFO  c.b.v2.framework.TestNgFramework - trackEvent: found instance, testFrameworkState=TestFrameworkState.LOG_REPORT hookState=HookState.POST instance=144837648
18:44:48.153 [PurchaseProduct@2] INFO  c.b.v2.framework.TestNgFramework - trackEvent: load test results
18:44:48.158 [PurchaseProduct@2] INFO  c.b.v2.framework.TestNgFramework - trackEvent: found instance, testFrameworkState=TestFrameworkState.TEST hookState=HookState.POST instance=144837648
18:44:48.159 [PurchaseProduct@2] INFO  c.b.v2.module.WebdriverModule - onAfterTest: event=com.browserstack.v2.eventBus.Event@fac93d4
18:44:48.159 [PurchaseProduct@2] INFO  c.b.utils.SeleniumMethodUtils - Session Name ID status marking: 
18:44:48.162 [PurchaseProduct@0] INFO  c.b.v2.module.TestHubModule - sendLogCreatedEvent: event=com.browserstack.v2.eventBus.Event@49ebd10b, response=success: true

18:44:48.163 [PurchaseProduct@0] INFO  c.b.v2.module.TestHubModule - sendLogCreatedEvent: event=com.browserstack.v2.eventBus.Event@49ebd10b
18:44:48.172 [PurchaseProduct@0] INFO  c.b.v2.framework.TestNgFramework - trackEvent: found instance, testFrameworkState=TestFrameworkState.LOG_REPORT hookState=HookState.PRE instance=144835724
18:44:48.172 [PurchaseProduct@0] INFO  c.b.v2.framework.TestNgFramework - trackEvent: found instance, testFrameworkState=TestFrameworkState.LOG_REPORT hookState=HookState.POST instance=144835724
18:44:48.172 [PurchaseProduct@0] INFO  c.b.v2.framework.TestNgFramework - trackEvent: load test results
18:44:48.179 [PurchaseProduct@0] INFO  c.b.v2.framework.TestNgFramework - trackEvent: found instance, testFrameworkState=TestFrameworkState.TEST hookState=HookState.POST instance=144835724
18:44:48.181 [setUpDriver@1] INFO  c.b.v2.framework.TestNgFramework - trackEvent: loaded initial test data to instance, testFrameworkState=TestFrameworkState.TEST hookState=HookState.PRE instance=144836686 instanceThreadId=49 testResult=LongPressTest-1 testData={test_uuid=c9cb6ab3-e284-4e4b-8279-214927e29e39, test_file_path=src\test\java\AndroidAppiumTests\E2EEcommTests_POM.java, test_scope=AppiumE2EEcommTest.AndroidAppiumTests.E2EEcommTests_POM, test_meta={}, test_scopes=[AppiumE2EEcommTest, AndroidAppiumTests.E2EEcommTests_POM], test_code=public void AndroidAppiumTests.E2EEcommTests_POM.PurchaseProduct() throws java.lang.InterruptedException, test_session_name=AndroidAppiumTests.E2EEcommTests_POM-PurchaseProduct, test_name=PurchaseProduct, test_tags=, custom_metadata={}, test_id=LongPressTest-1@1, test_location=src\test\java\AndroidAppiumTests\E2EEcommTests_POM.java}
18:44:48.185 [setUpDriver@1] INFO  c.b.v2.module.WebdriverModule - onBeforeTest: event=com.browserstack.v2.eventBus.Event@6a76a6a
18:44:48.185 [setUpDriver@1] INFO  c.b.v2.module.TestHubModule - onBeforeTest: event={com.browserstack.v2.eventBus.Event@6a76a6a}
18:44:48.186 [PurchaseProduct@0] INFO  c.b.v2.module.WebdriverModule - onAfterTest: event=com.browserstack.v2.eventBus.Event@5c67afde
18:44:48.186 [PurchaseProduct@0] INFO  c.b.utils.SeleniumMethodUtils - Session Name ID status marking: 
18:44:48.197 [setUpDriver@1] INFO  c.b.v2.module.TestHubModule - sendTestSessionEvent: event=com.browserstack.v2.eventBus.Event@6a76a6a, response=success: true

18:44:48.223 [setUpDriver@1] INFO  c.b.v2.module.TestHubModule - sendTestFrameworkEvent: event=com.browserstack.v2.eventBus.Event@6a76a6a, response=success: true

18:44:48.225 [setUpDriver@1] INFO  c.b.v2.module.ObservabilityModule - onBeforeTest: event={instance=com.browserstack.v2.instance.TestFrameworkInstance@4bccb436, testFrameworkState=TestFrameworkState.TEST, testInstance=com.browserstack.v2.instance.TestFrameworkInstance@4bccb436, autoInstance=[com.browserstack.v2.instance.SeleniumInstance@49007426], hookState=HookState.PRE}
18:44:48.253 [setUpDriver@1] INFO  c.b.v2.module.ObservabilityModule - performTestReportingSync: Performing TEST REPORTING AND ANALYTICS Sync
18:44:48.274 [PurchaseProduct@1] INFO  c.b.v2.framework.TestNgFramework - trackEvent: found instance, testFrameworkState=TestFrameworkState.LOG hookState=HookState.PRE instance=144836686
18:44:48.274 [PurchaseProduct@1] INFO  c.b.v2.framework.TestNgFramework - trackEvent: load log entries
18:44:48.293 [PurchaseProduct@1] INFO  c.b.v2.module.TestHubModule - sendLogCreatedEvent: event=com.browserstack.v2.eventBus.Event@2ee06615, response=success: true

18:44:48.295 [PurchaseProduct@1] INFO  c.b.v2.module.TestHubModule - sendLogCreatedEvent: event=com.browserstack.v2.eventBus.Event@2ee06615
18:44:48.309 [PurchaseProduct@1] INFO  c.b.v2.framework.TestNgFramework - trackEvent: found instance, testFrameworkState=TestFrameworkState.LOG_REPORT hookState=HookState.PRE instance=144836686
18:44:48.312 [PurchaseProduct@1] INFO  c.b.v2.framework.TestNgFramework - trackEvent: found instance, testFrameworkState=TestFrameworkState.LOG_REPORT hookState=HookState.POST instance=144836686
18:44:48.312 [PurchaseProduct@1] INFO  c.b.v2.framework.TestNgFramework - trackEvent: load test results
18:44:48.319 [PurchaseProduct@1] INFO  c.b.v2.framework.TestNgFramework - trackEvent: found instance, testFrameworkState=TestFrameworkState.TEST hookState=HookState.POST instance=144836686
18:44:48.319 [PurchaseProduct@1] INFO  c.b.v2.module.WebdriverModule - onAfterTest: event=com.browserstack.v2.eventBus.Event@3e8dc1d4
18:44:48.319 [PurchaseProduct@1] INFO  c.b.utils.SeleniumMethodUtils - Session Name ID status marking: 
18:44:48.539 [PurchaseProduct@0] INFO  c.b.utils.SeleniumMethodUtils - Session ID status marking: 
18:44:48.568 [PurchaseProduct@2] INFO  c.b.utils.SeleniumMethodUtils - Session ID status marking: 
18:44:48.963 [PurchaseProduct@2] INFO  c.b.v2.module.TestHubModule - sendTestFrameworkEvent: event=com.browserstack.v2.eventBus.Event@fac93d4, response=success: true

18:44:48.987 [PurchaseProduct@2] INFO  c.b.v2.framework.TestNgFramework - trackEvent: found instance, testFrameworkState=TestFrameworkState.AFTER_METHOD hookState=HookState.PRE instance=144837648
18:44:48.987 [PurchaseProduct@2] INFO  c.b.v2.framework.TestNgFramework - trackEvent: track hook events
18:44:48.988 [PurchaseProduct@2] DEBUG c.browserstack.utils.UtilityMethods - [findFileMatcher] Current Path is :: C:\Users\MSUSERSL123\eclipse-workspace\AppiumSession_Cloud, TestClass :: AndroidAppiumTests\E2EEcommTests_POM
18:44:49.203 [PurchaseProduct@2] INFO  c.b.v2.framework.TestNgFramework - args CHECK = [TestResult name=quitDriver status=SKIP method=EcommBaseTest.quitDriver()[pri:0, instance:AndroidAppiumTests.E2EEcommTests_POM@1b495d4] output={null}]
18:44:49.204 [PurchaseProduct@2] INFO  c.b.v2.framework.TestNgFramework - Hook Started in PRE key = AFTER_METHOD & hook = {hook_name=quitDriver, hook_result=pending, test_file_path=AppiumSession_Cloud\src\test\java\AndroidAppiumTests\E2EEcommTests_POM.java, event_started_at=2026-04-20T18:44:49.204423500, hook_id=7ee78881-d1f0-4702-bfee-bc44f5eca648, hook_logs=[], key=AFTER_METHOD, custom_metadata={}, test_location=AppiumSession_Cloud\src\test\java\AndroidAppiumTests\E2EEcommTests_POM.java}  and args = [[TestResult name=quitDriver status=SKIP method=EcommBaseTest.quitDriver()[pri:0, instance:AndroidAppiumTests.E2EEcommTests_POM@1b495d4] output={null}], EcommBaseTest.quitDriver()[pri:0, instance:AndroidAppiumTests.E2EEcommTests_POM@1b495d4]]
18:44:49.204 [PurchaseProduct@2] INFO  c.b.v2.framework.TestNgFramework - trackHookEvents: hook state=AFTER_METHOD.HookState.PRE , hooks started={AFTER_METHOD=[{hook_name=quitDriver, hook_result=pending, test_file_path=AppiumSession_Cloud\src\test\java\AndroidAppiumTests\E2EEcommTests_POM.java, event_started_at=2026-04-20T18:44:49.204423500, hook_id=7ee78881-d1f0-4702-bfee-bc44f5eca648, hook_logs=[], key=AFTER_METHOD, custom_metadata={}, test_location=AppiumSession_Cloud\src\test\java\AndroidAppiumTests\E2EEcommTests_POM.java}]} , hooks finished={AFTER_METHOD=[]}
18:44:49.204 [PurchaseProduct@2] INFO  c.b.v2.module.TestHubModule - Capturing CBT session for TestFrameworkState.AFTER_METHOD before driver.quit()
18:44:49.204 [PurchaseProduct@2] INFO  c.b.v2.module.TestHubModule - Using hook UUID=7ee78881-d1f0-4702-bfee-bc44f5eca648 for CBTSessionCreated (state=TestFrameworkState.AFTER_METHOD)
18:44:49.220 [PurchaseProduct@2] INFO  c.b.v2.module.TestHubModule - sendTestSessionEvent: event=com.browserstack.v2.eventBus.Event@7eccba78, response=success: true

18:44:49.238 [PurchaseProduct@2] INFO  c.b.v2.module.TestHubModule - sendTestFrameworkEvent: event=com.browserstack.v2.eventBus.Event@7eccba78, response=success: true

18:44:49.258 [quitDriver@2] INFO  c.b.v2.framework.TestNgFramework - trackEvent: found instance, testFrameworkState=TestFrameworkState.AFTER_METHOD hookState=HookState.POST instance=144837648
18:44:49.258 [quitDriver@2] INFO  c.b.v2.framework.TestNgFramework - trackEvent: track hook events
18:44:49.263 [quitDriver@2] DEBUG c.browserstack.utils.UtilityMethods - [findFileMatcher] Current Path is :: C:\Users\MSUSERSL123\eclipse-workspace\AppiumSession_Cloud, TestClass :: AndroidAppiumTests\E2EEcommTests_POM
18:44:49.542 [quitDriver@2] INFO  c.b.v2.framework.TestNgFramework - args CHECK = [TestResult name=quitDriver status=SKIP method=EcommBaseTest.quitDriver()[pri:0, instance:AndroidAppiumTests.E2EEcommTests_POM@1b495d4] output={null}]
18:44:49.542 [quitDriver@2] INFO  c.b.v2.framework.TestNgFramework - Hook List in Post [{hook_name=quitDriver, hook_result=pending, test_file_path=AppiumSession_Cloud\src\test\java\AndroidAppiumTests\E2EEcommTests_POM.java, event_started_at=2026-04-20T18:44:49.204423500, hook_id=7ee78881-d1f0-4702-bfee-bc44f5eca648, hook_logs=[], key=AFTER_METHOD, custom_metadata={}, test_location=AppiumSession_Cloud\src\test\java\AndroidAppiumTests\E2EEcommTests_POM.java}] and args = [[TestResult name=quitDriver status=SKIP method=EcommBaseTest.quitDriver()[pri:0, instance:AndroidAppiumTests.E2EEcommTests_POM@1b495d4] output={null}], EcommBaseTest.quitDriver()[pri:0, instance:AndroidAppiumTests.E2EEcommTests_POM@1b495d4]]
18:44:49.548 [PurchaseProduct@1] INFO  c.b.utils.SeleniumMethodUtils - Session ID status marking: 
18:44:49.551 [quitDriver@2] INFO  c.b.v2.framework.TestNgFramework - Processing HookLevel attachments from directory: C:\Users\MSUSERSL123\.browserstack\UploadedAttachments-2\HookLevel
18:44:49.552 [quitDriver@2] INFO  c.b.v2.framework.TestNgFramework - Checking hookLevelFiles: []
18:44:49.556 [quitDriver@2] INFO  c.b.v2.framework.TestNgFramework - checking Paths of files = C:\Users\MSUSERSL123\.browserstack\UploadedAttachments-2\HookLevel\BuildLevelHookEvent and abs path = C:\Users\MSUSERSL123\.browserstack\UploadedAttachments-2\HookLevel\BuildLevelHookEvent 
18:44:49.556 [quitDriver@2] INFO  c.b.v2.framework.TestNgFramework - Processing BuildLevelHookEvent attachments from directory: C:\Users\MSUSERSL123\.browserstack\UploadedAttachments-2\HookLevel\BuildLevelHookEvent
18:44:49.557 [quitDriver@2] INFO  c.b.v2.framework.TestNgFramework - Processing TestLevel attachments eventLogs: []
18:44:49.557 [quitDriver@2] INFO  c.b.v2.framework.TestNgFramework - sendLogCreatedEvent: No Log Events to send
18:44:49.557 [quitDriver@2] INFO  c.b.v2.framework.TestNgFramework - trackHookEvents: hook state=AFTER_METHOD.HookState.POST , hooks started={AFTER_METHOD=[]} , hooks finished={AFTER_METHOD=[{hook_name=quitDriver, hook_result=skipped, test_file_path=AppiumSession_Cloud\src\test\java\AndroidAppiumTests\E2EEcommTests_POM.java, event_started_at=2026-04-20T18:44:49.204423500, hook_id=7ee78881-d1f0-4702-bfee-bc44f5eca648, hook_logs=[], logs=[], key=AFTER_METHOD, custom_metadata={}, event_ended_at=2026-04-20T18:44:49.543553900, test_location=AppiumSession_Cloud\src\test\java\AndroidAppiumTests\E2EEcommTests_POM.java}]}
18:44:49.589 [quitDriver@2] INFO  c.b.v2.module.TestHubModule - sendTestFrameworkEvent: event=com.browserstack.v2.eventBus.Event@bd443c7, response=success: true

18:44:49.613 [quitDriver@2] INFO  c.b.v2.framework.TestNgFramework - trackEvent: found instance, testFrameworkState=TestFrameworkState.AFTER_CLASS hookState=HookState.PRE instance=144837648
18:44:49.613 [quitDriver@2] INFO  c.b.v2.framework.TestNgFramework - trackEvent: track hook events
18:44:49.621 [quitDriver@2] DEBUG c.browserstack.utils.UtilityMethods - [findFileMatcher] Current Path is :: C:\Users\MSUSERSL123\eclipse-workspace\AppiumSession_Cloud, TestClass :: AndroidAppiumTests\E2EEcommTests_POM
18:44:49.795 [PurchaseProduct@0] INFO  c.b.v2.module.TestHubModule - sendTestFrameworkEvent: event=com.browserstack.v2.eventBus.Event@5c67afde, response=success: true

18:44:49.817 [PurchaseProduct@0] INFO  c.b.v2.framework.TestNgFramework - trackEvent: found instance, testFrameworkState=TestFrameworkState.AFTER_METHOD hookState=HookState.PRE instance=144835724
18:44:49.817 [PurchaseProduct@0] INFO  c.b.v2.framework.TestNgFramework - trackEvent: track hook events
18:44:49.817 [PurchaseProduct@0] DEBUG c.browserstack.utils.UtilityMethods - [findFileMatcher] Current Path is :: C:\Users\MSUSERSL123\eclipse-workspace\AppiumSession_Cloud, TestClass :: AndroidAppiumTests\E2EEcommTests_POM
18:44:49.918 [quitDriver@2] INFO  c.b.v2.framework.TestNgFramework - args CHECK = [TestResult name=tearDown status=SKIP method=EcommBaseTest.tearDown()[pri:0, instance:AndroidAppiumTests.E2EEcommTests_POM@1b495d4] output={null}]
18:44:49.919 [quitDriver@2] INFO  c.b.v2.framework.TestNgFramework - Hook Started in PRE key = AFTER_CLASS & hook = {hook_name=tearDown, hook_result=pending, test_file_path=AppiumSession_Cloud\src\test\java\AndroidAppiumTests\E2EEcommTests_POM.java, event_started_at=2026-04-20T18:44:49.919067300, hook_id=d9c29918-9ab6-433e-aba3-eaefea360e11, hook_logs=[], key=AFTER_CLASS, custom_metadata={}, test_location=AppiumSession_Cloud\src\test\java\AndroidAppiumTests\E2EEcommTests_POM.java}  and args = [[TestResult name=tearDown status=SKIP method=EcommBaseTest.tearDown()[pri:0, instance:AndroidAppiumTests.E2EEcommTests_POM@1b495d4] output={null}], EcommBaseTest.tearDown()[pri:0, instance:AndroidAppiumTests.E2EEcommTests_POM@1b495d4]]
18:44:49.921 [quitDriver@2] INFO  c.b.v2.framework.TestNgFramework - trackHookEvents: hook state=AFTER_CLASS.HookState.PRE , hooks started={AFTER_METHOD=[], AFTER_CLASS=[{hook_name=tearDown, hook_result=pending, test_file_path=AppiumSession_Cloud\src\test\java\AndroidAppiumTests\E2EEcommTests_POM.java, event_started_at=2026-04-20T18:44:49.919067300, hook_id=d9c29918-9ab6-433e-aba3-eaefea360e11, hook_logs=[], key=AFTER_CLASS, custom_metadata={}, test_location=AppiumSession_Cloud\src\test\java\AndroidAppiumTests\E2EEcommTests_POM.java}]} , hooks finished={AFTER_METHOD=[{hook_name=quitDriver, hook_result=skipped, test_file_path=AppiumSession_Cloud\src\test\java\AndroidAppiumTests\E2EEcommTests_POM.java, event_started_at=2026-04-20T18:44:49.204423500, hook_id=7ee78881-d1f0-4702-bfee-bc44f5eca648, hook_logs=[], logs=[], key=AFTER_METHOD, custom_metadata={}, event_ended_at=2026-04-20T18:44:49.543553900, test_location=AppiumSession_Cloud\src\test\java\AndroidAppiumTests\E2EEcommTests_POM.java}], AFTER_CLASS=[]}
18:44:49.921 [quitDriver@2] INFO  c.b.v2.module.TestHubModule - Capturing CBT session for TestFrameworkState.AFTER_CLASS before driver.quit()
18:44:49.921 [quitDriver@2] INFO  c.b.v2.module.TestHubModule - Using hook UUID=d9c29918-9ab6-433e-aba3-eaefea360e11 for CBTSessionCreated (state=TestFrameworkState.AFTER_CLASS)
18:44:49.934 [PurchaseProduct@1] INFO  c.b.v2.module.TestHubModule - sendTestFrameworkEvent: event=com.browserstack.v2.eventBus.Event@3e8dc1d4, response=success: true

18:44:49.940 [quitDriver@2] INFO  c.b.v2.module.TestHubModule - sendTestSessionEvent: event=com.browserstack.v2.eventBus.Event@38aa1d23, response=success: true

18:44:49.943 [PurchaseProduct@1] INFO  c.b.v2.framework.TestNgFramework - trackEvent: found instance, testFrameworkState=TestFrameworkState.AFTER_METHOD hookState=HookState.PRE instance=144836686
18:44:49.943 [PurchaseProduct@1] INFO  c.b.v2.framework.TestNgFramework - trackEvent: track hook events
18:44:49.946 [PurchaseProduct@1] DEBUG c.browserstack.utils.UtilityMethods - [findFileMatcher] Current Path is :: C:\Users\MSUSERSL123\eclipse-workspace\AppiumSession_Cloud, TestClass :: AndroidAppiumTests\E2EEcommTests_POM
18:44:50.014 [quitDriver@2] INFO  c.b.v2.module.TestHubModule - sendTestFrameworkEvent: event=com.browserstack.v2.eventBus.Event@38aa1d23, response=success: true

18:44:50.032 [tearDown@2] INFO  c.b.v2.framework.TestNgFramework - trackEvent: found instance, testFrameworkState=TestFrameworkState.AFTER_CLASS hookState=HookState.POST instance=144837648
18:44:50.033 [tearDown@2] INFO  c.b.v2.framework.TestNgFramework - trackEvent: track hook events
18:44:50.037 [tearDown@2] DEBUG c.browserstack.utils.UtilityMethods - [findFileMatcher] Current Path is :: C:\Users\MSUSERSL123\eclipse-workspace\AppiumSession_Cloud, TestClass :: AndroidAppiumTests\E2EEcommTests_POM
18:44:50.113 [PurchaseProduct@0] INFO  c.b.v2.framework.TestNgFramework - args CHECK = [TestResult name=quitDriver status=SKIP method=EcommBaseTest.quitDriver()[pri:0, instance:AndroidAppiumTests.E2EEcommTests_POM@5981f4a6] output={null}]
18:44:50.115 [PurchaseProduct@0] INFO  c.b.v2.framework.TestNgFramework - Hook Started in PRE key = AFTER_METHOD & hook = {hook_name=quitDriver, hook_result=pending, test_file_path=AppiumSession_Cloud\src\test\java\AndroidAppiumTests\E2EEcommTests_POM.java, event_started_at=2026-04-20T18:44:50.115422300, hook_id=29e4a49d-9276-46a4-bab8-7db471684dc0, hook_logs=[], key=AFTER_METHOD, custom_metadata={}, test_location=AppiumSession_Cloud\src\test\java\AndroidAppiumTests\E2EEcommTests_POM.java}  and args = [[TestResult name=quitDriver status=SKIP method=EcommBaseTest.quitDriver()[pri:0, instance:AndroidAppiumTests.E2EEcommTests_POM@5981f4a6] output={null}], EcommBaseTest.quitDriver()[pri:0, instance:AndroidAppiumTests.E2EEcommTests_POM@5981f4a6]]
18:44:50.116 [PurchaseProduct@0] INFO  c.b.v2.framework.TestNgFramework - trackHookEvents: hook state=AFTER_METHOD.HookState.PRE , hooks started={AFTER_METHOD=[{hook_name=quitDriver, hook_result=pending, test_file_path=AppiumSession_Cloud\src\test\java\AndroidAppiumTests\E2EEcommTests_POM.java, event_started_at=2026-04-20T18:44:50.115422300, hook_id=29e4a49d-9276-46a4-bab8-7db471684dc0, hook_logs=[], key=AFTER_METHOD, custom_metadata={}, test_location=AppiumSession_Cloud\src\test\java\AndroidAppiumTests\E2EEcommTests_POM.java}]} , hooks finished={AFTER_METHOD=[]}
18:44:50.117 [PurchaseProduct@0] INFO  c.b.v2.module.TestHubModule - Capturing CBT session for TestFrameworkState.AFTER_METHOD before driver.quit()
18:44:50.120 [PurchaseProduct@0] INFO  c.b.v2.module.TestHubModule - Using hook UUID=29e4a49d-9276-46a4-bab8-7db471684dc0 for CBTSessionCreated (state=TestFrameworkState.AFTER_METHOD)
18:44:50.139 [PurchaseProduct@0] INFO  c.b.v2.module.TestHubModule - sendTestSessionEvent: event=com.browserstack.v2.eventBus.Event@58619b99, response=success: true

18:44:50.168 [PurchaseProduct@0] INFO  c.b.v2.module.TestHubModule - sendTestFrameworkEvent: event=com.browserstack.v2.eventBus.Event@58619b99, response=success: true

18:44:50.175 [quitDriver@0] INFO  c.b.v2.framework.TestNgFramework - trackEvent: found instance, testFrameworkState=TestFrameworkState.AFTER_METHOD hookState=HookState.POST instance=144835724
18:44:50.175 [quitDriver@0] INFO  c.b.v2.framework.TestNgFramework - trackEvent: track hook events
18:44:50.181 [quitDriver@0] DEBUG c.browserstack.utils.UtilityMethods - [findFileMatcher] Current Path is :: C:\Users\MSUSERSL123\eclipse-workspace\AppiumSession_Cloud, TestClass :: AndroidAppiumTests\E2EEcommTests_POM
18:44:50.211 [PurchaseProduct@1] INFO  c.b.v2.framework.TestNgFramework - args CHECK = [TestResult name=quitDriver status=SKIP method=EcommBaseTest.quitDriver()[pri:0, instance:AndroidAppiumTests.E2EEcommTests_POM@534e58b6] output={null}]
18:44:50.211 [PurchaseProduct@1] INFO  c.b.v2.framework.TestNgFramework - Hook Started in PRE key = AFTER_METHOD & hook = {hook_name=quitDriver, hook_result=pending, test_file_path=AppiumSession_Cloud\src\test\java\AndroidAppiumTests\E2EEcommTests_POM.java, event_started_at=2026-04-20T18:44:50.211827800, hook_id=0ca2606f-b9a7-4441-8e4f-0716773f4a75, hook_logs=[], key=AFTER_METHOD, custom_metadata={}, test_location=AppiumSession_Cloud\src\test\java\AndroidAppiumTests\E2EEcommTests_POM.java}  and args = [[TestResult name=quitDriver status=SKIP method=EcommBaseTest.quitDriver()[pri:0, instance:AndroidAppiumTests.E2EEcommTests_POM@534e58b6] output={null}], EcommBaseTest.quitDriver()[pri:0, instance:AndroidAppiumTests.E2EEcommTests_POM@534e58b6]]
18:44:50.212 [PurchaseProduct@1] INFO  c.b.v2.framework.TestNgFramework - trackHookEvents: hook state=AFTER_METHOD.HookState.PRE , hooks started={AFTER_METHOD=[{hook_name=quitDriver, hook_result=pending, test_file_path=AppiumSession_Cloud\src\test\java\AndroidAppiumTests\E2EEcommTests_POM.java, event_started_at=2026-04-20T18:44:50.211827800, hook_id=0ca2606f-b9a7-4441-8e4f-0716773f4a75, hook_logs=[], key=AFTER_METHOD, custom_metadata={}, test_location=AppiumSession_Cloud\src\test\java\AndroidAppiumTests\E2EEcommTests_POM.java}]} , hooks finished={AFTER_METHOD=[]}
18:44:50.212 [PurchaseProduct@1] INFO  c.b.v2.module.TestHubModule - Capturing CBT session for TestFrameworkState.AFTER_METHOD before driver.quit()
18:44:50.212 [PurchaseProduct@1] INFO  c.b.v2.module.TestHubModule - Using hook UUID=0ca2606f-b9a7-4441-8e4f-0716773f4a75 for CBTSessionCreated (state=TestFrameworkState.AFTER_METHOD)
18:44:50.234 [PurchaseProduct@1] INFO  c.b.v2.module.TestHubModule - sendTestSessionEvent: event=com.browserstack.v2.eventBus.Event@289415fe, response=success: true

18:44:50.249 [tearDown@2] INFO  c.b.v2.framework.TestNgFramework - args CHECK = [TestResult name=tearDown status=SKIP method=EcommBaseTest.tearDown()[pri:0, instance:AndroidAppiumTests.E2EEcommTests_POM@1b495d4] output={null}]
18:44:50.250 [tearDown@2] INFO  c.b.v2.framework.TestNgFramework - Hook List in Post [{hook_name=tearDown, hook_result=pending, test_file_path=AppiumSession_Cloud\src\test\java\AndroidAppiumTests\E2EEcommTests_POM.java, event_started_at=2026-04-20T18:44:49.919067300, hook_id=d9c29918-9ab6-433e-aba3-eaefea360e11, hook_logs=[], key=AFTER_CLASS, custom_metadata={}, test_location=AppiumSession_Cloud\src\test\java\AndroidAppiumTests\E2EEcommTests_POM.java}] and args = [[TestResult name=tearDown status=SKIP method=EcommBaseTest.tearDown()[pri:0, instance:AndroidAppiumTests.E2EEcommTests_POM@1b495d4] output={null}], EcommBaseTest.tearDown()[pri:0, instance:AndroidAppiumTests.E2EEcommTests_POM@1b495d4]]
18:44:50.253 [tearDown@2] INFO  c.b.v2.framework.TestNgFramework - Processing HookLevel attachments from directory: C:\Users\MSUSERSL123\.browserstack\UploadedAttachments-2\HookLevel
18:44:50.253 [tearDown@2] INFO  c.b.v2.framework.TestNgFramework - Checking hookLevelFiles: []
18:44:50.256 [tearDown@2] INFO  c.b.v2.framework.TestNgFramework - checking Paths of files = C:\Users\MSUSERSL123\.browserstack\UploadedAttachments-2\HookLevel\BuildLevelHookEvent and abs path = C:\Users\MSUSERSL123\.browserstack\UploadedAttachments-2\HookLevel\BuildLevelHookEvent 
18:44:50.256 [tearDown@2] INFO  c.b.v2.framework.TestNgFramework - Processing BuildLevelHookEvent attachments from directory: C:\Users\MSUSERSL123\.browserstack\UploadedAttachments-2\HookLevel\BuildLevelHookEvent
18:44:50.257 [tearDown@2] INFO  c.b.v2.framework.TestNgFramework - Processing TestLevel attachments eventLogs: []
18:44:50.260 [tearDown@2] INFO  c.b.v2.framework.TestNgFramework - sendLogCreatedEvent: No Log Events to send
18:44:50.261 [tearDown@2] INFO  c.b.v2.framework.TestNgFramework - trackHookEvents: hook state=AFTER_CLASS.HookState.POST , hooks started={AFTER_METHOD=[], AFTER_CLASS=[]} , hooks finished={AFTER_METHOD=[{hook_name=quitDriver, hook_result=skipped, test_file_path=AppiumSession_Cloud\src\test\java\AndroidAppiumTests\E2EEcommTests_POM.java, event_started_at=2026-04-20T18:44:49.204423500, hook_id=7ee78881-d1f0-4702-bfee-bc44f5eca648, hook_logs=[], logs=[], key=AFTER_METHOD, custom_metadata={}, event_ended_at=2026-04-20T18:44:49.543553900, test_location=AppiumSession_Cloud\src\test\java\AndroidAppiumTests\E2EEcommTests_POM.java}], AFTER_CLASS=[{hook_name=tearDown, hook_result=skipped, test_file_path=AppiumSession_Cloud\src\test\java\AndroidAppiumTests\E2EEcommTests_POM.java, event_started_at=2026-04-20T18:44:49.919067300, hook_id=d9c29918-9ab6-433e-aba3-eaefea360e11, hook_logs=[], logs=[], key=AFTER_CLASS, custom_metadata={}, event_ended_at=2026-04-20T18:44:50.250909900, test_location=AppiumSession_Cloud\src\test\java\AndroidAppiumTests\E2EEcommTests_POM.java}]}
18:44:50.262 [PurchaseProduct@1] INFO  c.b.v2.module.TestHubModule - sendTestFrameworkEvent: event=com.browserstack.v2.eventBus.Event@289415fe, response=success: true

18:44:50.264 [quitDriver@1] INFO  c.b.v2.framework.TestNgFramework - trackEvent: found instance, testFrameworkState=TestFrameworkState.AFTER_METHOD hookState=HookState.POST instance=144836686
18:44:50.267 [quitDriver@1] INFO  c.b.v2.framework.TestNgFramework - trackEvent: track hook events
18:44:50.273 [quitDriver@1] DEBUG c.browserstack.utils.UtilityMethods - [findFileMatcher] Current Path is :: C:\Users\MSUSERSL123\eclipse-workspace\AppiumSession_Cloud, TestClass :: AndroidAppiumTests\E2EEcommTests_POM
18:44:50.275 [tearDown@2] INFO  c.b.v2.module.TestHubModule - sendTestFrameworkEvent: event=com.browserstack.v2.eventBus.Event@7d378def, response=success: true

18:44:50.383 [quitDriver@0] INFO  c.b.v2.framework.TestNgFramework - args CHECK = [TestResult name=quitDriver status=SKIP method=EcommBaseTest.quitDriver()[pri:0, instance:AndroidAppiumTests.E2EEcommTests_POM@5981f4a6] output={null}]
18:44:50.384 [quitDriver@0] INFO  c.b.v2.framework.TestNgFramework - Hook List in Post [{hook_name=quitDriver, hook_result=pending, test_file_path=AppiumSession_Cloud\src\test\java\AndroidAppiumTests\E2EEcommTests_POM.java, event_started_at=2026-04-20T18:44:50.115422300, hook_id=29e4a49d-9276-46a4-bab8-7db471684dc0, hook_logs=[], key=AFTER_METHOD, custom_metadata={}, test_location=AppiumSession_Cloud\src\test\java\AndroidAppiumTests\E2EEcommTests_POM.java}] and args = [[TestResult name=quitDriver status=SKIP method=EcommBaseTest.quitDriver()[pri:0, instance:AndroidAppiumTests.E2EEcommTests_POM@5981f4a6] output={null}], EcommBaseTest.quitDriver()[pri:0, instance:AndroidAppiumTests.E2EEcommTests_POM@5981f4a6]]
18:44:50.385 [quitDriver@0] INFO  c.b.v2.framework.TestNgFramework - Processing HookLevel attachments from directory: C:\Users\MSUSERSL123\.browserstack\UploadedAttachments-0\HookLevel
18:44:50.385 [quitDriver@0] INFO  c.b.v2.framework.TestNgFramework - Checking hookLevelFiles: []
18:44:50.386 [quitDriver@0] INFO  c.b.v2.framework.TestNgFramework - checking Paths of files = C:\Users\MSUSERSL123\.browserstack\UploadedAttachments-0\HookLevel\BuildLevelHookEvent and abs path = C:\Users\MSUSERSL123\.browserstack\UploadedAttachments-0\HookLevel\BuildLevelHookEvent 
18:44:50.387 [quitDriver@0] INFO  c.b.v2.framework.TestNgFramework - Processing BuildLevelHookEvent attachments from directory: C:\Users\MSUSERSL123\.browserstack\UploadedAttachments-0\HookLevel\BuildLevelHookEvent
18:44:50.387 [quitDriver@0] INFO  c.b.v2.framework.TestNgFramework - Processing TestLevel attachments eventLogs: []
18:44:50.388 [quitDriver@0] INFO  c.b.v2.framework.TestNgFramework - sendLogCreatedEvent: No Log Events to send
18:44:50.388 [quitDriver@0] INFO  c.b.v2.framework.TestNgFramework - trackHookEvents: hook state=AFTER_METHOD.HookState.POST , hooks started={AFTER_METHOD=[]} , hooks finished={AFTER_METHOD=[{hook_name=quitDriver, hook_result=skipped, test_file_path=AppiumSession_Cloud\src\test\java\AndroidAppiumTests\E2EEcommTests_POM.java, event_started_at=2026-04-20T18:44:50.115422300, hook_id=29e4a49d-9276-46a4-bab8-7db471684dc0, hook_logs=[], logs=[], key=AFTER_METHOD, custom_metadata={}, event_ended_at=2026-04-20T18:44:50.384211900, test_location=AppiumSession_Cloud\src\test\java\AndroidAppiumTests\E2EEcommTests_POM.java}]}
18:44:50.409 [quitDriver@0] INFO  c.b.v2.module.TestHubModule - sendTestFrameworkEvent: event=com.browserstack.v2.eventBus.Event@6419201e, response=success: true

18:44:50.413 [quitDriver@0] INFO  c.b.v2.framework.TestNgFramework - trackEvent: found instance, testFrameworkState=TestFrameworkState.AFTER_CLASS hookState=HookState.PRE instance=144835724
18:44:50.413 [quitDriver@0] INFO  c.b.v2.framework.TestNgFramework - trackEvent: track hook events
18:44:50.421 [quitDriver@0] DEBUG c.browserstack.utils.UtilityMethods - [findFileMatcher] Current Path is :: C:\Users\MSUSERSL123\eclipse-workspace\AppiumSession_Cloud, TestClass :: AndroidAppiumTests\E2EEcommTests_POM
18:44:50.466 [quitDriver@1] INFO  c.b.v2.framework.TestNgFramework - args CHECK = [TestResult name=quitDriver status=SKIP method=EcommBaseTest.quitDriver()[pri:0, instance:AndroidAppiumTests.E2EEcommTests_POM@534e58b6] output={null}]
18:44:50.467 [quitDriver@1] INFO  c.b.v2.framework.TestNgFramework - Hook List in Post [{hook_name=quitDriver, hook_result=pending, test_file_path=AppiumSession_Cloud\src\test\java\AndroidAppiumTests\E2EEcommTests_POM.java, event_started_at=2026-04-20T18:44:50.211827800, hook_id=0ca2606f-b9a7-4441-8e4f-0716773f4a75, hook_logs=[], key=AFTER_METHOD, custom_metadata={}, test_location=AppiumSession_Cloud\src\test\java\AndroidAppiumTests\E2EEcommTests_POM.java}] and args = [[TestResult name=quitDriver status=SKIP method=EcommBaseTest.quitDriver()[pri:0, instance:AndroidAppiumTests.E2EEcommTests_POM@534e58b6] output={null}], EcommBaseTest.quitDriver()[pri:0, instance:AndroidAppiumTests.E2EEcommTests_POM@534e58b6]]
18:44:50.467 [quitDriver@1] INFO  c.b.v2.framework.TestNgFramework - Processing HookLevel attachments from directory: C:\Users\MSUSERSL123\.browserstack\UploadedAttachments-1\HookLevel
18:44:50.467 [quitDriver@1] INFO  c.b.v2.framework.TestNgFramework - Checking hookLevelFiles: []
18:44:50.468 [quitDriver@1] INFO  c.b.v2.framework.TestNgFramework - checking Paths of files = C:\Users\MSUSERSL123\.browserstack\UploadedAttachments-1\HookLevel\BuildLevelHookEvent and abs path = C:\Users\MSUSERSL123\.browserstack\UploadedAttachments-1\HookLevel\BuildLevelHookEvent 
18:44:50.468 [quitDriver@1] INFO  c.b.v2.framework.TestNgFramework - Processing BuildLevelHookEvent attachments from directory: C:\Users\MSUSERSL123\.browserstack\UploadedAttachments-1\HookLevel\BuildLevelHookEvent
18:44:50.469 [quitDriver@1] INFO  c.b.v2.framework.TestNgFramework - Processing TestLevel attachments eventLogs: []
18:44:50.469 [quitDriver@1] INFO  c.b.v2.framework.TestNgFramework - sendLogCreatedEvent: No Log Events to send
18:44:50.470 [quitDriver@1] INFO  c.b.v2.framework.TestNgFramework - trackHookEvents: hook state=AFTER_METHOD.HookState.POST , hooks started={AFTER_METHOD=[]} , hooks finished={AFTER_METHOD=[{hook_name=quitDriver, hook_result=skipped, test_file_path=AppiumSession_Cloud\src\test\java\AndroidAppiumTests\E2EEcommTests_POM.java, event_started_at=2026-04-20T18:44:50.211827800, hook_id=0ca2606f-b9a7-4441-8e4f-0716773f4a75, hook_logs=[], logs=[], key=AFTER_METHOD, custom_metadata={}, event_ended_at=2026-04-20T18:44:50.467613400, test_location=AppiumSession_Cloud\src\test\java\AndroidAppiumTests\E2EEcommTests_POM.java}]}
18:44:50.483 [quitDriver@1] INFO  c.b.v2.module.TestHubModule - sendTestFrameworkEvent: event=com.browserstack.v2.eventBus.Event@3e7f8b06, response=success: true

18:44:50.488 [quitDriver@1] INFO  c.b.v2.framework.TestNgFramework - trackEvent: found instance, testFrameworkState=TestFrameworkState.AFTER_CLASS hookState=HookState.PRE instance=144836686
18:44:50.489 [quitDriver@1] INFO  c.b.v2.framework.TestNgFramework - trackEvent: track hook events
18:44:50.493 [quitDriver@1] DEBUG c.browserstack.utils.UtilityMethods - [findFileMatcher] Current Path is :: C:\Users\MSUSERSL123\eclipse-workspace\AppiumSession_Cloud, TestClass :: AndroidAppiumTests\E2EEcommTests_POM
18:44:50.567 [quitDriver@0] INFO  c.b.v2.framework.TestNgFramework - args CHECK = [TestResult name=tearDown status=SKIP method=EcommBaseTest.tearDown()[pri:0, instance:AndroidAppiumTests.E2EEcommTests_POM@5981f4a6] output={null}]
18:44:50.567 [quitDriver@0] INFO  c.b.v2.framework.TestNgFramework - Hook Started in PRE key = AFTER_CLASS & hook = {hook_name=tearDown, hook_result=pending, test_file_path=AppiumSession_Cloud\src\test\java\AndroidAppiumTests\E2EEcommTests_POM.java, event_started_at=2026-04-20T18:44:50.567078300, hook_id=465cecab-cef7-4558-a0ce-41f45751d6fa, hook_logs=[], key=AFTER_CLASS, custom_metadata={}, test_location=AppiumSession_Cloud\src\test\java\AndroidAppiumTests\E2EEcommTests_POM.java}  and args = [[TestResult name=tearDown status=SKIP method=EcommBaseTest.tearDown()[pri:0, instance:AndroidAppiumTests.E2EEcommTests_POM@5981f4a6] output={null}], EcommBaseTest.tearDown()[pri:0, instance:AndroidAppiumTests.E2EEcommTests_POM@5981f4a6]]
18:44:50.567 [quitDriver@0] INFO  c.b.v2.framework.TestNgFramework - trackHookEvents: hook state=AFTER_CLASS.HookState.PRE , hooks started={AFTER_METHOD=[], AFTER_CLASS=[{hook_name=tearDown, hook_result=pending, test_file_path=AppiumSession_Cloud\src\test\java\AndroidAppiumTests\E2EEcommTests_POM.java, event_started_at=2026-04-20T18:44:50.567078300, hook_id=465cecab-cef7-4558-a0ce-41f45751d6fa, hook_logs=[], key=AFTER_CLASS, custom_metadata={}, test_location=AppiumSession_Cloud\src\test\java\AndroidAppiumTests\E2EEcommTests_POM.java}]} , hooks finished={AFTER_METHOD=[{hook_name=quitDriver, hook_result=skipped, test_file_path=AppiumSession_Cloud\src\test\java\AndroidAppiumTests\E2EEcommTests_POM.java, event_started_at=2026-04-20T18:44:50.115422300, hook_id=29e4a49d-9276-46a4-bab8-7db471684dc0, hook_logs=[], logs=[], key=AFTER_METHOD, custom_metadata={}, event_ended_at=2026-04-20T18:44:50.384211900, test_location=AppiumSession_Cloud\src\test\java\AndroidAppiumTests\E2EEcommTests_POM.java}], AFTER_CLASS=[]}
18:44:50.568 [quitDriver@0] INFO  c.b.v2.module.TestHubModule - Capturing CBT session for TestFrameworkState.AFTER_CLASS before driver.quit()
18:44:50.568 [quitDriver@0] INFO  c.b.v2.module.TestHubModule - Using hook UUID=465cecab-cef7-4558-a0ce-41f45751d6fa for CBTSessionCreated (state=TestFrameworkState.AFTER_CLASS)
18:44:50.577 [quitDriver@0] INFO  c.b.v2.module.TestHubModule - sendTestSessionEvent: event=com.browserstack.v2.eventBus.Event@1416645a, response=success: true

18:44:50.590 [quitDriver@0] INFO  c.b.v2.module.TestHubModule - sendTestFrameworkEvent: event=com.browserstack.v2.eventBus.Event@1416645a, response=success: true

18:44:50.595 [tearDown@0] INFO  c.b.v2.framework.TestNgFramework - trackEvent: found instance, testFrameworkState=TestFrameworkState.AFTER_CLASS hookState=HookState.POST instance=144835724
18:44:50.595 [tearDown@0] INFO  c.b.v2.framework.TestNgFramework - trackEvent: track hook events
18:44:50.605 [tearDown@0] DEBUG c.browserstack.utils.UtilityMethods - [findFileMatcher] Current Path is :: C:\Users\MSUSERSL123\eclipse-workspace\AppiumSession_Cloud, TestClass :: AndroidAppiumTests\E2EEcommTests_POM
18:44:50.649 [quitDriver@1] INFO  c.b.v2.framework.TestNgFramework - args CHECK = [TestResult name=tearDown status=SKIP method=EcommBaseTest.tearDown()[pri:0, instance:AndroidAppiumTests.E2EEcommTests_POM@534e58b6] output={null}]
18:44:50.649 [quitDriver@1] INFO  c.b.v2.framework.TestNgFramework - Hook Started in PRE key = AFTER_CLASS & hook = {hook_name=tearDown, hook_result=pending, test_file_path=AppiumSession_Cloud\src\test\java\AndroidAppiumTests\E2EEcommTests_POM.java, event_started_at=2026-04-20T18:44:50.649572100, hook_id=897d351c-25dd-47d4-8570-819be08ff4f0, hook_logs=[], key=AFTER_CLASS, custom_metadata={}, test_location=AppiumSession_Cloud\src\test\java\AndroidAppiumTests\E2EEcommTests_POM.java}  and args = [[TestResult name=tearDown status=SKIP method=EcommBaseTest.tearDown()[pri:0, instance:AndroidAppiumTests.E2EEcommTests_POM@534e58b6] output={null}], EcommBaseTest.tearDown()[pri:0, instance:AndroidAppiumTests.E2EEcommTests_POM@534e58b6]]
18:44:50.649 [quitDriver@1] INFO  c.b.v2.framework.TestNgFramework - trackHookEvents: hook state=AFTER_CLASS.HookState.PRE , hooks started={AFTER_METHOD=[], AFTER_CLASS=[{hook_name=tearDown, hook_result=pending, test_file_path=AppiumSession_Cloud\src\test\java\AndroidAppiumTests\E2EEcommTests_POM.java, event_started_at=2026-04-20T18:44:50.649572100, hook_id=897d351c-25dd-47d4-8570-819be08ff4f0, hook_logs=[], key=AFTER_CLASS, custom_metadata={}, test_location=AppiumSession_Cloud\src\test\java\AndroidAppiumTests\E2EEcommTests_POM.java}]} , hooks finished={AFTER_METHOD=[{hook_name=quitDriver, hook_result=skipped, test_file_path=AppiumSession_Cloud\src\test\java\AndroidAppiumTests\E2EEcommTests_POM.java, event_started_at=2026-04-20T18:44:50.211827800, hook_id=0ca2606f-b9a7-4441-8e4f-0716773f4a75, hook_logs=[], logs=[], key=AFTER_METHOD, custom_metadata={}, event_ended_at=2026-04-20T18:44:50.467613400, test_location=AppiumSession_Cloud\src\test\java\AndroidAppiumTests\E2EEcommTests_POM.java}], AFTER_CLASS=[]}
18:44:50.656 [quitDriver@1] INFO  c.b.v2.module.TestHubModule - Capturing CBT session for TestFrameworkState.AFTER_CLASS before driver.quit()
18:44:50.657 [quitDriver@1] INFO  c.b.v2.module.TestHubModule - Using hook UUID=897d351c-25dd-47d4-8570-819be08ff4f0 for CBTSessionCreated (state=TestFrameworkState.AFTER_CLASS)
18:44:50.673 [quitDriver@1] INFO  c.b.v2.module.TestHubModule - sendTestSessionEvent: event=com.browserstack.v2.eventBus.Event@2f77b78e, response=success: true

18:44:50.705 [quitDriver@1] INFO  c.b.v2.module.TestHubModule - sendTestFrameworkEvent: event=com.browserstack.v2.eventBus.Event@2f77b78e, response=success: true

18:44:50.761 [tearDown@1] INFO  c.b.v2.framework.TestNgFramework - trackEvent: found instance, testFrameworkState=TestFrameworkState.AFTER_CLASS hookState=HookState.POST instance=144836686
18:44:50.790 [tearDown@1] INFO  c.b.v2.framework.TestNgFramework - trackEvent: track hook events
18:44:50.811 [tearDown@1] DEBUG c.browserstack.utils.UtilityMethods - [findFileMatcher] Current Path is :: C:\Users\MSUSERSL123\eclipse-workspace\AppiumSession_Cloud, TestClass :: AndroidAppiumTests\E2EEcommTests_POM
18:44:51.081 [tearDown@0] INFO  c.b.v2.framework.TestNgFramework - args CHECK = [TestResult name=tearDown status=SKIP method=EcommBaseTest.tearDown()[pri:0, instance:AndroidAppiumTests.E2EEcommTests_POM@5981f4a6] output={null}]
18:44:51.087 [tearDown@0] INFO  c.b.v2.framework.TestNgFramework - Hook List in Post [{hook_name=tearDown, hook_result=pending, test_file_path=AppiumSession_Cloud\src\test\java\AndroidAppiumTests\E2EEcommTests_POM.java, event_started_at=2026-04-20T18:44:50.567078300, hook_id=465cecab-cef7-4558-a0ce-41f45751d6fa, hook_logs=[], key=AFTER_CLASS, custom_metadata={}, test_location=AppiumSession_Cloud\src\test\java\AndroidAppiumTests\E2EEcommTests_POM.java}] and args = [[TestResult name=tearDown status=SKIP method=EcommBaseTest.tearDown()[pri:0, instance:AndroidAppiumTests.E2EEcommTests_POM@5981f4a6] output={null}], EcommBaseTest.tearDown()[pri:0, instance:AndroidAppiumTests.E2EEcommTests_POM@5981f4a6]]
18:44:51.088 [tearDown@0] INFO  c.b.v2.framework.TestNgFramework - Processing HookLevel attachments from directory: C:\Users\MSUSERSL123\.browserstack\UploadedAttachments-0\HookLevel
18:44:51.088 [tearDown@0] INFO  c.b.v2.framework.TestNgFramework - Checking hookLevelFiles: []
18:44:51.088 [tearDown@0] INFO  c.b.v2.framework.TestNgFramework - checking Paths of files = C:\Users\MSUSERSL123\.browserstack\UploadedAttachments-0\HookLevel\BuildLevelHookEvent and abs path = C:\Users\MSUSERSL123\.browserstack\UploadedAttachments-0\HookLevel\BuildLevelHookEvent 
18:44:51.088 [tearDown@0] INFO  c.b.v2.framework.TestNgFramework - Processing BuildLevelHookEvent attachments from directory: C:\Users\MSUSERSL123\.browserstack\UploadedAttachments-0\HookLevel\BuildLevelHookEvent
18:44:51.089 [tearDown@0] INFO  c.b.v2.framework.TestNgFramework - Processing TestLevel attachments eventLogs: []
18:44:51.089 [tearDown@0] INFO  c.b.v2.framework.TestNgFramework - sendLogCreatedEvent: No Log Events to send
18:44:51.094 [tearDown@0] INFO  c.b.v2.framework.TestNgFramework - trackHookEvents: hook state=AFTER_CLASS.HookState.POST , hooks started={AFTER_METHOD=[], AFTER_CLASS=[]} , hooks finished={AFTER_METHOD=[{hook_name=quitDriver, hook_result=skipped, test_file_path=AppiumSession_Cloud\src\test\java\AndroidAppiumTests\E2EEcommTests_POM.java, event_started_at=2026-04-20T18:44:50.115422300, hook_id=29e4a49d-9276-46a4-bab8-7db471684dc0, hook_logs=[], logs=[], key=AFTER_METHOD, custom_metadata={}, event_ended_at=2026-04-20T18:44:50.384211900, test_location=AppiumSession_Cloud\src\test\java\AndroidAppiumTests\E2EEcommTests_POM.java}], AFTER_CLASS=[{hook_name=tearDown, hook_result=skipped, test_file_path=AppiumSession_Cloud\src\test\java\AndroidAppiumTests\E2EEcommTests_POM.java, event_started_at=2026-04-20T18:44:50.567078300, hook_id=465cecab-cef7-4558-a0ce-41f45751d6fa, hook_logs=[], logs=[], key=AFTER_CLASS, custom_metadata={}, event_ended_at=2026-04-20T18:44:51.087522200, test_location=AppiumSession_Cloud\src\test\java\AndroidAppiumTests\E2EEcommTests_POM.java}]}
18:44:51.132 [tearDown@0] INFO  c.b.v2.module.TestHubModule - sendTestFrameworkEvent: event=com.browserstack.v2.eventBus.Event@4b43444c, response=success: true

18:44:51.525 [tearDown@1] INFO  c.b.v2.framework.TestNgFramework - args CHECK = [TestResult name=tearDown status=SKIP method=EcommBaseTest.tearDown()[pri:0, instance:AndroidAppiumTests.E2EEcommTests_POM@534e58b6] output={null}]
18:44:51.525 [tearDown@1] INFO  c.b.v2.framework.TestNgFramework - Hook List in Post [{hook_name=tearDown, hook_result=pending, test_file_path=AppiumSession_Cloud\src\test\java\AndroidAppiumTests\E2EEcommTests_POM.java, event_started_at=2026-04-20T18:44:50.649572100, hook_id=897d351c-25dd-47d4-8570-819be08ff4f0, hook_logs=[], key=AFTER_CLASS, custom_metadata={}, test_location=AppiumSession_Cloud\src\test\java\AndroidAppiumTests\E2EEcommTests_POM.java}] and args = [[TestResult name=tearDown status=SKIP method=EcommBaseTest.tearDown()[pri:0, instance:AndroidAppiumTests.E2EEcommTests_POM@534e58b6] output={null}], EcommBaseTest.tearDown()[pri:0, instance:AndroidAppiumTests.E2EEcommTests_POM@534e58b6]]
18:44:51.526 [tearDown@1] INFO  c.b.v2.framework.TestNgFramework - Processing HookLevel attachments from directory: C:\Users\MSUSERSL123\.browserstack\UploadedAttachments-1\HookLevel
18:44:51.526 [tearDown@1] INFO  c.b.v2.framework.TestNgFramework - Checking hookLevelFiles: []
18:44:51.526 [tearDown@1] INFO  c.b.v2.framework.TestNgFramework - checking Paths of files = C:\Users\MSUSERSL123\.browserstack\UploadedAttachments-1\HookLevel\BuildLevelHookEvent and abs path = C:\Users\MSUSERSL123\.browserstack\UploadedAttachments-1\HookLevel\BuildLevelHookEvent 
18:44:51.527 [tearDown@1] INFO  c.b.v2.framework.TestNgFramework - Processing BuildLevelHookEvent attachments from directory: C:\Users\MSUSERSL123\.browserstack\UploadedAttachments-1\HookLevel\BuildLevelHookEvent
18:44:51.527 [tearDown@1] INFO  c.b.v2.framework.TestNgFramework - Processing TestLevel attachments eventLogs: []
18:44:51.527 [tearDown@1] INFO  c.b.v2.framework.TestNgFramework - sendLogCreatedEvent: No Log Events to send
18:44:51.528 [tearDown@1] INFO  c.b.v2.framework.TestNgFramework - trackHookEvents: hook state=AFTER_CLASS.HookState.POST , hooks started={AFTER_METHOD=[], AFTER_CLASS=[]} , hooks finished={AFTER_METHOD=[{hook_name=quitDriver, hook_result=skipped, test_file_path=AppiumSession_Cloud\src\test\java\AndroidAppiumTests\E2EEcommTests_POM.java, event_started_at=2026-04-20T18:44:50.211827800, hook_id=0ca2606f-b9a7-4441-8e4f-0716773f4a75, hook_logs=[], logs=[], key=AFTER_METHOD, custom_metadata={}, event_ended_at=2026-04-20T18:44:50.467613400, test_location=AppiumSession_Cloud\src\test\java\AndroidAppiumTests\E2EEcommTests_POM.java}], AFTER_CLASS=[{hook_name=tearDown, hook_result=skipped, test_file_path=AppiumSession_Cloud\src\test\java\AndroidAppiumTests\E2EEcommTests_POM.java, event_started_at=2026-04-20T18:44:50.649572100, hook_id=897d351c-25dd-47d4-8570-819be08ff4f0, hook_logs=[], logs=[], key=AFTER_CLASS, custom_metadata={}, event_ended_at=2026-04-20T18:44:51.526690700, test_location=AppiumSession_Cloud\src\test\java\AndroidAppiumTests\E2EEcommTests_POM.java}]}
18:44:51.557 [tearDown@1] INFO  c.b.v2.module.TestHubModule - sendTestFrameworkEvent: event=com.browserstack.v2.eventBus.Event@49dd2fc7, response=success: true

18:44:54.502 [tearDown@0] DEBUG c.browserstack.utils.UtilityMethods - quitWebDriverForCLIFlow: [Instance: 9564:48] Starting single instance quit process
18:44:54.502 [tearDown@0] DEBUG c.browserstack.utils.UtilityMethods - quitWebDriverForCLIFlow: [Instance: 9564:48] SdkCLI is running, getting tracked instance
18:44:54.503 [tearDown@2] DEBUG c.browserstack.utils.UtilityMethods - quitWebDriverForCLIFlow: [Instance: 9564:50] Starting single instance quit process
18:44:54.503 [tearDown@2] DEBUG c.browserstack.utils.UtilityMethods - quitWebDriverForCLIFlow: [Instance: 9564:50] SdkCLI is running, getting tracked instance
18:44:54.504 [tearDown@2] DEBUG c.browserstack.utils.UtilityMethods - quitWebDriverForCLIFlow: [Instance: 9564:50] Found tracked instance, getting driver
18:44:54.504 [tearDown@2] DEBUG c.browserstack.utils.UtilityMethods - quitWebDriverForCLIFlow: [Instance: 9564:50] Driver is null, nothing to quit
18:44:54.504 [tearDown@1] DEBUG c.browserstack.utils.UtilityMethods - quitWebDriverForCLIFlow: [Instance: 9564:49] Starting single instance quit process
18:44:54.504 [tearDown@1] DEBUG c.browserstack.utils.UtilityMethods - quitWebDriverForCLIFlow: [Instance: 9564:49] SdkCLI is running, getting tracked instance
18:44:54.504 [tearDown@1] DEBUG c.browserstack.utils.UtilityMethods - quitWebDriverForCLIFlow: [Instance: 9564:49] Found tracked instance, getting driver
18:44:54.504 [tearDown@1] DEBUG c.browserstack.utils.UtilityMethods - quitWebDriverForCLIFlow: [Instance: 9564:49] Driver is null, nothing to quit
18:44:54.504 [tearDown@0] DEBUG c.browserstack.utils.UtilityMethods - quitWebDriverForCLIFlow: [Instance: 9564:48] Found tracked instance, getting driver
18:44:54.504 [tearDown@0] DEBUG c.browserstack.utils.UtilityMethods - quitWebDriverForCLIFlow: [Instance: 9564:48] Driver is null, nothing to quit
18:44:54.917 [main] INFO  com.browserstack.testOps.Listener - logCreated: CLI is active
18:44:54.918 [main] INFO  com.browserstack.testOps.Listener - logCreated: CLI is active
18:44:54.925 [main] INFO  com.browserstack.testOps.Listener - logCreated: CLI is active
18:44:54.931 [main] INFO  com.browserstack.testOps.Listener - logCreated: CLI is active
18:44:54.935 [main] INFO  com.browserstack.testOps.Listener - logCreated: CLI is active
18:44:54.937 [main] INFO  com.browserstack.testOps.Listener - logCreated: CLI is active
18:44:54.995 [main] INFO  com.browserstack.testOps.Listener - logCreated: CLI is active
18:44:54.996 [main] INFO  com.browserstack.testOps.Listener - logCreated: CLI is active
18:44:54.996 [main] INFO  com.browserstack.testOps.Listener - logCreated: CLI is active
18:44:55.005 [main] INFO  com.browserstack.testOps.Listener - logCreated: CLI is active
18:44:55.006 [main] INFO  com.browserstack.testOps.Listener - logCreated: CLI is active
18:44:55.006 [main] INFO  com.browserstack.testOps.Listener - logCreated: CLI is active
18:44:55.014 [main] INFO  com.browserstack.testOps.Listener - logCreated: CLI is active
18:44:55.020 [main] INFO  com.browserstack.testOps.Listener - logCreated: CLI is active
18:44:55.021 [main] INFO  com.browserstack.testOps.Listener - logCreated: CLI is active
18:44:55.025 [main] INFO  com.browserstack.testOps.Listener - logCreated: CLI is active
18:44:55.026 [main] INFO  com.browserstack.testOps.Listener - logCreated: CLI is active
18:44:55.027 [main] INFO  com.browserstack.testOps.Listener - logCreated: CLI is active
18:44:56.083 [Thread-0] INFO  com.browserstack.testOps.Listener - onComplete: CLI is active
18:44:56.088 [Thread-0] INFO  com.browserstack.v2.SdkCLI - stop: cli stop triggered
18:44:58.049 [Thread-0] INFO  com.browserstack.v2.SdkCLI - stop: shutting down CLI
18:44:58.099 [Thread-0] INFO  com.browserstack.v2.SdkCLI - Attempting to delete directory: C:\Users\MSUSERSL123\.browserstack\UploadedAttachments-0
18:44:58.114 [Thread-0] INFO  com.browserstack.v2.SdkCLI - Deleted directory: C:\Users\MSUSERSL123\.browserstack\UploadedAttachments-0
18:44:58.115 [Thread-0] INFO  com.browserstack.v2.SdkCLI - Attempting to delete directory: C:\Users\MSUSERSL123\.browserstack\UploadedAttachments-1
18:44:58.126 [Thread-0] INFO  com.browserstack.v2.SdkCLI - Deleted directory: C:\Users\MSUSERSL123\.browserstack\UploadedAttachments-1
18:44:58.126 [Thread-0] INFO  com.browserstack.v2.SdkCLI - Attempting to delete directory: C:\Users\MSUSERSL123\.browserstack\UploadedAttachments-2
18:44:58.141 [Thread-0] INFO  com.browserstack.v2.SdkCLI - Deleted directory: C:\Users\MSUSERSL123\.browserstack\UploadedAttachments-2
18:44:59.411 [Thread-0] DEBUG c.browserstack.utils.UtilityMethods - Browserstack yml path passed - C:\Users\MSUSERSL123\eclipse-workspace\AppiumSession_Cloud\browserstack.yml
18:45:01.385 [Thread-0] DEBUG c.browserstack.utils.UtilityMethods - unable to delete debug log: java.nio.file.FileSystemException: C:\Users\MSUSERSL123\eclipse-workspace\AppiumSession_Cloud\log\browserstack-javaagent.debug.log: The process cannot access the file because it is being used by another process
	at java.base/sun.nio.fs.WindowsException.translateToIOException(WindowsException.java:92)
	at java.base/sun.nio.fs.WindowsException.rethrowAsIOException(WindowsException.java:103)
	at java.base/sun.nio.fs.WindowsException.rethrowAsIOException(WindowsException.java:108)
	at java.base/sun.nio.fs.WindowsFileSystemProvider.implDelete(WindowsFileSystemProvider.java:273)
	at java.base/sun.nio.fs.AbstractFileSystemProvider.deleteIfExists(AbstractFileSystemProvider.java:109)
	at java.base/java.nio.file.Files.deleteIfExists(Files.java:1191)
	at com.browserstack.utils.UtilityMethods.a(Unknown Source)
	at com.browserstack.utils.UtilityMethods.a(Unknown Source)
	at com.browserstack.utils.UtilityMethods.sendLogs(Unknown Source)
	at com.browserstack.BrowserStackJavaAgent$FinalExecution.a(Unknown Source)
	at com.browserstack.BrowserStackJavaAgent$FinalExecution.a(Unknown Source)
	at com.browserstack.BrowserStackJavaAgent$FinalExecution.run(Unknown Source)

18:45:01.388 [Thread-0] DEBUG c.browserstack.utils.UtilityMethods - Browserstack Gradle Config File does not exist.
18:45:01.392 [Thread-0] INFO  c.browserstack.BrowserStackJavaAgent - Visit https://automation.browserstack.com/builds/5umxmiipi7lom8eehenlegqydffelzrn4dgkjd08 to view build report, insights, and many more debugging information all at one place!
18:45:01.392 [Thread-0] INFO  c.b.config.BrowserStackConfig - INFO
18:45:01.399 [Thread-0] INFO  c.browserstack.utils.UtilityMethods - View build on BrowserStack dashboard: 
18:45:01.399 [Thread-0] INFO  c.b.config.BrowserStackConfig - INFO
18:45:01.400 [Thread-0] DEBUG c.browserstack.utils.UtilityMethods - quitAllWebDriversForCLIFlow: Starting cleanup process
18:45:01.400 [Thread-0] DEBUG c.browserstack.utils.UtilityMethods - quitAllWebDriversForCLIFlow: No automation framework instances found to quit for CLI flow
18:45:01.404 [Thread-0] INFO  c.browserstack.BrowserStackJavaAgent - SDK run ended for id: d95fd677-e3a9-4794-99aa-4b326e55707c, testhub id: 5umxmiipi7lom8eehenlegqydffelzrn4dgkjd08
18:45:01.404 [Thread-0] INFO  c.b.config.BrowserStackConfig - INFO
19:01:28.792 [main] DEBUG c.browserstack.BrowserStackJavaAgent - [AGENT] Found agent via ProtectionDomain: C:\Users\MSUSERSL123\.m2\repository\com\browserstack\browserstack-java-sdk\1.56.6\browserstack-java-sdk-1.56.6.jar
19:01:28.795 [main] INFO  c.browserstack.BrowserStackJavaAgent - [AGENT] Stored agent path for child processes: C:\Users\MSUSERSL123\.m2\repository\com\browserstack\browserstack-java-sdk\1.56.6\browserstack-java-sdk-1.56.6.jar
19:01:28.796 [main] DEBUG c.browserstack.BrowserStackJavaAgent - Extracted CLI argument from system : null
19:01:28.804 [main] INFO  c.browserstack.BrowserStackJavaAgent - Selenium version detected - 4.43.0
19:01:28.805 [main] INFO  c.browserstack.BrowserStackJavaAgent - Appium version detected - 10.0.0
19:01:29.070 [main] DEBUG c.b.config.BrowserStackConfig - Cli Config passed - {basedir=C\:\\Users\\MSUSERSL123\\eclipse-workspace\\AppiumSession_Cloud, localrepository=C\:\\Users\\MSUSERSL123\\.m2\\repository}
19:01:29.076 [main] INFO  c.b.config.BrowserStackConfig - Detected Framework testng
19:01:29.458 [main] DEBUG c.b.logger.BrowserstackLoggerFactory - Log Level set to INFO for logger ROOT
19:01:29.458 [main] DEBUG c.b.logger.BrowserstackLoggerFactory - Log Level set to TRACE for logger browserStackAutomationFileDebugger
19:01:29.458 [main] DEBUG c.b.logger.BrowserstackLoggerFactory - Log Level set to INFO for logger browserStackFileDebugger
19:01:29.458 [main] DEBUG c.b.logger.BrowserstackLoggerFactory - Log Level set to INFO for logger com
19:01:29.465 [main] INFO  c.browserstack.BrowserStackJavaAgent - Using app: [-bs://c04f78ea6bcf7d40da41abf7f2b26d867e4dad77]
19:01:29.465 [main] INFO  c.browserstack.BrowserStackJavaAgent - Framework set to testng
19:01:29.468 [main] INFO  c.browserstack.BrowserStackJavaAgent - SDK run started with id: 64bb7cb9-dca2-4909-9b57-16e61daeaadc
19:01:29.468 [main] INFO  c.b.config.BrowserStackConfig - INFO
19:01:34.038 [main] INFO  com.browserstack.v2.SdkCliUtils - CLI update check successful. Status: 200
19:01:40.754 [main] INFO  com.browserstack.v2.SdkCLI - spawning command='C:\Users\MSUSERSL123\.browserstack\cli\binary-win-x64.exe' 'sdk' 'tcp'
19:01:44.256 [ForkJoinPool.commonPool-worker-1] INFO  com.browserstack.v2.SdkCLI - loadCLIParams: start binSessionId=aec0fced-1909-412a-a0db-6e0382e37345 listenAddress=127.0.0.1:5400
19:02:08.247 [main] INFO  com.browserstack.v2.SdkCLI - loadBinResponse: Loading modules as per LoadBinResponse=bin_session_id: "aec0fced-1909-412a-a0db-6e0382e37345"
config: "{\"userName\":\"[REDACTED]\",\"accessKey\":\"[REDACTED]\",\"projectName\":\"BrowserStack Sample\",\"buildName\":\"browserstack build\",\"buildIdentifier\":\"#2\",\"app\":\"bs://c04f78ea6bcf7d40da41abf7f2b26d867e4dad77\",\"platforms\":[{\"deviceName\":\"Samsung Galaxy S22 Ultra\",\"platformVersion\":\"12.0\",\"platformName\":\"android\"},{\"deviceName\":\"Samsung Galaxy S21\",\"platformVersion\":\"11.0\",\"platformName\":\"android\"},{\"deviceName\":\"Google Pixel 6 Pro\",\"platformVersion\":\"12.0\",\"platformName\":\"android\"}],\"parallelsPerPlatform\":1,\"source\":\"java:appium-eclipse:v1.0.10\",\"browserstackLocal\":true,\"debug\":false,\"networkLogs\":false,\"consoleLogs\":\"errors\",\"browserStackLocalOptions\":{\"localIdentifier\":\"Apr_20_1901_DESKTOP-FRC4SK8_dos5\",\"key\":\"[REDACTED]\",\"skipBinaryInitialisation\":false},\"testObservability\":true,\"accessibility\":false,\"browserstackAutomation\":true,\"selfHeal\":false,\"disableAutoCaptureLogs\":false,\"testhub\":true,\"additionalPlatforms\":[],\"additionalParams\":{},\"testContextOptions\":{\"skipSessionStatus\":false,\"skipSessionName\":false},\"logDir\":\"C:\\\\Users\\\\MSUSERSL123\\\\eclipse-workspace\\\\AppiumSession_Cloud\\\\log\",\"testOrchestrationOptions\":{\"retryTestsOnFailure\":{},\"abortBuildOnFailure\":{}},\"apis\":{\"automate\":{\"hub\":\"https://hub.browserstack.com\",\"cdp\":\"https://cdp.browserstack.com\",\"api\":\"https://api.browserstack.com\",\"upload\":\"https://api-cloud.browserstack.com\"},\"appAutomate\":{\"hub\":\"https://hub.browserstack.com\",\"api\":\"https://api.browserstack.com\",\"upload\":\"https://api-cloud.browserstack.com\"},\"percy\":{\"api\":\"https://api.browserstack.com\"},\"turboScale\":{\"api\":\"https://grid.browserstack.com\"},\"accessibility\":{\"api\":\"https://accessibility.browserstack.com\"},\"appAccessibility\":{\"api\":\"https://app-accessibility.browserstack.com\"},\"observability\":{\"api\":\"https://collector-observability.browserstack.com\",\"upload\":\"https://upload-observability.browserstack.com\"},\"configServer\":{\"api\":\"https://sdk.browserstack.com\"},\"edsInstrumentation\":{\"api\":\"https://eds.browserstack.com\"},\"tcg\":{\"api\":\"https://tcg.browserstack.com\"}},\"hubUrl\":\"https://hub-aps.browserstack.com/wd/hub\",\"proxySettings\":{}}"
testhub {
  jwt: "eyJhbGciOiJSUzI1NiJ9.eyJleHAiOiIxNzc2NzAyNzA2IiwiaXNzIjoid3d3LmJyb3dzZXJzdGFjay5jb20iLCJzdWIiOjYyODUzNzgsInNjb3BlIjp7InByb2R1Y3QiOiJzZGsiLCJ1c2VyX2FjY2VzcyI6eyJ0ZXN0X29ic2VydmFiaWxpdHkiOjEsImF1dG9tYXRlIjoxLCJhcHBfYXV0b21hdGUiOjEsInBlcmN5IjoxLCJhcHBfcGVyY3kiOjEsImFjY2Vzc2liaWxpdHlfdGVzdGluZyI6MSwiYXBwX2FjY2Vzc2liaWxpdHlfdGVzdGluZyI6MSwiYXV0b21hdGVfdHVyYm9zY2FsZSI6MSwibG93X2NvZGVfYXV0b21hdGlvbiI6MX0sImlhYW1fcm9sZSI6Im93bmVyIn0sImdyb3VwX2lkIjo2MjAwNjI5LCJ0ZWFtX2lkIjpudWxsLCJ1ZGFjX2FjY2VzcyI6Imdsb2JhbCJ9.WuYCJ-tuJtpVOUYZz_NRD2zyCT6TDeKF0vCUticQ3ZYRT9vZ3AbIyrTaf7E1_P1Uz-4HOmppEx1lD4uaWOgvKf2ciIwMjbi36ZwImV55F2AJ7jebB_jzF6LrmQ4wsvN0qhwXcpcI1sH8INyuU5my4H9RdfyxwP96Lxu85HBb2U5WUdxZvlW6SEHHSTRvLpHzv5X_RQihlWDQI2KMrGN4IsQs53Q_fPPy-vsrsvMCzCGKfELq3dYL-IcWqDPQkTWqBABtVHAjFl57bJUqrP_-6iCAjYNfMp9_n9jYkFRXrGRJLKrFxDf1pNxzj--5E6ZY0zPuDLcVTDSO_dPBrNNq4g"
  build_hashed_id: "zerrekkj1n4tvejiqjjsd2en9kgd0pd9oq98skrf"
  testhub_events: true
}
observability {
  success: true
  options {
    allow_screenshots: "true"
  }
}
percy {
  5: "app"
}
session_framework: "selenium"
test_orchestration {
  retry_tests_on_failure {
  }
  abort_build_on_failure {
  }
}

19:02:08.285 [main] INFO  com.browserstack.v2.SdkCLI - startChild: child-process connected
19:02:08.288 [main] INFO  com.browserstack.v2.SdkCLI - startMain: main-process connected
19:02:08.747 [main] INFO  c.browserstack.BrowserStackJavaAgent - Project and debug logs are captured by default. To disable, set disableAutoCaptureLogs: true in config.
19:02:08.774 [main] INFO  com.browserstack.testOps.Listener - onStart: CLI is active
19:02:13.940 [main] INFO  com.browserstack.testOps.Listener - logCreated: CLI is active
19:02:13.941 [main] INFO  com.browserstack.testOps.Listener - logCreated: CLI is active
19:02:13.952 [main] INFO  com.browserstack.testOps.Listener - logCreated: CLI is active
19:02:13.952 [main] INFO  com.browserstack.testOps.Listener - logCreated: CLI is active
19:02:13.953 [main] INFO  com.browserstack.testOps.Listener - logCreated: CLI is active
19:02:13.960 [main] INFO  com.browserstack.testOps.Listener - logCreated: CLI is active
19:02:13.960 [main] INFO  com.browserstack.testOps.Listener - logCreated: CLI is active
19:02:13.960 [main] INFO  com.browserstack.testOps.Listener - logCreated: CLI is active
19:02:13.961 [main] INFO  com.browserstack.testOps.Listener - logCreated: CLI is active
19:02:13.961 [main] INFO  com.browserstack.testOps.Listener - logCreated: CLI is active
19:02:13.974 [main] INFO  com.browserstack.testOps.Listener - logCreated: CLI is active
19:02:13.974 [main] INFO  com.browserstack.testOps.Listener - logCreated: CLI is active
19:02:13.975 [main] INFO  com.browserstack.testOps.Listener - logCreated: CLI is active
19:02:13.975 [main] INFO  com.browserstack.testOps.Listener - logCreated: CLI is active
19:02:13.975 [main] INFO  com.browserstack.testOps.Listener - logCreated: CLI is active
19:02:13.981 [main] INFO  com.browserstack.testOps.Listener - logCreated: CLI is active
19:02:13.981 [main] INFO  com.browserstack.testOps.Listener - logCreated: CLI is active
19:02:13.982 [main] INFO  com.browserstack.testOps.Listener - logCreated: CLI is active
19:02:13.982 [main] INFO  com.browserstack.testOps.Listener - logCreated: CLI is active
19:02:13.983 [main] INFO  com.browserstack.testOps.Listener - logCreated: CLI is active
19:02:13.994 [main] INFO  com.browserstack.testOps.Listener - logCreated: CLI is active
19:02:13.995 [main] INFO  com.browserstack.testOps.Listener - logCreated: CLI is active
19:02:13.995 [main] INFO  com.browserstack.testOps.Listener - logCreated: CLI is active
19:02:14.002 [main] INFO  com.browserstack.testOps.Listener - logCreated: CLI is active
19:02:14.003 [main] INFO  com.browserstack.testOps.Listener - logCreated: CLI is active
19:02:14.003 [main] INFO  com.browserstack.testOps.Listener - logCreated: CLI is active
19:02:14.040 [main] INFO  com.browserstack.testOps.Listener - logCreated: CLI is active
19:02:14.042 [main] INFO  com.browserstack.testOps.Listener - logCreated: CLI is active
19:02:14.043 [main] INFO  com.browserstack.testOps.Listener - logCreated: CLI is active
19:02:14.043 [main] INFO  com.browserstack.testOps.Listener - logCreated: CLI is active
19:02:14.043 [main] INFO  com.browserstack.testOps.Listener - logCreated: CLI is active
19:02:14.046 [main] INFO  com.browserstack.testOps.Listener - logCreated: CLI is active
19:02:14.047 [main] INFO  com.browserstack.testOps.Listener - logCreated: CLI is active
19:02:14.048 [main] INFO  com.browserstack.testOps.Listener - logCreated: CLI is active
19:02:14.048 [main] INFO  com.browserstack.testOps.Listener - logCreated: CLI is active
19:02:14.048 [main] INFO  com.browserstack.testOps.Listener - logCreated: CLI is active
19:02:14.054 [main] INFO  com.browserstack.testOps.Listener - logCreated: CLI is active
19:02:14.060 [main] INFO  com.browserstack.testOps.Listener - logCreated: CLI is active
19:02:14.061 [main] INFO  com.browserstack.testOps.Listener - logCreated: CLI is active
19:02:14.061 [main] INFO  com.browserstack.testOps.Listener - logCreated: CLI is active
19:02:14.062 [main] INFO  com.browserstack.testOps.Listener - logCreated: CLI is active
19:02:14.064 [main] INFO  com.browserstack.testOps.Listener - logCreated: CLI is active
19:02:14.064 [main] INFO  com.browserstack.testOps.Listener - logCreated: CLI is active
19:02:14.065 [main] INFO  com.browserstack.testOps.Listener - logCreated: CLI is active
19:02:14.065 [main] INFO  com.browserstack.testOps.Listener - logCreated: CLI is active
19:02:14.065 [main] INFO  com.browserstack.testOps.Listener - logCreated: CLI is active
19:02:14.068 [main] INFO  com.browserstack.testOps.Listener - logCreated: CLI is active
19:02:14.068 [main] INFO  com.browserstack.testOps.Listener - logCreated: CLI is active
19:02:14.069 [main] INFO  com.browserstack.testOps.Listener - logCreated: CLI is active
19:02:14.071 [main] INFO  com.browserstack.testOps.Listener - logCreated: CLI is active
19:02:14.071 [main] INFO  com.browserstack.testOps.Listener - logCreated: CLI is active
19:02:14.072 [main] INFO  com.browserstack.testOps.Listener - logCreated: CLI is active
19:02:14.086 [main] INFO  com.browserstack.testOps.Listener - logCreated: CLI is active
19:02:14.086 [main] INFO  com.browserstack.testOps.Listener - logCreated: CLI is active
19:02:14.087 [main] INFO  com.browserstack.testOps.Listener - logCreated: CLI is active
19:02:14.087 [main] INFO  com.browserstack.testOps.Listener - logCreated: CLI is active
19:02:14.088 [main] INFO  com.browserstack.testOps.Listener - logCreated: CLI is active
19:02:14.091 [main] INFO  com.browserstack.testOps.Listener - logCreated: CLI is active
19:02:14.091 [main] INFO  com.browserstack.testOps.Listener - logCreated: CLI is active
19:02:14.093 [main] INFO  com.browserstack.testOps.Listener - logCreated: CLI is active
19:02:14.093 [main] INFO  com.browserstack.testOps.Listener - logCreated: CLI is active
19:02:14.093 [main] INFO  com.browserstack.testOps.Listener - logCreated: CLI is active
19:02:14.098 [main] INFO  com.browserstack.testOps.Listener - logCreated: CLI is active
19:02:14.100 [main] INFO  com.browserstack.testOps.Listener - logCreated: CLI is active
19:02:14.101 [main] INFO  com.browserstack.testOps.Listener - logCreated: CLI is active
19:02:14.103 [main] INFO  com.browserstack.testOps.Listener - logCreated: CLI is active
19:02:14.103 [main] INFO  com.browserstack.testOps.Listener - logCreated: CLI is active
19:02:14.111 [main] INFO  com.browserstack.testOps.Listener - logCreated: CLI is active
19:02:14.112 [main] INFO  com.browserstack.testOps.Listener - logCreated: CLI is active
19:02:14.113 [main] INFO  com.browserstack.testOps.Listener - logCreated: CLI is active
19:02:14.113 [main] INFO  com.browserstack.testOps.Listener - logCreated: CLI is active
19:02:14.113 [main] INFO  com.browserstack.testOps.Listener - logCreated: CLI is active
19:02:14.115 [main] INFO  com.browserstack.testOps.Listener - logCreated: CLI is active
19:02:14.116 [main] INFO  com.browserstack.testOps.Listener - logCreated: CLI is active
19:02:14.117 [main] INFO  com.browserstack.testOps.Listener - logCreated: CLI is active
19:02:14.119 [main] INFO  com.browserstack.testOps.Listener - logCreated: CLI is active
19:02:14.119 [main] INFO  com.browserstack.testOps.Listener - logCreated: CLI is active
19:02:14.119 [main] INFO  com.browserstack.testOps.Listener - logCreated: CLI is active
19:02:14.242 [TestNG-tests-2] INFO  c.b.v2.framework.TestNgFramework - trackTestNgTest: saved instance contextId=144836686 target=LongPressTest-1@1 instances=[51, 144836686]
19:02:14.242 [TestNG-tests-1] INFO  c.b.v2.framework.TestNgFramework - trackTestNgTest: saved instance contextId=144835724 target=LongPressTest-0@0 instances=[50, 51, 144836686, 144835724]
19:02:14.242 [TestNG-tests-2] INFO  c.b.v2.framework.TestNgFramework - trackEvent: found instance, testFrameworkState=TestFrameworkState.INIT_TEST hookState=HookState.PRE instance=144836686
19:02:14.243 [TestNG-tests-1] INFO  c.b.v2.framework.TestNgFramework - trackEvent: found instance, testFrameworkState=TestFrameworkState.INIT_TEST hookState=HookState.PRE instance=144835724
19:02:14.244 [TestNG-tests-1] INFO  c.b.v2.framework.TestNgFramework - trackEvent: loaded instance, testFrameworkState=TestFrameworkState.INIT_TEST hookState=HookState.PRE instance=144835724
19:02:14.244 [TestNG-tests-2] INFO  c.b.v2.framework.TestNgFramework - trackEvent: loaded instance, testFrameworkState=TestFrameworkState.INIT_TEST hookState=HookState.PRE instance=144836686
19:02:14.247 [TestNG-tests-3] INFO  c.b.v2.framework.TestNgFramework - trackTestNgTest: saved instance contextId=144837648 target=LongPressTest-2@2 instances=[50, 144837648, 51, 52, 144836686, 144835724]
19:02:14.248 [TestNG-tests-3] INFO  c.b.v2.framework.TestNgFramework - trackEvent: found instance, testFrameworkState=TestFrameworkState.INIT_TEST hookState=HookState.PRE instance=144837648
19:02:14.248 [TestNG-tests-3] INFO  c.b.v2.framework.TestNgFramework - trackEvent: loaded instance, testFrameworkState=TestFrameworkState.INIT_TEST hookState=HookState.PRE instance=144837648
19:02:14.967 [LongPressTest-2@2] INFO  c.b.v2.framework.TestNgFramework - trackEvent: found instance, testFrameworkState=TestFrameworkState.BEFORE_CLASS hookState=HookState.PRE instance=144837648
19:02:14.967 [LongPressTest-1@1] INFO  c.b.v2.framework.TestNgFramework - trackEvent: found instance, testFrameworkState=TestFrameworkState.BEFORE_CLASS hookState=HookState.PRE instance=144836686
19:02:14.968 [LongPressTest-0@0] INFO  c.b.v2.framework.TestNgFramework - trackEvent: found instance, testFrameworkState=TestFrameworkState.BEFORE_CLASS hookState=HookState.PRE instance=144835724
19:02:14.970 [LongPressTest-1@1] INFO  c.b.v2.framework.TestNgFramework - trackEvent: loaded common test data, testFrameworkState=TestFrameworkState.BEFORE_CLASS hookState=HookState.PRE instance=144836686
19:02:14.970 [LongPressTest-2@2] INFO  c.b.v2.framework.TestNgFramework - trackEvent: loaded common test data, testFrameworkState=TestFrameworkState.BEFORE_CLASS hookState=HookState.PRE instance=144837648
19:02:14.970 [LongPressTest-1@1] INFO  c.b.v2.framework.TestNgFramework - trackEvent: track hook events
19:02:14.971 [LongPressTest-2@2] INFO  c.b.v2.framework.TestNgFramework - trackEvent: track hook events
19:02:14.972 [LongPressTest-0@0] INFO  c.b.v2.framework.TestNgFramework - trackEvent: loaded common test data, testFrameworkState=TestFrameworkState.BEFORE_CLASS hookState=HookState.PRE instance=144835724
19:02:14.972 [LongPressTest-0@0] INFO  c.b.v2.framework.TestNgFramework - trackEvent: track hook events
19:02:15.020 [LongPressTest-0@0] DEBUG c.browserstack.utils.UtilityMethods - [findFileMatcher] Current Path is :: C:\Users\MSUSERSL123\eclipse-workspace\AppiumSession_Cloud, TestClass :: AndroidAppiumTests\E2EEcommTests_POM
19:02:15.020 [LongPressTest-2@2] DEBUG c.browserstack.utils.UtilityMethods - [findFileMatcher] Current Path is :: C:\Users\MSUSERSL123\eclipse-workspace\AppiumSession_Cloud, TestClass :: AndroidAppiumTests\E2EEcommTests_POM
19:02:15.030 [LongPressTest-1@1] DEBUG c.browserstack.utils.UtilityMethods - [findFileMatcher] Current Path is :: C:\Users\MSUSERSL123\eclipse-workspace\AppiumSession_Cloud, TestClass :: AndroidAppiumTests\E2EEcommTests_POM
19:02:15.377 [LongPressTest-2@2] INFO  c.b.v2.framework.TestNgFramework - args CHECK = [TestResult name=configureAppium status=STARTED method=EcommBaseTest.configureAppium()[pri:0, instance:AndroidAppiumTests.E2EEcommTests_POM@12fe1f28] output={null}]
19:02:15.377 [LongPressTest-1@1] INFO  c.b.v2.framework.TestNgFramework - args CHECK = [TestResult name=configureAppium status=STARTED method=EcommBaseTest.configureAppium()[pri:0, instance:AndroidAppiumTests.E2EEcommTests_POM@71e35c4] output={null}]
19:02:15.377 [LongPressTest-0@0] INFO  c.b.v2.framework.TestNgFramework - args CHECK = [TestResult name=configureAppium status=STARTED method=EcommBaseTest.configureAppium()[pri:0, instance:AndroidAppiumTests.E2EEcommTests_POM@7d78f3d5] output={null}]
19:02:15.383 [LongPressTest-0@0] INFO  c.b.v2.framework.TestNgFramework - Hook Started in PRE key = BEFORE_CLASS & hook = {hook_name=configureAppium, hook_result=pending, test_file_path=AppiumSession_Cloud\src\test\java\AndroidAppiumTests\E2EEcommTests_POM.java, event_started_at=2026-04-20T19:02:15.381850400, hook_id=68f5a914-443b-4a17-80a1-dc1bb2e46e16, hook_logs=[], key=BEFORE_CLASS, custom_metadata={}, test_location=AppiumSession_Cloud\src\test\java\AndroidAppiumTests\E2EEcommTests_POM.java}  and args = [[TestResult name=configureAppium status=STARTED method=EcommBaseTest.configureAppium()[pri:0, instance:AndroidAppiumTests.E2EEcommTests_POM@7d78f3d5] output={null}], EcommBaseTest.configureAppium()[pri:0, instance:AndroidAppiumTests.E2EEcommTests_POM@7d78f3d5]]
19:02:15.383 [LongPressTest-2@2] INFO  c.b.v2.framework.TestNgFramework - Hook Started in PRE key = BEFORE_CLASS & hook = {hook_name=configureAppium, hook_result=pending, test_file_path=AppiumSession_Cloud\src\test\java\AndroidAppiumTests\E2EEcommTests_POM.java, event_started_at=2026-04-20T19:02:15.381850400, hook_id=aa3b8087-e83b-4307-974a-d8a5273162ca, hook_logs=[], key=BEFORE_CLASS, custom_metadata={}, test_location=AppiumSession_Cloud\src\test\java\AndroidAppiumTests\E2EEcommTests_POM.java}  and args = [[TestResult name=configureAppium status=STARTED method=EcommBaseTest.configureAppium()[pri:0, instance:AndroidAppiumTests.E2EEcommTests_POM@12fe1f28] output={null}], EcommBaseTest.configureAppium()[pri:0, instance:AndroidAppiumTests.E2EEcommTests_POM@12fe1f28]]
19:02:15.383 [LongPressTest-1@1] INFO  c.b.v2.framework.TestNgFramework - Hook Started in PRE key = BEFORE_CLASS & hook = {hook_name=configureAppium, hook_result=pending, test_file_path=AppiumSession_Cloud\src\test\java\AndroidAppiumTests\E2EEcommTests_POM.java, event_started_at=2026-04-20T19:02:15.381850400, hook_id=c824efbd-bab9-479f-a1a9-a0524291b9e2, hook_logs=[], key=BEFORE_CLASS, custom_metadata={}, test_location=AppiumSession_Cloud\src\test\java\AndroidAppiumTests\E2EEcommTests_POM.java}  and args = [[TestResult name=configureAppium status=STARTED method=EcommBaseTest.configureAppium()[pri:0, instance:AndroidAppiumTests.E2EEcommTests_POM@71e35c4] output={null}], EcommBaseTest.configureAppium()[pri:0, instance:AndroidAppiumTests.E2EEcommTests_POM@71e35c4]]
19:02:15.384 [LongPressTest-1@1] INFO  c.b.v2.framework.TestNgFramework - trackHookEvents: hook state=BEFORE_CLASS.HookState.PRE , hooks started={BEFORE_CLASS=[{hook_name=configureAppium, hook_result=pending, test_file_path=AppiumSession_Cloud\src\test\java\AndroidAppiumTests\E2EEcommTests_POM.java, event_started_at=2026-04-20T19:02:15.381850400, hook_id=c824efbd-bab9-479f-a1a9-a0524291b9e2, hook_logs=[], key=BEFORE_CLASS, custom_metadata={}, test_location=AppiumSession_Cloud\src\test\java\AndroidAppiumTests\E2EEcommTests_POM.java}]} , hooks finished={BEFORE_CLASS=[]}
19:02:15.384 [LongPressTest-0@0] INFO  c.b.v2.framework.TestNgFramework - trackHookEvents: hook state=BEFORE_CLASS.HookState.PRE , hooks started={BEFORE_CLASS=[{hook_name=configureAppium, hook_result=pending, test_file_path=AppiumSession_Cloud\src\test\java\AndroidAppiumTests\E2EEcommTests_POM.java, event_started_at=2026-04-20T19:02:15.381850400, hook_id=68f5a914-443b-4a17-80a1-dc1bb2e46e16, hook_logs=[], key=BEFORE_CLASS, custom_metadata={}, test_location=AppiumSession_Cloud\src\test\java\AndroidAppiumTests\E2EEcommTests_POM.java}]} , hooks finished={BEFORE_CLASS=[]}
19:02:15.384 [LongPressTest-2@2] INFO  c.b.v2.framework.TestNgFramework - trackHookEvents: hook state=BEFORE_CLASS.HookState.PRE , hooks started={BEFORE_CLASS=[{hook_name=configureAppium, hook_result=pending, test_file_path=AppiumSession_Cloud\src\test\java\AndroidAppiumTests\E2EEcommTests_POM.java, event_started_at=2026-04-20T19:02:15.381850400, hook_id=aa3b8087-e83b-4307-974a-d8a5273162ca, hook_logs=[], key=BEFORE_CLASS, custom_metadata={}, test_location=AppiumSession_Cloud\src\test\java\AndroidAppiumTests\E2EEcommTests_POM.java}]} , hooks finished={BEFORE_CLASS=[]}
19:02:15.460 [LongPressTest-0@0] INFO  c.b.v2.module.TestHubModule - sendTestFrameworkEvent: event=com.browserstack.v2.eventBus.Event@32eceb34, response=success: true

19:02:15.460 [LongPressTest-2@2] INFO  c.b.v2.module.TestHubModule - sendTestFrameworkEvent: event=com.browserstack.v2.eventBus.Event@7ad6cb73, response=success: true

19:02:15.460 [LongPressTest-1@1] INFO  c.b.v2.module.TestHubModule - sendTestFrameworkEvent: event=com.browserstack.v2.eventBus.Event@557f8de8, response=success: true

19:02:17.151 [configureAppium@1] INFO  c.b.v2.framework.TestNgFramework - trackEvent: found instance, testFrameworkState=TestFrameworkState.BEFORE_CLASS hookState=HookState.POST instance=144836686
19:02:17.153 [configureAppium@2] INFO  c.b.v2.framework.TestNgFramework - trackEvent: found instance, testFrameworkState=TestFrameworkState.BEFORE_CLASS hookState=HookState.POST instance=144837648
19:02:17.157 [configureAppium@1] INFO  c.b.v2.framework.TestNgFramework - trackEvent: loaded common test data, testFrameworkState=TestFrameworkState.BEFORE_CLASS hookState=HookState.POST instance=144836686
19:02:17.157 [configureAppium@0] INFO  c.b.v2.framework.TestNgFramework - trackEvent: found instance, testFrameworkState=TestFrameworkState.BEFORE_CLASS hookState=HookState.POST instance=144835724
19:02:17.157 [configureAppium@1] INFO  c.b.v2.framework.TestNgFramework - trackEvent: track hook events
19:02:17.179 [configureAppium@0] INFO  c.b.v2.framework.TestNgFramework - trackEvent: loaded common test data, testFrameworkState=TestFrameworkState.BEFORE_CLASS hookState=HookState.POST instance=144835724
19:02:17.193 [configureAppium@0] INFO  c.b.v2.framework.TestNgFramework - trackEvent: track hook events
19:02:17.196 [configureAppium@2] INFO  c.b.v2.framework.TestNgFramework - trackEvent: loaded common test data, testFrameworkState=TestFrameworkState.BEFORE_CLASS hookState=HookState.POST instance=144837648
19:02:17.264 [configureAppium@1] DEBUG c.browserstack.utils.UtilityMethods - [findFileMatcher] Current Path is :: C:\Users\MSUSERSL123\eclipse-workspace\AppiumSession_Cloud, TestClass :: AndroidAppiumTests\E2EEcommTests_POM
19:02:17.265 [configureAppium@2] INFO  c.b.v2.framework.TestNgFramework - trackEvent: track hook events
19:02:17.266 [configureAppium@0] DEBUG c.browserstack.utils.UtilityMethods - [findFileMatcher] Current Path is :: C:\Users\MSUSERSL123\eclipse-workspace\AppiumSession_Cloud, TestClass :: AndroidAppiumTests\E2EEcommTests_POM
19:02:17.331 [configureAppium@2] DEBUG c.browserstack.utils.UtilityMethods - [findFileMatcher] Current Path is :: C:\Users\MSUSERSL123\eclipse-workspace\AppiumSession_Cloud, TestClass :: AndroidAppiumTests\E2EEcommTests_POM
19:02:17.932 [configureAppium@0] INFO  c.b.v2.framework.TestNgFramework - args CHECK = [TestResult name=configureAppium status=SUCCESS method=EcommBaseTest.configureAppium()[pri:0, instance:AndroidAppiumTests.E2EEcommTests_POM@7d78f3d5] output={null}]
19:02:17.933 [configureAppium@0] INFO  c.b.v2.framework.TestNgFramework - Hook List in Post [{hook_name=configureAppium, hook_result=pending, test_file_path=AppiumSession_Cloud\src\test\java\AndroidAppiumTests\E2EEcommTests_POM.java, event_started_at=2026-04-20T19:02:15.381850400, hook_id=68f5a914-443b-4a17-80a1-dc1bb2e46e16, hook_logs=[], key=BEFORE_CLASS, custom_metadata={}, test_location=AppiumSession_Cloud\src\test\java\AndroidAppiumTests\E2EEcommTests_POM.java}] and args = [[TestResult name=configureAppium status=SUCCESS method=EcommBaseTest.configureAppium()[pri:0, instance:AndroidAppiumTests.E2EEcommTests_POM@7d78f3d5] output={null}], EcommBaseTest.configureAppium()[pri:0, instance:AndroidAppiumTests.E2EEcommTests_POM@7d78f3d5]]
19:02:17.933 [configureAppium@0] INFO  c.b.v2.framework.TestNgFramework - Processing HookLevel attachments from directory: C:\Users\MSUSERSL123\.browserstack\UploadedAttachments-0\HookLevel
19:02:17.933 [configureAppium@0] INFO  c.b.v2.framework.TestNgFramework - Checking hookLevelFiles: []
19:02:17.934 [configureAppium@0] INFO  c.b.v2.framework.TestNgFramework - checking Paths of files = C:\Users\MSUSERSL123\.browserstack\UploadedAttachments-0\HookLevel\BuildLevelHookEvent and abs path = C:\Users\MSUSERSL123\.browserstack\UploadedAttachments-0\HookLevel\BuildLevelHookEvent 
19:02:17.934 [configureAppium@0] INFO  c.b.v2.framework.TestNgFramework - Processing BuildLevelHookEvent attachments from directory: C:\Users\MSUSERSL123\.browserstack\UploadedAttachments-0\HookLevel\BuildLevelHookEvent
19:02:17.934 [configureAppium@0] INFO  c.b.v2.framework.TestNgFramework - Processing TestLevel attachments eventLogs: []
19:02:17.934 [configureAppium@0] INFO  c.b.v2.framework.TestNgFramework - sendLogCreatedEvent: No Log Events to send
19:02:17.936 [configureAppium@0] INFO  c.b.v2.framework.TestNgFramework - trackHookEvents: hook state=BEFORE_CLASS.HookState.POST , hooks started={BEFORE_CLASS=[]} , hooks finished={BEFORE_CLASS=[{hook_name=configureAppium, hook_result=passed, test_file_path=AppiumSession_Cloud\src\test\java\AndroidAppiumTests\E2EEcommTests_POM.java, event_started_at=2026-04-20T19:02:15.381850400, hook_id=68f5a914-443b-4a17-80a1-dc1bb2e46e16, hook_logs=[], logs=[], key=BEFORE_CLASS, custom_metadata={}, event_ended_at=2026-04-20T19:02:17.933547500, test_location=AppiumSession_Cloud\src\test\java\AndroidAppiumTests\E2EEcommTests_POM.java}]}
19:02:17.945 [configureAppium@1] INFO  c.b.v2.framework.TestNgFramework - args CHECK = [TestResult name=configureAppium status=SUCCESS method=EcommBaseTest.configureAppium()[pri:0, instance:AndroidAppiumTests.E2EEcommTests_POM@71e35c4] output={null}]
19:02:17.946 [configureAppium@1] INFO  c.b.v2.framework.TestNgFramework - Hook List in Post [{hook_name=configureAppium, hook_result=pending, test_file_path=AppiumSession_Cloud\src\test\java\AndroidAppiumTests\E2EEcommTests_POM.java, event_started_at=2026-04-20T19:02:15.381850400, hook_id=c824efbd-bab9-479f-a1a9-a0524291b9e2, hook_logs=[], key=BEFORE_CLASS, custom_metadata={}, test_location=AppiumSession_Cloud\src\test\java\AndroidAppiumTests\E2EEcommTests_POM.java}] and args = [[TestResult name=configureAppium status=SUCCESS method=EcommBaseTest.configureAppium()[pri:0, instance:AndroidAppiumTests.E2EEcommTests_POM@71e35c4] output={null}], EcommBaseTest.configureAppium()[pri:0, instance:AndroidAppiumTests.E2EEcommTests_POM@71e35c4]]
19:02:17.947 [configureAppium@1] INFO  c.b.v2.framework.TestNgFramework - Processing HookLevel attachments from directory: C:\Users\MSUSERSL123\.browserstack\UploadedAttachments-1\HookLevel
19:02:17.947 [configureAppium@1] INFO  c.b.v2.framework.TestNgFramework - Checking hookLevelFiles: []
19:02:17.948 [configureAppium@1] INFO  c.b.v2.framework.TestNgFramework - checking Paths of files = C:\Users\MSUSERSL123\.browserstack\UploadedAttachments-1\HookLevel\BuildLevelHookEvent and abs path = C:\Users\MSUSERSL123\.browserstack\UploadedAttachments-1\HookLevel\BuildLevelHookEvent 
19:02:17.952 [configureAppium@1] INFO  c.b.v2.framework.TestNgFramework - Processing BuildLevelHookEvent attachments from directory: C:\Users\MSUSERSL123\.browserstack\UploadedAttachments-1\HookLevel\BuildLevelHookEvent
19:02:17.960 [configureAppium@1] INFO  c.b.v2.framework.TestNgFramework - Processing TestLevel attachments eventLogs: []
19:02:17.960 [configureAppium@1] INFO  c.b.v2.framework.TestNgFramework - sendLogCreatedEvent: No Log Events to send
19:02:17.960 [configureAppium@1] INFO  c.b.v2.framework.TestNgFramework - trackHookEvents: hook state=BEFORE_CLASS.HookState.POST , hooks started={BEFORE_CLASS=[]} , hooks finished={BEFORE_CLASS=[{hook_name=configureAppium, hook_result=passed, test_file_path=AppiumSession_Cloud\src\test\java\AndroidAppiumTests\E2EEcommTests_POM.java, event_started_at=2026-04-20T19:02:15.381850400, hook_id=c824efbd-bab9-479f-a1a9-a0524291b9e2, hook_logs=[], logs=[], key=BEFORE_CLASS, custom_metadata={}, event_ended_at=2026-04-20T19:02:17.946433300, test_location=AppiumSession_Cloud\src\test\java\AndroidAppiumTests\E2EEcommTests_POM.java}]}
19:02:17.961 [configureAppium@2] INFO  c.b.v2.framework.TestNgFramework - args CHECK = [TestResult name=configureAppium status=SUCCESS method=EcommBaseTest.configureAppium()[pri:0, instance:AndroidAppiumTests.E2EEcommTests_POM@12fe1f28] output={null}]
19:02:17.961 [configureAppium@2] INFO  c.b.v2.framework.TestNgFramework - Hook List in Post [{hook_name=configureAppium, hook_result=pending, test_file_path=AppiumSession_Cloud\src\test\java\AndroidAppiumTests\E2EEcommTests_POM.java, event_started_at=2026-04-20T19:02:15.381850400, hook_id=aa3b8087-e83b-4307-974a-d8a5273162ca, hook_logs=[], key=BEFORE_CLASS, custom_metadata={}, test_location=AppiumSession_Cloud\src\test\java\AndroidAppiumTests\E2EEcommTests_POM.java}] and args = [[TestResult name=configureAppium status=SUCCESS method=EcommBaseTest.configureAppium()[pri:0, instance:AndroidAppiumTests.E2EEcommTests_POM@12fe1f28] output={null}], EcommBaseTest.configureAppium()[pri:0, instance:AndroidAppiumTests.E2EEcommTests_POM@12fe1f28]]
19:02:17.964 [configureAppium@2] INFO  c.b.v2.framework.TestNgFramework - Processing HookLevel attachments from directory: C:\Users\MSUSERSL123\.browserstack\UploadedAttachments-2\HookLevel
19:02:17.964 [configureAppium@2] INFO  c.b.v2.framework.TestNgFramework - Checking hookLevelFiles: []
19:02:17.964 [configureAppium@2] INFO  c.b.v2.framework.TestNgFramework - checking Paths of files = C:\Users\MSUSERSL123\.browserstack\UploadedAttachments-2\HookLevel\BuildLevelHookEvent and abs path = C:\Users\MSUSERSL123\.browserstack\UploadedAttachments-2\HookLevel\BuildLevelHookEvent 
19:02:17.967 [configureAppium@2] INFO  c.b.v2.framework.TestNgFramework - Processing BuildLevelHookEvent attachments from directory: C:\Users\MSUSERSL123\.browserstack\UploadedAttachments-2\HookLevel\BuildLevelHookEvent
19:02:17.968 [configureAppium@2] INFO  c.b.v2.framework.TestNgFramework - Processing TestLevel attachments eventLogs: []
19:02:17.969 [configureAppium@2] INFO  c.b.v2.framework.TestNgFramework - sendLogCreatedEvent: No Log Events to send
19:02:17.975 [configureAppium@2] INFO  c.b.v2.framework.TestNgFramework - trackHookEvents: hook state=BEFORE_CLASS.HookState.POST , hooks started={BEFORE_CLASS=[]} , hooks finished={BEFORE_CLASS=[{hook_name=configureAppium, hook_result=passed, test_file_path=AppiumSession_Cloud\src\test\java\AndroidAppiumTests\E2EEcommTests_POM.java, event_started_at=2026-04-20T19:02:15.381850400, hook_id=aa3b8087-e83b-4307-974a-d8a5273162ca, hook_logs=[], logs=[], key=BEFORE_CLASS, custom_metadata={}, event_ended_at=2026-04-20T19:02:17.961925, test_location=AppiumSession_Cloud\src\test\java\AndroidAppiumTests\E2EEcommTests_POM.java}]}
19:02:17.978 [configureAppium@0] INFO  c.b.v2.module.TestHubModule - sendTestFrameworkEvent: event=com.browserstack.v2.eventBus.Event@1f2f8ac4, response=success: true

19:02:18.028 [configureAppium@1] INFO  c.b.v2.module.TestHubModule - sendTestFrameworkEvent: event=com.browserstack.v2.eventBus.Event@1909906, response=success: true

19:02:18.030 [configureAppium@2] INFO  c.b.v2.module.TestHubModule - sendTestFrameworkEvent: event=com.browserstack.v2.eventBus.Event@68ac8b6d, response=success: true

19:02:18.062 [configureAppium@0] INFO  c.b.v2.framework.TestNgFramework - trackEvent: found instance, testFrameworkState=TestFrameworkState.BEFORE_METHOD hookState=HookState.PRE instance=144835724
19:02:18.062 [configureAppium@0] INFO  c.b.v2.framework.TestNgFramework - trackEvent: loaded common test data, testFrameworkState=TestFrameworkState.BEFORE_METHOD hookState=HookState.PRE instance=144835724
19:02:18.062 [configureAppium@0] INFO  c.b.v2.framework.TestNgFramework - trackEvent: track hook events
19:02:18.062 [configureAppium@0] DEBUG c.browserstack.utils.UtilityMethods - [findFileMatcher] Current Path is :: C:\Users\MSUSERSL123\eclipse-workspace\AppiumSession_Cloud, TestClass :: AndroidAppiumTests\E2EEcommTests_POM
19:02:18.065 [configureAppium@2] INFO  c.b.v2.framework.TestNgFramework - trackEvent: found instance, testFrameworkState=TestFrameworkState.BEFORE_METHOD hookState=HookState.PRE instance=144837648
19:02:18.065 [configureAppium@2] INFO  c.b.v2.framework.TestNgFramework - trackEvent: loaded common test data, testFrameworkState=TestFrameworkState.BEFORE_METHOD hookState=HookState.PRE instance=144837648
19:02:18.065 [configureAppium@2] INFO  c.b.v2.framework.TestNgFramework - trackEvent: track hook events
19:02:18.066 [configureAppium@1] INFO  c.b.v2.framework.TestNgFramework - trackEvent: found instance, testFrameworkState=TestFrameworkState.BEFORE_METHOD hookState=HookState.PRE instance=144836686
19:02:18.066 [configureAppium@2] DEBUG c.browserstack.utils.UtilityMethods - [findFileMatcher] Current Path is :: C:\Users\MSUSERSL123\eclipse-workspace\AppiumSession_Cloud, TestClass :: AndroidAppiumTests\E2EEcommTests_POM
19:02:18.067 [configureAppium@1] INFO  c.b.v2.framework.TestNgFramework - trackEvent: loaded common test data, testFrameworkState=TestFrameworkState.BEFORE_METHOD hookState=HookState.PRE instance=144836686
19:02:18.067 [configureAppium@1] INFO  c.b.v2.framework.TestNgFramework - trackEvent: track hook events
19:02:18.067 [configureAppium@1] DEBUG c.browserstack.utils.UtilityMethods - [findFileMatcher] Current Path is :: C:\Users\MSUSERSL123\eclipse-workspace\AppiumSession_Cloud, TestClass :: AndroidAppiumTests\E2EEcommTests_POM
19:02:18.310 [configureAppium@0] INFO  c.b.v2.framework.TestNgFramework - args CHECK = [TestResult name=setUpDriver status=STARTED method=EcommBaseTest.setUpDriver()[pri:0, instance:AndroidAppiumTests.E2EEcommTests_POM@7d78f3d5] output={null}]
19:02:18.310 [configureAppium@0] INFO  c.b.v2.framework.TestNgFramework - Hook Started in PRE key = BEFORE_METHOD & hook = {hook_name=setUpDriver, hook_result=pending, test_file_path=AppiumSession_Cloud\src\test\java\AndroidAppiumTests\E2EEcommTests_POM.java, event_started_at=2026-04-20T19:02:18.310369800, hook_id=fbd231f9-a496-4723-84e8-64acfbad07aa, hook_logs=[], key=BEFORE_METHOD, custom_metadata={}, test_location=AppiumSession_Cloud\src\test\java\AndroidAppiumTests\E2EEcommTests_POM.java}  and args = [[TestResult name=setUpDriver status=STARTED method=EcommBaseTest.setUpDriver()[pri:0, instance:AndroidAppiumTests.E2EEcommTests_POM@7d78f3d5] output={null}], EcommBaseTest.setUpDriver()[pri:0, instance:AndroidAppiumTests.E2EEcommTests_POM@7d78f3d5]]
19:02:18.316 [configureAppium@0] INFO  c.b.v2.framework.TestNgFramework - trackHookEvents: hook state=BEFORE_METHOD.HookState.PRE , hooks started={BEFORE_METHOD=[{hook_name=setUpDriver, hook_result=pending, test_file_path=AppiumSession_Cloud\src\test\java\AndroidAppiumTests\E2EEcommTests_POM.java, event_started_at=2026-04-20T19:02:18.310369800, hook_id=fbd231f9-a496-4723-84e8-64acfbad07aa, hook_logs=[], key=BEFORE_METHOD, custom_metadata={}, test_location=AppiumSession_Cloud\src\test\java\AndroidAppiumTests\E2EEcommTests_POM.java}], BEFORE_CLASS=[]} , hooks finished={BEFORE_METHOD=[], BEFORE_CLASS=[{hook_name=configureAppium, hook_result=passed, test_file_path=AppiumSession_Cloud\src\test\java\AndroidAppiumTests\E2EEcommTests_POM.java, event_started_at=2026-04-20T19:02:15.381850400, hook_id=68f5a914-443b-4a17-80a1-dc1bb2e46e16, hook_logs=[], logs=[], key=BEFORE_CLASS, custom_metadata={}, event_ended_at=2026-04-20T19:02:17.933547500, test_location=AppiumSession_Cloud\src\test\java\AndroidAppiumTests\E2EEcommTests_POM.java}]}
19:02:18.317 [configureAppium@1] INFO  c.b.v2.framework.TestNgFramework - args CHECK = [TestResult name=setUpDriver status=STARTED method=EcommBaseTest.setUpDriver()[pri:0, instance:AndroidAppiumTests.E2EEcommTests_POM@71e35c4] output={null}]
19:02:18.317 [configureAppium@1] INFO  c.b.v2.framework.TestNgFramework - Hook Started in PRE key = BEFORE_METHOD & hook = {hook_name=setUpDriver, hook_result=pending, test_file_path=AppiumSession_Cloud\src\test\java\AndroidAppiumTests\E2EEcommTests_POM.java, event_started_at=2026-04-20T19:02:18.317864700, hook_id=7b01eed8-5c62-43bf-bb57-1c81cb4480d5, hook_logs=[], key=BEFORE_METHOD, custom_metadata={}, test_location=AppiumSession_Cloud\src\test\java\AndroidAppiumTests\E2EEcommTests_POM.java}  and args = [[TestResult name=setUpDriver status=STARTED method=EcommBaseTest.setUpDriver()[pri:0, instance:AndroidAppiumTests.E2EEcommTests_POM@71e35c4] output={null}], EcommBaseTest.setUpDriver()[pri:0, instance:AndroidAppiumTests.E2EEcommTests_POM@71e35c4]]
19:02:18.323 [configureAppium@1] INFO  c.b.v2.framework.TestNgFramework - trackHookEvents: hook state=BEFORE_METHOD.HookState.PRE , hooks started={BEFORE_METHOD=[{hook_name=setUpDriver, hook_result=pending, test_file_path=AppiumSession_Cloud\src\test\java\AndroidAppiumTests\E2EEcommTests_POM.java, event_started_at=2026-04-20T19:02:18.317864700, hook_id=7b01eed8-5c62-43bf-bb57-1c81cb4480d5, hook_logs=[], key=BEFORE_METHOD, custom_metadata={}, test_location=AppiumSession_Cloud\src\test\java\AndroidAppiumTests\E2EEcommTests_POM.java}], BEFORE_CLASS=[]} , hooks finished={BEFORE_METHOD=[], BEFORE_CLASS=[{hook_name=configureAppium, hook_result=passed, test_file_path=AppiumSession_Cloud\src\test\java\AndroidAppiumTests\E2EEcommTests_POM.java, event_started_at=2026-04-20T19:02:15.381850400, hook_id=c824efbd-bab9-479f-a1a9-a0524291b9e2, hook_logs=[], logs=[], key=BEFORE_CLASS, custom_metadata={}, event_ended_at=2026-04-20T19:02:17.946433300, test_location=AppiumSession_Cloud\src\test\java\AndroidAppiumTests\E2EEcommTests_POM.java}]}
19:02:18.345 [configureAppium@2] INFO  c.b.v2.framework.TestNgFramework - args CHECK = [TestResult name=setUpDriver status=STARTED method=EcommBaseTest.setUpDriver()[pri:0, instance:AndroidAppiumTests.E2EEcommTests_POM@12fe1f28] output={null}]
19:02:18.346 [configureAppium@2] INFO  c.b.v2.framework.TestNgFramework - Hook Started in PRE key = BEFORE_METHOD & hook = {hook_name=setUpDriver, hook_result=pending, test_file_path=AppiumSession_Cloud\src\test\java\AndroidAppiumTests\E2EEcommTests_POM.java, event_started_at=2026-04-20T19:02:18.346824700, hook_id=77bcf9b8-a731-4e8f-b509-d01d89f7aabb, hook_logs=[], key=BEFORE_METHOD, custom_metadata={}, test_location=AppiumSession_Cloud\src\test\java\AndroidAppiumTests\E2EEcommTests_POM.java}  and args = [[TestResult name=setUpDriver status=STARTED method=EcommBaseTest.setUpDriver()[pri:0, instance:AndroidAppiumTests.E2EEcommTests_POM@12fe1f28] output={null}], EcommBaseTest.setUpDriver()[pri:0, instance:AndroidAppiumTests.E2EEcommTests_POM@12fe1f28]]
19:02:18.365 [configureAppium@2] INFO  c.b.v2.framework.TestNgFramework - trackHookEvents: hook state=BEFORE_METHOD.HookState.PRE , hooks started={BEFORE_METHOD=[{hook_name=setUpDriver, hook_result=pending, test_file_path=AppiumSession_Cloud\src\test\java\AndroidAppiumTests\E2EEcommTests_POM.java, event_started_at=2026-04-20T19:02:18.346824700, hook_id=77bcf9b8-a731-4e8f-b509-d01d89f7aabb, hook_logs=[], key=BEFORE_METHOD, custom_metadata={}, test_location=AppiumSession_Cloud\src\test\java\AndroidAppiumTests\E2EEcommTests_POM.java}], BEFORE_CLASS=[]} , hooks finished={BEFORE_METHOD=[], BEFORE_CLASS=[{hook_name=configureAppium, hook_result=passed, test_file_path=AppiumSession_Cloud\src\test\java\AndroidAppiumTests\E2EEcommTests_POM.java, event_started_at=2026-04-20T19:02:15.381850400, hook_id=aa3b8087-e83b-4307-974a-d8a5273162ca, hook_logs=[], logs=[], key=BEFORE_CLASS, custom_metadata={}, event_ended_at=2026-04-20T19:02:17.961925, test_location=AppiumSession_Cloud\src\test\java\AndroidAppiumTests\E2EEcommTests_POM.java}]}
19:02:18.441 [configureAppium@0] INFO  c.b.v2.module.TestHubModule - sendTestFrameworkEvent: event=com.browserstack.v2.eventBus.Event@65bbc6de, response=success: true

19:02:18.444 [configureAppium@1] INFO  c.b.v2.module.TestHubModule - sendTestFrameworkEvent: event=com.browserstack.v2.eventBus.Event@217a6bf5, response=success: true

19:02:18.448 [configureAppium@2] INFO  c.b.v2.module.TestHubModule - sendTestFrameworkEvent: event=com.browserstack.v2.eventBus.Event@5a9f5fe9, response=success: true

19:02:19.645 [setUpDriver@2] DEBUG c.browserstack.utils.UtilityMethods - [Patch]: SDK enabled, patching remote server
19:02:19.645 [setUpDriver@1] DEBUG c.browserstack.utils.UtilityMethods - [Patch]: SDK enabled, patching remote server
19:02:19.645 [setUpDriver@0] DEBUG c.browserstack.utils.UtilityMethods - [Patch]: SDK enabled, patching remote server
19:02:19.651 [setUpDriver@1] DEBUG c.browserstack.utils.UtilityMethods - quitWebDriverForCLIFlow: [Instance: 1332:51] Starting single instance quit process
19:02:19.652 [setUpDriver@0] DEBUG c.browserstack.utils.UtilityMethods - quitWebDriverForCLIFlow: [Instance: 1332:50] Starting single instance quit process
19:02:19.653 [setUpDriver@0] DEBUG c.browserstack.utils.UtilityMethods - quitWebDriverForCLIFlow: [Instance: 1332:50] SdkCLI is running, getting tracked instance
19:02:19.653 [setUpDriver@2] DEBUG c.browserstack.utils.UtilityMethods - quitWebDriverForCLIFlow: [Instance: 1332:52] Starting single instance quit process
19:02:19.653 [setUpDriver@2] DEBUG c.browserstack.utils.UtilityMethods - quitWebDriverForCLIFlow: [Instance: 1332:52] SdkCLI is running, getting tracked instance
19:02:19.653 [setUpDriver@1] DEBUG c.browserstack.utils.UtilityMethods - quitWebDriverForCLIFlow: [Instance: 1332:51] SdkCLI is running, getting tracked instance
19:02:19.653 [setUpDriver@2] DEBUG c.browserstack.utils.UtilityMethods - quitWebDriverForCLIFlow: [Instance: 1332:52] AutomationFramework.getTrackedInstance() returned null, no driver to quit
19:02:19.653 [setUpDriver@0] DEBUG c.browserstack.utils.UtilityMethods - quitWebDriverForCLIFlow: [Instance: 1332:50] AutomationFramework.getTrackedInstance() returned null, no driver to quit
19:02:19.653 [setUpDriver@1] DEBUG c.browserstack.utils.UtilityMethods - quitWebDriverForCLIFlow: [Instance: 1332:51] AutomationFramework.getTrackedInstance() returned null, no driver to quit
19:02:19.657 [setUpDriver@1] INFO  c.b.v2.framework.SeleniumFramework - trackSeleniumTest: saved instance contextId=2046740661 target=1332:51 instances=[2046740661]
19:02:19.659 [setUpDriver@1] INFO  c.b.v2.module.WebdriverModule - onBeforeDriverCreate: event=com.browserstack.v2.eventBus.Event@72685477
19:02:19.661 [setUpDriver@0] INFO  c.b.v2.framework.SeleniumFramework - trackSeleniumTest: saved instance contextId=2046740660 target=1332:50 instances=[2046740660]
19:02:19.662 [setUpDriver@0] INFO  c.b.v2.module.WebdriverModule - onBeforeDriverCreate: event=com.browserstack.v2.eventBus.Event@19c079de
19:02:19.663 [setUpDriver@2] INFO  c.b.v2.framework.SeleniumFramework - trackSeleniumTest: saved instance contextId=2046740662 target=1332:52 instances=[2046740662]
19:02:19.664 [setUpDriver@2] INFO  c.b.v2.module.WebdriverModule - onBeforeDriverCreate: event=com.browserstack.v2.eventBus.Event@d804611
19:02:19.681 [setUpDriver@2] ERROR c.b.v2.eventBus.EventDispatcher - notifyModuleObservers: Unable to call observers for hookRegistry=AutomationFrameworkState.CREATE:HookState.PRE. Exception=java.lang.NoClassDefFoundError: org/openqa/selenium/chrome/ChromeOptions
	at com.browserstack.v2.instance.SeleniumInstance.processCapabilities(Unknown Source)
	at com.browserstack.v2.module.WebdriverModule.a(Unknown Source)
	at com.browserstack.v2.module.WebdriverModule.a(Unknown Source)
	at com.browserstack.v2.module.WebdriverModule.getDriverBinCapabilities(Unknown Source)
	at com.browserstack.v2.module.WebdriverModule.onBeforeDriverCreate(Unknown Source)
	at com.browserstack.v2.eventBus.EventDispatcher.notifyModuleObservers(Unknown Source)
	at com.browserstack.v2.framework.AutomationFramework.runHooks(Unknown Source)
	at com.browserstack.v2.framework.SeleniumFramework.trackEvent(Unknown Source)
	at com.browserstack.selenium.SeleniumHandler.getFinalDriverCaps(Unknown Source)
	at com.browserstack.selenium.SeleniumHandler.beforeDriverInit(Unknown Source)
	at org.openqa.selenium.remote.RemoteWebDriver.<init>(RemoteWebDriver.java)
	at io.appium.java_client.AppiumDriver.<init>(AppiumDriver.java:98)
	at io.appium.java_client.AppiumDriver.<init>(AppiumDriver.java:109)
	at io.appium.java_client.android.AndroidDriver.<init>(AndroidDriver.java:108)
	at BaseTests.EcommBaseTest.setUpDriver(EcommBaseTest.java:65)
	at java.base/jdk.internal.reflect.DirectMethodHandleAccessor.invoke(DirectMethodHandleAccessor.java:103)
	at java.base/java.lang.reflect.Method.invoke(Method.java:580)
	at org.testng.internal.invokers.MethodInvocationHelper.invokeMethod(MethodInvocationHelper.java:141)
	at org.testng.internal.invokers.MethodInvocationHelper.invokeMethodConsideringTimeout(MethodInvocationHelper.java:71)
	at org.testng.internal.invokers.ConfigInvoker.invokeConfigurationMethod(ConfigInvoker.java:400)
	at org.testng.internal.invokers.ConfigInvoker.invokeConfigurations(ConfigInvoker.java:333)
	at org.testng.internal.invokers.TestInvoker.runConfigMethods(TestInvoker.java:846)
	at org.testng.internal.invokers.TestInvoker.invokeMethod(TestInvoker.java:611)
	at org.testng.internal.invokers.TestInvoker.invokeTestMethod(TestInvoker.java:230)
	at org.testng.internal.invokers.MethodRunner.runInSequence(MethodRunner.java:63)
	at org.testng.internal.invokers.TestInvoker$MethodInvocationAgent.invoke(TestInvoker.java:1005)
	at org.testng.internal.invokers.TestInvoker.invokeTestMethods(TestInvoker.java:203)
	at org.testng.internal.invokers.TestMethodWorker.invokeTestMethods(TestMethodWorker.java:154)
	at org.testng.internal.invokers.TestMethodWorker.run(TestMethodWorker.java:134)
	at java.base/java.util.ArrayList.forEach(ArrayList.java:1596)
	at org.testng.TestRunner.privateRun(TestRunner.java:744)
	at org.testng.TestRunner.run(TestRunner.java:616)
	at org.testng.SuiteRunner.runTest(SuiteRunner.java:421)
	at org.testng.SuiteRunner$SuiteWorker.run(SuiteRunner.java:463)
	at org.testng.internal.thread.ThreadUtil.lambda$execute$0(ThreadUtil.java:64)
	at java.base/java.util.concurrent.FutureTask.run(FutureTask.java:317)
	at java.base/java.util.concurrent.ThreadPoolExecutor.runWorker(ThreadPoolExecutor.java:1144)
	at java.base/java.util.concurrent.ThreadPoolExecutor$Worker.run(ThreadPoolExecutor.java:642)
	at java.base/java.lang.Thread.run(Thread.java:1583)
Caused by: java.lang.ClassNotFoundException: org.openqa.selenium.chrome.ChromeOptions
	at java.base/jdk.internal.loader.BuiltinClassLoader.loadClass(BuiltinClassLoader.java:641)
	at java.base/jdk.internal.loader.ClassLoaders$AppClassLoader.loadClass(ClassLoaders.java:188)
	at java.base/java.lang.ClassLoader.loadClass(ClassLoader.java:526)
	... 39 more

19:02:19.681 [setUpDriver@0] ERROR c.b.v2.eventBus.EventDispatcher - notifyModuleObservers: Unable to call observers for hookRegistry=AutomationFrameworkState.CREATE:HookState.PRE. Exception=java.lang.NoClassDefFoundError: org/openqa/selenium/chrome/ChromeOptions
	at com.browserstack.v2.instance.SeleniumInstance.processCapabilities(Unknown Source)
	at com.browserstack.v2.module.WebdriverModule.a(Unknown Source)
	at com.browserstack.v2.module.WebdriverModule.a(Unknown Source)
	at com.browserstack.v2.module.WebdriverModule.getDriverBinCapabilities(Unknown Source)
	at com.browserstack.v2.module.WebdriverModule.onBeforeDriverCreate(Unknown Source)
	at com.browserstack.v2.eventBus.EventDispatcher.notifyModuleObservers(Unknown Source)
	at com.browserstack.v2.framework.AutomationFramework.runHooks(Unknown Source)
	at com.browserstack.v2.framework.SeleniumFramework.trackEvent(Unknown Source)
	at com.browserstack.selenium.SeleniumHandler.getFinalDriverCaps(Unknown Source)
	at com.browserstack.selenium.SeleniumHandler.beforeDriverInit(Unknown Source)
	at org.openqa.selenium.remote.RemoteWebDriver.<init>(RemoteWebDriver.java)
	at io.appium.java_client.AppiumDriver.<init>(AppiumDriver.java:98)
	at io.appium.java_client.AppiumDriver.<init>(AppiumDriver.java:109)
	at io.appium.java_client.android.AndroidDriver.<init>(AndroidDriver.java:108)
	at BaseTests.EcommBaseTest.setUpDriver(EcommBaseTest.java:65)
	at java.base/jdk.internal.reflect.DirectMethodHandleAccessor.invoke(DirectMethodHandleAccessor.java:103)
	at java.base/java.lang.reflect.Method.invoke(Method.java:580)
	at org.testng.internal.invokers.MethodInvocationHelper.invokeMethod(MethodInvocationHelper.java:141)
	at org.testng.internal.invokers.MethodInvocationHelper.invokeMethodConsideringTimeout(MethodInvocationHelper.java:71)
	at org.testng.internal.invokers.ConfigInvoker.invokeConfigurationMethod(ConfigInvoker.java:400)
	at org.testng.internal.invokers.ConfigInvoker.invokeConfigurations(ConfigInvoker.java:333)
	at org.testng.internal.invokers.TestInvoker.runConfigMethods(TestInvoker.java:846)
	at org.testng.internal.invokers.TestInvoker.invokeMethod(TestInvoker.java:611)
	at org.testng.internal.invokers.TestInvoker.invokeTestMethod(TestInvoker.java:230)
	at org.testng.internal.invokers.MethodRunner.runInSequence(MethodRunner.java:63)
	at org.testng.internal.invokers.TestInvoker$MethodInvocationAgent.invoke(TestInvoker.java:1005)
	at org.testng.internal.invokers.TestInvoker.invokeTestMethods(TestInvoker.java:203)
	at org.testng.internal.invokers.TestMethodWorker.invokeTestMethods(TestMethodWorker.java:154)
	at org.testng.internal.invokers.TestMethodWorker.run(TestMethodWorker.java:134)
	at java.base/java.util.ArrayList.forEach(ArrayList.java:1596)
	at org.testng.TestRunner.privateRun(TestRunner.java:744)
	at org.testng.TestRunner.run(TestRunner.java:616)
	at org.testng.SuiteRunner.runTest(SuiteRunner.java:421)
	at org.testng.SuiteRunner$SuiteWorker.run(SuiteRunner.java:463)
	at org.testng.internal.thread.ThreadUtil.lambda$execute$0(ThreadUtil.java:64)
	at java.base/java.util.concurrent.FutureTask.run(FutureTask.java:317)
	at java.base/java.util.concurrent.ThreadPoolExecutor.runWorker(ThreadPoolExecutor.java:1144)
	at java.base/java.util.concurrent.ThreadPoolExecutor$Worker.run(ThreadPoolExecutor.java:642)
	at java.base/java.lang.Thread.run(Thread.java:1583)
Caused by: java.lang.ClassNotFoundException: org.openqa.selenium.chrome.ChromeOptions
	... 39 more

19:02:19.683 [setUpDriver@1] ERROR c.b.v2.eventBus.EventDispatcher - notifyModuleObservers: Unable to call observers for hookRegistry=AutomationFrameworkState.CREATE:HookState.PRE. Exception=java.lang.NoClassDefFoundError: org/openqa/selenium/chrome/ChromeOptions
	at com.browserstack.v2.instance.SeleniumInstance.processCapabilities(Unknown Source)
	at com.browserstack.v2.module.WebdriverModule.a(Unknown Source)
	at com.browserstack.v2.module.WebdriverModule.a(Unknown Source)
	at com.browserstack.v2.module.WebdriverModule.getDriverBinCapabilities(Unknown Source)
	at com.browserstack.v2.module.WebdriverModule.onBeforeDriverCreate(Unknown Source)
	at com.browserstack.v2.eventBus.EventDispatcher.notifyModuleObservers(Unknown Source)
	at com.browserstack.v2.framework.AutomationFramework.runHooks(Unknown Source)
	at com.browserstack.v2.framework.SeleniumFramework.trackEvent(Unknown Source)
	at com.browserstack.selenium.SeleniumHandler.getFinalDriverCaps(Unknown Source)
	at com.browserstack.selenium.SeleniumHandler.beforeDriverInit(Unknown Source)
	at org.openqa.selenium.remote.RemoteWebDriver.<init>(RemoteWebDriver.java)
	at io.appium.java_client.AppiumDriver.<init>(AppiumDriver.java:98)
	at io.appium.java_client.AppiumDriver.<init>(AppiumDriver.java:109)
	at io.appium.java_client.android.AndroidDriver.<init>(AndroidDriver.java:108)
	at BaseTests.EcommBaseTest.setUpDriver(EcommBaseTest.java:65)
	at java.base/jdk.internal.reflect.DirectMethodHandleAccessor.invoke(DirectMethodHandleAccessor.java:103)
	at java.base/java.lang.reflect.Method.invoke(Method.java:580)
	at org.testng.internal.invokers.MethodInvocationHelper.invokeMethod(MethodInvocationHelper.java:141)
	at org.testng.internal.invokers.MethodInvocationHelper.invokeMethodConsideringTimeout(MethodInvocationHelper.java:71)
	at org.testng.internal.invokers.ConfigInvoker.invokeConfigurationMethod(ConfigInvoker.java:400)
	at org.testng.internal.invokers.ConfigInvoker.invokeConfigurations(ConfigInvoker.java:333)
	at org.testng.internal.invokers.TestInvoker.runConfigMethods(TestInvoker.java:846)
	at org.testng.internal.invokers.TestInvoker.invokeMethod(TestInvoker.java:611)
	at org.testng.internal.invokers.TestInvoker.invokeTestMethod(TestInvoker.java:230)
	at org.testng.internal.invokers.MethodRunner.runInSequence(MethodRunner.java:63)
	at org.testng.internal.invokers.TestInvoker$MethodInvocationAgent.invoke(TestInvoker.java:1005)
	at org.testng.internal.invokers.TestInvoker.invokeTestMethods(TestInvoker.java:203)
	at org.testng.internal.invokers.TestMethodWorker.invokeTestMethods(TestMethodWorker.java:154)
	at org.testng.internal.invokers.TestMethodWorker.run(TestMethodWorker.java:134)
	at java.base/java.util.ArrayList.forEach(ArrayList.java:1596)
	at org.testng.TestRunner.privateRun(TestRunner.java:744)
	at org.testng.TestRunner.run(TestRunner.java:616)
	at org.testng.SuiteRunner.runTest(SuiteRunner.java:421)
	at org.testng.SuiteRunner$SuiteWorker.run(SuiteRunner.java:463)
	at org.testng.internal.thread.ThreadUtil.lambda$execute$0(ThreadUtil.java:64)
	at java.base/java.util.concurrent.FutureTask.run(FutureTask.java:317)
	at java.base/java.util.concurrent.ThreadPoolExecutor.runWorker(ThreadPoolExecutor.java:1144)
	at java.base/java.util.concurrent.ThreadPoolExecutor$Worker.run(ThreadPoolExecutor.java:642)
	at java.base/java.lang.Thread.run(Thread.java:1583)
Caused by: java.lang.ClassNotFoundException: org.openqa.selenium.chrome.ChromeOptions
	... 39 more

19:02:19.696 [setUpDriver@2] DEBUG c.browserstack.utils.UtilityMethods - Optimal hub url from cli. https://hub-aps.browserstack.com/wd/hub
19:02:19.696 [setUpDriver@0] DEBUG c.browserstack.utils.UtilityMethods - Optimal hub url from cli. https://hub-aps.browserstack.com/wd/hub
19:02:19.698 [setUpDriver@1] DEBUG c.browserstack.utils.UtilityMethods - Optimal hub url from cli. https://hub-aps.browserstack.com/wd/hub
19:02:19.723 [setUpDriver@1] DEBUG c.browserstack.utils.UtilityMethods - [Patch]: SDK enabled, patching remote server
19:02:19.723 [setUpDriver@0] DEBUG c.browserstack.utils.UtilityMethods - [Patch]: SDK enabled, patching remote server
19:02:19.725 [setUpDriver@2] DEBUG c.browserstack.utils.UtilityMethods - [Patch]: SDK enabled, patching remote server
19:02:19.725 [setUpDriver@0] DEBUG c.browserstack.utils.UtilityMethods - quitWebDriverForCLIFlow: [Instance: 1332:50] Starting single instance quit process
19:02:19.725 [setUpDriver@1] DEBUG c.browserstack.utils.UtilityMethods - quitWebDriverForCLIFlow: [Instance: 1332:51] Starting single instance quit process
19:02:19.725 [setUpDriver@0] DEBUG c.browserstack.utils.UtilityMethods - quitWebDriverForCLIFlow: [Instance: 1332:50] SdkCLI is running, getting tracked instance
19:02:19.725 [setUpDriver@1] DEBUG c.browserstack.utils.UtilityMethods - quitWebDriverForCLIFlow: [Instance: 1332:51] SdkCLI is running, getting tracked instance
19:02:19.725 [setUpDriver@1] DEBUG c.browserstack.utils.UtilityMethods - quitWebDriverForCLIFlow: [Instance: 1332:51] Found tracked instance, getting driver
19:02:19.725 [setUpDriver@0] DEBUG c.browserstack.utils.UtilityMethods - quitWebDriverForCLIFlow: [Instance: 1332:50] Found tracked instance, getting driver
19:02:19.725 [setUpDriver@1] DEBUG c.browserstack.utils.UtilityMethods - quitWebDriverForCLIFlow: [Instance: 1332:51] Driver is null, nothing to quit
19:02:19.725 [setUpDriver@0] DEBUG c.browserstack.utils.UtilityMethods - quitWebDriverForCLIFlow: [Instance: 1332:50] Driver is null, nothing to quit
19:02:19.726 [setUpDriver@1] INFO  c.b.v2.framework.SeleniumFramework - trackSeleniumTest: saved instance contextId=2046740661 target=1332:51 instances=[2046740661]
19:02:19.726 [setUpDriver@2] DEBUG c.browserstack.utils.UtilityMethods - quitWebDriverForCLIFlow: [Instance: 1332:52] Starting single instance quit process
19:02:19.727 [setUpDriver@2] DEBUG c.browserstack.utils.UtilityMethods - quitWebDriverForCLIFlow: [Instance: 1332:52] SdkCLI is running, getting tracked instance
19:02:19.727 [setUpDriver@2] DEBUG c.browserstack.utils.UtilityMethods - quitWebDriverForCLIFlow: [Instance: 1332:52] Found tracked instance, getting driver
19:02:19.727 [setUpDriver@2] DEBUG c.browserstack.utils.UtilityMethods - quitWebDriverForCLIFlow: [Instance: 1332:52] Driver is null, nothing to quit
19:02:19.726 [setUpDriver@0] INFO  c.b.v2.framework.SeleniumFramework - trackSeleniumTest: saved instance contextId=2046740660 target=1332:50 instances=[2046740660]
19:02:19.728 [setUpDriver@2] INFO  c.b.v2.framework.SeleniumFramework - trackSeleniumTest: saved instance contextId=2046740662 target=1332:52 instances=[2046740662]
19:02:19.728 [setUpDriver@0] INFO  c.b.v2.module.WebdriverModule - onBeforeDriverCreate: event=com.browserstack.v2.eventBus.Event@46ec066
19:02:19.728 [setUpDriver@1] INFO  c.b.v2.module.WebdriverModule - onBeforeDriverCreate: event=com.browserstack.v2.eventBus.Event@5c0e914b
19:02:19.730 [setUpDriver@2] INFO  c.b.v2.module.WebdriverModule - onBeforeDriverCreate: event=com.browserstack.v2.eventBus.Event@143e76d6
19:02:19.733 [setUpDriver@0] DEBUG c.browserstack.utils.UtilityMethods - [Error]java.lang.NullPointerException: Cannot read field "capabilities" because "<local8>" is null
	at org.openqa.selenium.remote.RemoteWebDriver.<init>(RemoteWebDriver.java)
	at org.openqa.selenium.remote.RemoteWebDriver.<init>(RemoteWebDriver.java:199)
	at io.appium.java_client.AppiumDriver.<init>(AppiumDriver.java:98)
	at io.appium.java_client.AppiumDriver.<init>(AppiumDriver.java:109)
	at io.appium.java_client.android.AndroidDriver.<init>(AndroidDriver.java:108)
	at BaseTests.EcommBaseTest.setUpDriver(EcommBaseTest.java:65)
	at java.base/jdk.internal.reflect.DirectMethodHandleAccessor.invoke(DirectMethodHandleAccessor.java:103)
	at java.base/java.lang.reflect.Method.invoke(Method.java:580)
	at org.testng.internal.invokers.MethodInvocationHelper.invokeMethod(MethodInvocationHelper.java:141)
	at org.testng.internal.invokers.MethodInvocationHelper.invokeMethodConsideringTimeout(MethodInvocationHelper.java:71)
	at org.testng.internal.invokers.ConfigInvoker.invokeConfigurationMethod(ConfigInvoker.java:400)
	at org.testng.internal.invokers.ConfigInvoker.invokeConfigurations(ConfigInvoker.java:333)
	at org.testng.internal.invokers.TestInvoker.runConfigMethods(TestInvoker.java:846)
	at org.testng.internal.invokers.TestInvoker.invokeMethod(TestInvoker.java:611)
	at org.testng.internal.invokers.TestInvoker.invokeTestMethod(TestInvoker.java:230)
	at org.testng.internal.invokers.MethodRunner.runInSequence(MethodRunner.java:63)
	at org.testng.internal.invokers.TestInvoker$MethodInvocationAgent.invoke(TestInvoker.java:1005)
	at org.testng.internal.invokers.TestInvoker.invokeTestMethods(TestInvoker.java:203)
	at org.testng.internal.invokers.TestMethodWorker.invokeTestMethods(TestMethodWorker.java:154)
	at org.testng.internal.invokers.TestMethodWorker.run(TestMethodWorker.java:134)
	at java.base/java.util.ArrayList.forEach(ArrayList.java:1596)
	at org.testng.TestRunner.privateRun(TestRunner.java:744)
	at org.testng.TestRunner.run(TestRunner.java:616)
	at org.testng.SuiteRunner.runTest(SuiteRunner.java:421)
	at org.testng.SuiteRunner$SuiteWorker.run(SuiteRunner.java:463)
	at org.testng.internal.thread.ThreadUtil.lambda$execute$0(ThreadUtil.java:64)
	at java.base/java.util.concurrent.FutureTask.run(FutureTask.java:317)
	at java.base/java.util.concurrent.ThreadPoolExecutor.runWorker(ThreadPoolExecutor.java:1144)
	at java.base/java.util.concurrent.ThreadPoolExecutor$Worker.run(ThreadPoolExecutor.java:642)
	at java.base/java.lang.Thread.run(Thread.java:1583)

19:02:19.734 [setUpDriver@0] DEBUG c.browserstack.utils.UtilityMethods - Optimal hub url from cli. https://hub-aps.browserstack.com/wd/hub
19:02:19.734 [setUpDriver@1] DEBUG c.browserstack.utils.UtilityMethods - [Error]java.lang.NullPointerException: Cannot read field "capabilities" because "<local8>" is null
	at org.openqa.selenium.remote.RemoteWebDriver.<init>(RemoteWebDriver.java)
	at org.openqa.selenium.remote.RemoteWebDriver.<init>(RemoteWebDriver.java:199)
	at io.appium.java_client.AppiumDriver.<init>(AppiumDriver.java:98)
	at io.appium.java_client.AppiumDriver.<init>(AppiumDriver.java:109)
	at io.appium.java_client.android.AndroidDriver.<init>(AndroidDriver.java:108)
	at BaseTests.EcommBaseTest.setUpDriver(EcommBaseTest.java:65)
	at java.base/jdk.internal.reflect.DirectMethodHandleAccessor.invoke(DirectMethodHandleAccessor.java:103)
	at java.base/java.lang.reflect.Method.invoke(Method.java:580)
	at org.testng.internal.invokers.MethodInvocationHelper.invokeMethod(MethodInvocationHelper.java:141)
	at org.testng.internal.invokers.MethodInvocationHelper.invokeMethodConsideringTimeout(MethodInvocationHelper.java:71)
	at org.testng.internal.invokers.ConfigInvoker.invokeConfigurationMethod(ConfigInvoker.java:400)
	at org.testng.internal.invokers.ConfigInvoker.invokeConfigurations(ConfigInvoker.java:333)
	at org.testng.internal.invokers.TestInvoker.runConfigMethods(TestInvoker.java:846)
	at org.testng.internal.invokers.TestInvoker.invokeMethod(TestInvoker.java:611)
	at org.testng.internal.invokers.TestInvoker.invokeTestMethod(TestInvoker.java:230)
	at org.testng.internal.invokers.MethodRunner.runInSequence(MethodRunner.java:63)
	at org.testng.internal.invokers.TestInvoker$MethodInvocationAgent.invoke(TestInvoker.java:1005)
	at org.testng.internal.invokers.TestInvoker.invokeTestMethods(TestInvoker.java:203)
	at org.testng.internal.invokers.TestMethodWorker.invokeTestMethods(TestMethodWorker.java:154)
	at org.testng.internal.invokers.TestMethodWorker.run(TestMethodWorker.java:134)
	at java.base/java.util.ArrayList.forEach(ArrayList.java:1596)
	at org.testng.TestRunner.privateRun(TestRunner.java:744)
	at org.testng.TestRunner.run(TestRunner.java:616)
	at org.testng.SuiteRunner.runTest(SuiteRunner.java:421)
	at org.testng.SuiteRunner$SuiteWorker.run(SuiteRunner.java:463)
	at org.testng.internal.thread.ThreadUtil.lambda$execute$0(ThreadUtil.java:64)
	at java.base/java.util.concurrent.FutureTask.run(FutureTask.java:317)
	at java.base/java.util.concurrent.ThreadPoolExecutor.runWorker(ThreadPoolExecutor.java:1144)
	at java.base/java.util.concurrent.ThreadPoolExecutor$Worker.run(ThreadPoolExecutor.java:642)
	at java.base/java.lang.Thread.run(Thread.java:1583)

19:02:19.739 [setUpDriver@2] DEBUG c.browserstack.utils.UtilityMethods - [Error]java.lang.NullPointerException: Cannot read field "capabilities" because "<local8>" is null
	at org.openqa.selenium.remote.RemoteWebDriver.<init>(RemoteWebDriver.java)
	at org.openqa.selenium.remote.RemoteWebDriver.<init>(RemoteWebDriver.java:199)
	at io.appium.java_client.AppiumDriver.<init>(AppiumDriver.java:98)
	at io.appium.java_client.AppiumDriver.<init>(AppiumDriver.java:109)
	at io.appium.java_client.android.AndroidDriver.<init>(AndroidDriver.java:108)
	at BaseTests.EcommBaseTest.setUpDriver(EcommBaseTest.java:65)
	at java.base/jdk.internal.reflect.DirectMethodHandleAccessor.invoke(DirectMethodHandleAccessor.java:103)
	at java.base/java.lang.reflect.Method.invoke(Method.java:580)
	at org.testng.internal.invokers.MethodInvocationHelper.invokeMethod(MethodInvocationHelper.java:141)
	at org.testng.internal.invokers.MethodInvocationHelper.invokeMethodConsideringTimeout(MethodInvocationHelper.java:71)
	at org.testng.internal.invokers.ConfigInvoker.invokeConfigurationMethod(ConfigInvoker.java:400)
	at org.testng.internal.invokers.ConfigInvoker.invokeConfigurations(ConfigInvoker.java:333)
	at org.testng.internal.invokers.TestInvoker.runConfigMethods(TestInvoker.java:846)
	at org.testng.internal.invokers.TestInvoker.invokeMethod(TestInvoker.java:611)
	at org.testng.internal.invokers.TestInvoker.invokeTestMethod(TestInvoker.java:230)
	at org.testng.internal.invokers.MethodRunner.runInSequence(MethodRunner.java:63)
	at org.testng.internal.invokers.TestInvoker$MethodInvocationAgent.invoke(TestInvoker.java:1005)
	at org.testng.internal.invokers.TestInvoker.invokeTestMethods(TestInvoker.java:203)
	at org.testng.internal.invokers.TestMethodWorker.invokeTestMethods(TestMethodWorker.java:154)
	at org.testng.internal.invokers.TestMethodWorker.run(TestMethodWorker.java:134)
	at java.base/java.util.ArrayList.forEach(ArrayList.java:1596)
	at org.testng.TestRunner.privateRun(TestRunner.java:744)
	at org.testng.TestRunner.run(TestRunner.java:616)
	at org.testng.SuiteRunner.runTest(SuiteRunner.java:421)
	at org.testng.SuiteRunner$SuiteWorker.run(SuiteRunner.java:463)
	at org.testng.internal.thread.ThreadUtil.lambda$execute$0(ThreadUtil.java:64)
	at java.base/java.util.concurrent.FutureTask.run(FutureTask.java:317)
	at java.base/java.util.concurrent.ThreadPoolExecutor.runWorker(ThreadPoolExecutor.java:1144)
	at java.base/java.util.concurrent.ThreadPoolExecutor$Worker.run(ThreadPoolExecutor.java:642)
	at java.base/java.lang.Thread.run(Thread.java:1583)

19:02:19.740 [setUpDriver@1] DEBUG c.browserstack.utils.UtilityMethods - Optimal hub url from cli. https://hub-aps.browserstack.com/wd/hub
19:02:19.741 [setUpDriver@2] DEBUG c.browserstack.utils.UtilityMethods - Optimal hub url from cli. https://hub-aps.browserstack.com/wd/hub
19:02:19.754 [setUpDriver@2] DEBUG c.browserstack.utils.UtilityMethods - [Patch]: SDK enabled, patching remote server
19:02:19.754 [setUpDriver@0] DEBUG c.browserstack.utils.UtilityMethods - [Patch]: SDK enabled, patching remote server
19:02:19.756 [setUpDriver@1] DEBUG c.browserstack.utils.UtilityMethods - [Patch]: SDK enabled, patching remote server
19:02:19.787 [setUpDriver@1] INFO  c.b.v2.module.WebdriverModule - beforeCommandExecute: event=com.browserstack.v2.eventBus.Event@64f313b0
19:02:19.787 [setUpDriver@0] INFO  c.b.v2.module.WebdriverModule - beforeCommandExecute: event=com.browserstack.v2.eventBus.Event@d364c05
19:02:19.787 [setUpDriver@2] INFO  c.b.v2.module.WebdriverModule - beforeCommandExecute: event=com.browserstack.v2.eventBus.Event@7cab237
19:02:19.817 [setUpDriver@2] DEBUG c.browserstack.utils.UtilityMethods - [Patch]: Error while performing execute command with error Could not start a new session. Possible causes are invalid address of the remote server or browser start-up failure. 
Host info: host: 'DESKTOP-FRC4SK8', ip: '192.168.1.8'
Build info: version: '4.43.0', revision: 'dd0f534'
System info: os.name: 'Windows 11', os.arch: 'amd64', os.version: '10.0', java.version: '21.0.8'
Driver info: io.appium.java_client.android.AndroidDriver
Command: [null, newSession {capabilities=[null]}]
Capabilities {}
19:02:19.817 [setUpDriver@0] DEBUG c.browserstack.utils.UtilityMethods - [Patch]: Error while performing execute command with error Could not start a new session. Possible causes are invalid address of the remote server or browser start-up failure. 
Host info: host: 'DESKTOP-FRC4SK8', ip: '192.168.1.8'
Build info: version: '4.43.0', revision: 'dd0f534'
System info: os.name: 'Windows 11', os.arch: 'amd64', os.version: '10.0', java.version: '21.0.8'
Driver info: io.appium.java_client.android.AndroidDriver
Command: [null, newSession {capabilities=[null]}]
Capabilities {}
19:02:19.817 [setUpDriver@1] DEBUG c.browserstack.utils.UtilityMethods - [Patch]: Error while performing execute command with error Could not start a new session. Possible causes are invalid address of the remote server or browser start-up failure. 
Host info: host: 'DESKTOP-FRC4SK8', ip: '192.168.1.8'
Build info: version: '4.43.0', revision: 'dd0f534'
System info: os.name: 'Windows 11', os.arch: 'amd64', os.version: '10.0', java.version: '21.0.8'
Driver info: io.appium.java_client.android.AndroidDriver
Command: [null, newSession {capabilities=[null]}]
Capabilities {}
19:02:19.819 [setUpDriver@1] INFO  c.b.v2.module.WebdriverModule - afterCommandExecute: event=com.browserstack.v2.eventBus.Event@10215131
19:02:19.819 [setUpDriver@1] INFO  c.b.v2.module.ObservabilityModule - THREAD ID Inside Process= 1
19:02:19.819 [setUpDriver@2] INFO  c.b.v2.module.WebdriverModule - afterCommandExecute: event=com.browserstack.v2.eventBus.Event@2440a88b
19:02:19.820 [setUpDriver@1] INFO  c.b.v2.module.ObservabilityModule - Processing TestLevel attachments from directory: C:\Users\MSUSERSL123\.browserstack\UploadedAttachments-1\TestLevel
19:02:19.820 [setUpDriver@2] INFO  c.b.v2.module.ObservabilityModule - THREAD ID Inside Process= 2
19:02:19.820 [setUpDriver@2] INFO  c.b.v2.module.ObservabilityModule - Processing TestLevel attachments from directory: C:\Users\MSUSERSL123\.browserstack\UploadedAttachments-2\TestLevel
19:02:19.821 [setUpDriver@0] INFO  c.b.v2.module.WebdriverModule - afterCommandExecute: event=com.browserstack.v2.eventBus.Event@69d778ea
19:02:19.821 [setUpDriver@0] INFO  c.b.v2.module.ObservabilityModule - THREAD ID Inside Process= 0
19:02:19.821 [setUpDriver@0] INFO  c.b.v2.module.ObservabilityModule - Processing TestLevel attachments from directory: C:\Users\MSUSERSL123\.browserstack\UploadedAttachments-0\TestLevel
19:02:19.822 [setUpDriver@2] INFO  c.b.v2.module.ObservabilityModule - Processing BuildLevel attachments from directory: C:\Users\MSUSERSL123\.browserstack\UploadedAttachments-2\BuildLevel
19:02:19.822 [setUpDriver@0] INFO  c.b.v2.module.ObservabilityModule - Processing BuildLevel attachments from directory: C:\Users\MSUSERSL123\.browserstack\UploadedAttachments-0\BuildLevel
19:02:19.823 [setUpDriver@0] INFO  c.b.v2.module.ObservabilityModule - Processing attachments eventLogs: []
19:02:19.823 [setUpDriver@1] INFO  c.b.v2.module.ObservabilityModule - Processing BuildLevel attachments from directory: C:\Users\MSUSERSL123\.browserstack\UploadedAttachments-1\BuildLevel
19:02:19.824 [setUpDriver@1] INFO  c.b.v2.module.ObservabilityModule - Processing attachments eventLogs: []
19:02:19.825 [setUpDriver@1] INFO  c.b.v2.module.ObservabilityModule - sendLogCreatedEvent: No Log Events to send
19:02:19.826 [setUpDriver@2] INFO  c.b.v2.module.ObservabilityModule - Processing attachments eventLogs: []
19:02:19.826 [setUpDriver@2] INFO  c.b.v2.module.ObservabilityModule - sendLogCreatedEvent: No Log Events to send
19:02:19.823 [setUpDriver@0] INFO  c.b.v2.module.ObservabilityModule - sendLogCreatedEvent: No Log Events to send
19:02:19.837 [setUpDriver@2] INFO  c.b.v2.module.WebdriverModule - onDriverQuit: event=com.browserstack.v2.eventBus.Event@53952ad4
19:02:19.837 [setUpDriver@1] INFO  c.b.v2.module.WebdriverModule - onDriverQuit: event=com.browserstack.v2.eventBus.Event@4cb67ec6
19:02:19.837 [setUpDriver@0] INFO  c.b.v2.module.WebdriverModule - onDriverQuit: event=com.browserstack.v2.eventBus.Event@9e1de5a
19:02:19.908 [setUpDriver@0] INFO  c.b.v2.framework.TestNgFramework - trackEvent: found instance, testFrameworkState=TestFrameworkState.BEFORE_METHOD hookState=HookState.POST instance=144835724
19:02:19.910 [setUpDriver@0] INFO  c.b.v2.framework.TestNgFramework - trackEvent: loaded common test data, testFrameworkState=TestFrameworkState.BEFORE_METHOD hookState=HookState.POST instance=144835724
19:02:19.910 [setUpDriver@1] INFO  c.b.v2.framework.TestNgFramework - trackEvent: found instance, testFrameworkState=TestFrameworkState.BEFORE_METHOD hookState=HookState.POST instance=144836686
19:02:19.910 [setUpDriver@0] INFO  c.b.v2.framework.TestNgFramework - trackEvent: track hook events
19:02:19.910 [setUpDriver@1] INFO  c.b.v2.framework.TestNgFramework - trackEvent: loaded common test data, testFrameworkState=TestFrameworkState.BEFORE_METHOD hookState=HookState.POST instance=144836686
19:02:19.910 [setUpDriver@1] INFO  c.b.v2.framework.TestNgFramework - trackEvent: track hook events
19:02:19.912 [setUpDriver@2] INFO  c.b.v2.framework.TestNgFramework - trackEvent: found instance, testFrameworkState=TestFrameworkState.BEFORE_METHOD hookState=HookState.POST instance=144837648
19:02:19.912 [setUpDriver@2] INFO  c.b.v2.framework.TestNgFramework - trackEvent: loaded common test data, testFrameworkState=TestFrameworkState.BEFORE_METHOD hookState=HookState.POST instance=144837648
19:02:19.912 [setUpDriver@2] INFO  c.b.v2.framework.TestNgFramework - trackEvent: track hook events
19:02:19.912 [setUpDriver@1] DEBUG c.browserstack.utils.UtilityMethods - [findFileMatcher] Current Path is :: C:\Users\MSUSERSL123\eclipse-workspace\AppiumSession_Cloud, TestClass :: AndroidAppiumTests\E2EEcommTests_POM
19:02:19.913 [setUpDriver@0] DEBUG c.browserstack.utils.UtilityMethods - [findFileMatcher] Current Path is :: C:\Users\MSUSERSL123\eclipse-workspace\AppiumSession_Cloud, TestClass :: AndroidAppiumTests\E2EEcommTests_POM
19:02:19.913 [setUpDriver@2] DEBUG c.browserstack.utils.UtilityMethods - [findFileMatcher] Current Path is :: C:\Users\MSUSERSL123\eclipse-workspace\AppiumSession_Cloud, TestClass :: AndroidAppiumTests\E2EEcommTests_POM
19:02:20.070 [setUpDriver@2] INFO  c.b.v2.framework.TestNgFramework - args CHECK = [TestResult name=setUpDriver status=FAILURE method=EcommBaseTest.setUpDriver()[pri:0, instance:AndroidAppiumTests.E2EEcommTests_POM@12fe1f28] output={null}]
19:02:20.070 [setUpDriver@2] INFO  c.b.v2.framework.TestNgFramework - Hook List in Post [{hook_name=setUpDriver, hook_result=pending, test_file_path=AppiumSession_Cloud\src\test\java\AndroidAppiumTests\E2EEcommTests_POM.java, event_started_at=2026-04-20T19:02:18.346824700, hook_id=77bcf9b8-a731-4e8f-b509-d01d89f7aabb, hook_logs=[], key=BEFORE_METHOD, custom_metadata={}, test_location=AppiumSession_Cloud\src\test\java\AndroidAppiumTests\E2EEcommTests_POM.java}] and args = [[TestResult name=setUpDriver status=FAILURE method=EcommBaseTest.setUpDriver()[pri:0, instance:AndroidAppiumTests.E2EEcommTests_POM@12fe1f28] output={null}], EcommBaseTest.setUpDriver()[pri:0, instance:AndroidAppiumTests.E2EEcommTests_POM@12fe1f28]]
19:02:20.071 [setUpDriver@2] INFO  c.b.v2.framework.TestNgFramework - Processing HookLevel attachments from directory: C:\Users\MSUSERSL123\.browserstack\UploadedAttachments-2\HookLevel
19:02:20.071 [setUpDriver@2] INFO  c.b.v2.framework.TestNgFramework - Checking hookLevelFiles: []
19:02:20.071 [setUpDriver@2] INFO  c.b.v2.framework.TestNgFramework - checking Paths of files = C:\Users\MSUSERSL123\.browserstack\UploadedAttachments-2\HookLevel\BuildLevelHookEvent and abs path = C:\Users\MSUSERSL123\.browserstack\UploadedAttachments-2\HookLevel\BuildLevelHookEvent 
19:02:20.074 [setUpDriver@2] INFO  c.b.v2.framework.TestNgFramework - Processing BuildLevelHookEvent attachments from directory: C:\Users\MSUSERSL123\.browserstack\UploadedAttachments-2\HookLevel\BuildLevelHookEvent
19:02:20.074 [setUpDriver@2] INFO  c.b.v2.framework.TestNgFramework - Processing TestLevel attachments eventLogs: []
19:02:20.074 [setUpDriver@2] INFO  c.b.v2.framework.TestNgFramework - sendLogCreatedEvent: No Log Events to send
19:02:20.082 [setUpDriver@2] INFO  c.b.v2.framework.TestNgFramework - trackHookEvents: hook state=BEFORE_METHOD.HookState.POST , hooks started={BEFORE_METHOD=[], BEFORE_CLASS=[]} , hooks finished={BEFORE_METHOD=[{hook_name=setUpDriver, hook_result=failed, test_file_path=AppiumSession_Cloud\src\test\java\AndroidAppiumTests\E2EEcommTests_POM.java, event_started_at=2026-04-20T19:02:18.346824700, hook_id=77bcf9b8-a731-4e8f-b509-d01d89f7aabb, hook_logs=[], logs=[], key=BEFORE_METHOD, custom_metadata={}, event_ended_at=2026-04-20T19:02:20.070865100, test_location=AppiumSession_Cloud\src\test\java\AndroidAppiumTests\E2EEcommTests_POM.java}], BEFORE_CLASS=[{hook_name=configureAppium, hook_result=passed, test_file_path=AppiumSession_Cloud\src\test\java\AndroidAppiumTests\E2EEcommTests_POM.java, event_started_at=2026-04-20T19:02:15.381850400, hook_id=aa3b8087-e83b-4307-974a-d8a5273162ca, hook_logs=[], logs=[], key=BEFORE_CLASS, custom_metadata={}, event_ended_at=2026-04-20T19:02:17.961925, test_location=AppiumSession_Cloud\src\test\java\AndroidAppiumTests\E2EEcommTests_POM.java}]}
19:02:20.086 [setUpDriver@0] INFO  c.b.v2.framework.TestNgFramework - args CHECK = [TestResult name=setUpDriver status=FAILURE method=EcommBaseTest.setUpDriver()[pri:0, instance:AndroidAppiumTests.E2EEcommTests_POM@7d78f3d5] output={null}]
19:02:20.087 [setUpDriver@0] INFO  c.b.v2.framework.TestNgFramework - Hook List in Post [{hook_name=setUpDriver, hook_result=pending, test_file_path=AppiumSession_Cloud\src\test\java\AndroidAppiumTests\E2EEcommTests_POM.java, event_started_at=2026-04-20T19:02:18.310369800, hook_id=fbd231f9-a496-4723-84e8-64acfbad07aa, hook_logs=[], key=BEFORE_METHOD, custom_metadata={}, test_location=AppiumSession_Cloud\src\test\java\AndroidAppiumTests\E2EEcommTests_POM.java}] and args = [[TestResult name=setUpDriver status=FAILURE method=EcommBaseTest.setUpDriver()[pri:0, instance:AndroidAppiumTests.E2EEcommTests_POM@7d78f3d5] output={null}], EcommBaseTest.setUpDriver()[pri:0, instance:AndroidAppiumTests.E2EEcommTests_POM@7d78f3d5]]
19:02:20.087 [setUpDriver@0] INFO  c.b.v2.framework.TestNgFramework - Processing HookLevel attachments from directory: C:\Users\MSUSERSL123\.browserstack\UploadedAttachments-0\HookLevel
19:02:20.087 [setUpDriver@0] INFO  c.b.v2.framework.TestNgFramework - Checking hookLevelFiles: []
19:02:20.087 [setUpDriver@0] INFO  c.b.v2.framework.TestNgFramework - checking Paths of files = C:\Users\MSUSERSL123\.browserstack\UploadedAttachments-0\HookLevel\BuildLevelHookEvent and abs path = C:\Users\MSUSERSL123\.browserstack\UploadedAttachments-0\HookLevel\BuildLevelHookEvent 
19:02:20.088 [setUpDriver@0] INFO  c.b.v2.framework.TestNgFramework - Processing BuildLevelHookEvent attachments from directory: C:\Users\MSUSERSL123\.browserstack\UploadedAttachments-0\HookLevel\BuildLevelHookEvent
19:02:20.088 [setUpDriver@0] INFO  c.b.v2.framework.TestNgFramework - Processing TestLevel attachments eventLogs: []
19:02:20.088 [setUpDriver@0] INFO  c.b.v2.framework.TestNgFramework - sendLogCreatedEvent: No Log Events to send
19:02:20.088 [setUpDriver@0] INFO  c.b.v2.framework.TestNgFramework - trackHookEvents: hook state=BEFORE_METHOD.HookState.POST , hooks started={BEFORE_METHOD=[], BEFORE_CLASS=[]} , hooks finished={BEFORE_METHOD=[{hook_name=setUpDriver, hook_result=failed, test_file_path=AppiumSession_Cloud\src\test\java\AndroidAppiumTests\E2EEcommTests_POM.java, event_started_at=2026-04-20T19:02:18.310369800, hook_id=fbd231f9-a496-4723-84e8-64acfbad07aa, hook_logs=[], logs=[], key=BEFORE_METHOD, custom_metadata={}, event_ended_at=2026-04-20T19:02:20.087478500, test_location=AppiumSession_Cloud\src\test\java\AndroidAppiumTests\E2EEcommTests_POM.java}], BEFORE_CLASS=[{hook_name=configureAppium, hook_result=passed, test_file_path=AppiumSession_Cloud\src\test\java\AndroidAppiumTests\E2EEcommTests_POM.java, event_started_at=2026-04-20T19:02:15.381850400, hook_id=68f5a914-443b-4a17-80a1-dc1bb2e46e16, hook_logs=[], logs=[], key=BEFORE_CLASS, custom_metadata={}, event_ended_at=2026-04-20T19:02:17.933547500, test_location=AppiumSession_Cloud\src\test\java\AndroidAppiumTests\E2EEcommTests_POM.java}]}
19:02:20.113 [setUpDriver@1] INFO  c.b.v2.framework.TestNgFramework - args CHECK = [TestResult name=setUpDriver status=FAILURE method=EcommBaseTest.setUpDriver()[pri:0, instance:AndroidAppiumTests.E2EEcommTests_POM@71e35c4] output={null}]
19:02:20.113 [setUpDriver@1] INFO  c.b.v2.framework.TestNgFramework - Hook List in Post [{hook_name=setUpDriver, hook_result=pending, test_file_path=AppiumSession_Cloud\src\test\java\AndroidAppiumTests\E2EEcommTests_POM.java, event_started_at=2026-04-20T19:02:18.317864700, hook_id=7b01eed8-5c62-43bf-bb57-1c81cb4480d5, hook_logs=[], key=BEFORE_METHOD, custom_metadata={}, test_location=AppiumSession_Cloud\src\test\java\AndroidAppiumTests\E2EEcommTests_POM.java}] and args = [[TestResult name=setUpDriver status=FAILURE method=EcommBaseTest.setUpDriver()[pri:0, instance:AndroidAppiumTests.E2EEcommTests_POM@71e35c4] output={null}], EcommBaseTest.setUpDriver()[pri:0, instance:AndroidAppiumTests.E2EEcommTests_POM@71e35c4]]
19:02:20.118 [setUpDriver@1] INFO  c.b.v2.framework.TestNgFramework - Processing HookLevel attachments from directory: C:\Users\MSUSERSL123\.browserstack\UploadedAttachments-1\HookLevel
19:02:20.118 [setUpDriver@1] INFO  c.b.v2.framework.TestNgFramework - Checking hookLevelFiles: []
19:02:20.119 [setUpDriver@1] INFO  c.b.v2.framework.TestNgFramework - checking Paths of files = C:\Users\MSUSERSL123\.browserstack\UploadedAttachments-1\HookLevel\BuildLevelHookEvent and abs path = C:\Users\MSUSERSL123\.browserstack\UploadedAttachments-1\HookLevel\BuildLevelHookEvent 
19:02:20.122 [setUpDriver@1] INFO  c.b.v2.framework.TestNgFramework - Processing BuildLevelHookEvent attachments from directory: C:\Users\MSUSERSL123\.browserstack\UploadedAttachments-1\HookLevel\BuildLevelHookEvent
19:02:20.122 [setUpDriver@1] INFO  c.b.v2.framework.TestNgFramework - Processing TestLevel attachments eventLogs: []
19:02:20.126 [setUpDriver@0] INFO  c.b.v2.module.TestHubModule - sendTestFrameworkEvent: event=com.browserstack.v2.eventBus.Event@20d2707d, response=success: true

19:02:20.125 [setUpDriver@2] INFO  c.b.v2.module.TestHubModule - sendTestFrameworkEvent: event=com.browserstack.v2.eventBus.Event@412832da, response=success: true

19:02:20.127 [setUpDriver@1] INFO  c.b.v2.framework.TestNgFramework - sendLogCreatedEvent: No Log Events to send
19:02:20.127 [setUpDriver@1] INFO  c.b.v2.framework.TestNgFramework - trackHookEvents: hook state=BEFORE_METHOD.HookState.POST , hooks started={BEFORE_METHOD=[], BEFORE_CLASS=[]} , hooks finished={BEFORE_METHOD=[{hook_name=setUpDriver, hook_result=failed, test_file_path=AppiumSession_Cloud\src\test\java\AndroidAppiumTests\E2EEcommTests_POM.java, event_started_at=2026-04-20T19:02:18.317864700, hook_id=7b01eed8-5c62-43bf-bb57-1c81cb4480d5, hook_logs=[], logs=[], key=BEFORE_METHOD, custom_metadata={}, event_ended_at=2026-04-20T19:02:20.117155800, test_location=AppiumSession_Cloud\src\test\java\AndroidAppiumTests\E2EEcommTests_POM.java}], BEFORE_CLASS=[{hook_name=configureAppium, hook_result=passed, test_file_path=AppiumSession_Cloud\src\test\java\AndroidAppiumTests\E2EEcommTests_POM.java, event_started_at=2026-04-20T19:02:15.381850400, hook_id=c824efbd-bab9-479f-a1a9-a0524291b9e2, hook_logs=[], logs=[], key=BEFORE_CLASS, custom_metadata={}, event_ended_at=2026-04-20T19:02:17.946433300, test_location=AppiumSession_Cloud\src\test\java\AndroidAppiumTests\E2EEcommTests_POM.java}]}
19:02:20.144 [setUpDriver@1] INFO  c.b.v2.module.TestHubModule - sendTestFrameworkEvent: event=com.browserstack.v2.eventBus.Event@a68a0c7, response=success: true

19:02:20.173 [setUpDriver@2] INFO  c.b.v2.framework.TestNgFramework - trackEvent: found instance, testFrameworkState=TestFrameworkState.TEST hookState=HookState.PRE instance=144837648
19:02:20.178 [setUpDriver@0] INFO  c.b.v2.framework.TestNgFramework - trackEvent: found instance, testFrameworkState=TestFrameworkState.TEST hookState=HookState.PRE instance=144835724
19:02:20.179 [setUpDriver@1] INFO  c.b.v2.framework.TestNgFramework - trackEvent: found instance, testFrameworkState=TestFrameworkState.TEST hookState=HookState.PRE instance=144836686
19:02:20.181 [setUpDriver@2] DEBUG c.browserstack.utils.UtilityMethods - [findFileMatcher] Current Path is :: C:\Users\MSUSERSL123\eclipse-workspace\AppiumSession_Cloud, TestClass :: AndroidAppiumTests\E2EEcommTests_POM
19:02:20.181 [setUpDriver@0] DEBUG c.browserstack.utils.UtilityMethods - [findFileMatcher] Current Path is :: C:\Users\MSUSERSL123\eclipse-workspace\AppiumSession_Cloud, TestClass :: AndroidAppiumTests\E2EEcommTests_POM
19:02:20.183 [setUpDriver@1] DEBUG c.browserstack.utils.UtilityMethods - [findFileMatcher] Current Path is :: C:\Users\MSUSERSL123\eclipse-workspace\AppiumSession_Cloud, TestClass :: AndroidAppiumTests\E2EEcommTests_POM
19:02:20.330 [setUpDriver@2] INFO  c.b.v2.framework.TestNgFramework - trackEvent: loaded initial test data to instance, testFrameworkState=TestFrameworkState.TEST hookState=HookState.PRE instance=144837648 instanceThreadId=52 testResult=LongPressTest-2 testData={test_uuid=5b83ebd2-0bc9-4fbd-8e0e-c8a2d6f766a8, test_file_path=src\test\java\AndroidAppiumTests\E2EEcommTests_POM.java, test_scope=AppiumE2EEcommTest.AndroidAppiumTests.E2EEcommTests_POM, test_meta={}, test_scopes=[AppiumE2EEcommTest, AndroidAppiumTests.E2EEcommTests_POM], test_code=public void AndroidAppiumTests.E2EEcommTests_POM.validateToastMessage(), test_session_name=AndroidAppiumTests.E2EEcommTests_POM-validateToastMessage, test_name=validateToastMessage, test_tags=, custom_metadata={}, test_id=LongPressTest-2@2, test_location=src\test\java\AndroidAppiumTests\E2EEcommTests_POM.java}
19:02:20.331 [setUpDriver@2] INFO  c.b.v2.module.WebdriverModule - onBeforeTest: event=com.browserstack.v2.eventBus.Event@7d66239a
19:02:20.331 [setUpDriver@2] INFO  c.b.v2.module.TestHubModule - onBeforeTest: event={com.browserstack.v2.eventBus.Event@7d66239a}
19:02:20.337 [setUpDriver@1] INFO  c.b.v2.framework.TestNgFramework - trackEvent: loaded initial test data to instance, testFrameworkState=TestFrameworkState.TEST hookState=HookState.PRE instance=144836686 instanceThreadId=51 testResult=LongPressTest-1 testData={test_uuid=d957550f-8d2d-46c9-b8bb-95e030f76209, test_file_path=src\test\java\AndroidAppiumTests\E2EEcommTests_POM.java, test_scope=AppiumE2EEcommTest.AndroidAppiumTests.E2EEcommTests_POM, test_meta={}, test_scopes=[AppiumE2EEcommTest, AndroidAppiumTests.E2EEcommTests_POM], test_code=public void AndroidAppiumTests.E2EEcommTests_POM.validateToastMessage(), test_session_name=AndroidAppiumTests.E2EEcommTests_POM-validateToastMessage, test_name=validateToastMessage, test_tags=, custom_metadata={}, test_id=LongPressTest-1@1, test_location=src\test\java\AndroidAppiumTests\E2EEcommTests_POM.java}
19:02:20.337 [setUpDriver@1] INFO  c.b.v2.module.WebdriverModule - onBeforeTest: event=com.browserstack.v2.eventBus.Event@20b1352d
19:02:20.337 [setUpDriver@1] INFO  c.b.v2.module.TestHubModule - onBeforeTest: event={com.browserstack.v2.eventBus.Event@20b1352d}
19:02:20.363 [setUpDriver@0] INFO  c.b.v2.framework.TestNgFramework - trackEvent: loaded initial test data to instance, testFrameworkState=TestFrameworkState.TEST hookState=HookState.PRE instance=144835724 instanceThreadId=50 testResult=LongPressTest-0 testData={test_uuid=b9ca2d1d-acc3-4369-9ad0-02184802ba4e, test_file_path=src\test\java\AndroidAppiumTests\E2EEcommTests_POM.java, test_scope=AppiumE2EEcommTest.AndroidAppiumTests.E2EEcommTests_POM, test_meta={}, test_scopes=[AppiumE2EEcommTest, AndroidAppiumTests.E2EEcommTests_POM], test_code=public void AndroidAppiumTests.E2EEcommTests_POM.validateToastMessage(), test_session_name=AndroidAppiumTests.E2EEcommTests_POM-validateToastMessage, test_name=validateToastMessage, test_tags=, custom_metadata={}, test_id=LongPressTest-0@0, test_location=src\test\java\AndroidAppiumTests\E2EEcommTests_POM.java}
19:02:20.363 [setUpDriver@0] INFO  c.b.v2.module.WebdriverModule - onBeforeTest: event=com.browserstack.v2.eventBus.Event@1062df50
19:02:20.364 [setUpDriver@0] INFO  c.b.v2.module.TestHubModule - onBeforeTest: event={com.browserstack.v2.eventBus.Event@1062df50}
19:02:20.580 [setUpDriver@2] INFO  c.b.v2.module.TestHubModule - sendTestSessionEvent: event=com.browserstack.v2.eventBus.Event@7d66239a, response=success: true

19:02:20.579 [setUpDriver@1] INFO  c.b.v2.module.TestHubModule - sendTestSessionEvent: event=com.browserstack.v2.eventBus.Event@20b1352d, response=success: true

19:02:20.579 [setUpDriver@0] INFO  c.b.v2.module.TestHubModule - sendTestSessionEvent: event=com.browserstack.v2.eventBus.Event@1062df50, response=success: true

19:02:20.610 [setUpDriver@0] INFO  c.b.v2.module.TestHubModule - sendTestFrameworkEvent: event=com.browserstack.v2.eventBus.Event@1062df50, response=success: true

19:02:20.611 [setUpDriver@1] INFO  c.b.v2.module.TestHubModule - sendTestFrameworkEvent: event=com.browserstack.v2.eventBus.Event@20b1352d, response=success: true

19:02:20.612 [setUpDriver@2] INFO  c.b.v2.module.TestHubModule - sendTestFrameworkEvent: event=com.browserstack.v2.eventBus.Event@7d66239a, response=success: true

19:02:20.613 [setUpDriver@2] INFO  c.b.v2.module.ObservabilityModule - onBeforeTest: event={instance=com.browserstack.v2.instance.TestFrameworkInstance@17c27587, testFrameworkState=TestFrameworkState.TEST, testInstance=com.browserstack.v2.instance.TestFrameworkInstance@17c27587, autoInstance=[com.browserstack.v2.instance.SeleniumInstance@5a63a403], hookState=HookState.PRE}
19:02:20.614 [setUpDriver@2] INFO  c.b.v2.module.ObservabilityModule - performTestReportingSync: Performing TEST REPORTING AND ANALYTICS Sync
19:02:20.617 [setUpDriver@0] INFO  c.b.v2.module.ObservabilityModule - onBeforeTest: event={instance=com.browserstack.v2.instance.TestFrameworkInstance@229282a2, testFrameworkState=TestFrameworkState.TEST, testInstance=com.browserstack.v2.instance.TestFrameworkInstance@229282a2, autoInstance=[com.browserstack.v2.instance.SeleniumInstance@5eece7c6], hookState=HookState.PRE}
19:02:20.617 [setUpDriver@1] INFO  c.b.v2.module.ObservabilityModule - onBeforeTest: event={instance=com.browserstack.v2.instance.TestFrameworkInstance@10484c45, testFrameworkState=TestFrameworkState.TEST, testInstance=com.browserstack.v2.instance.TestFrameworkInstance@10484c45, autoInstance=[com.browserstack.v2.instance.SeleniumInstance@1d3b6a38], hookState=HookState.PRE}
19:02:20.618 [setUpDriver@1] INFO  c.b.v2.module.ObservabilityModule - performTestReportingSync: Performing TEST REPORTING AND ANALYTICS Sync
19:02:20.618 [setUpDriver@0] INFO  c.b.v2.module.ObservabilityModule - performTestReportingSync: Performing TEST REPORTING AND ANALYTICS Sync
19:02:20.641 [validateToastMessage@1] INFO  c.b.v2.framework.TestNgFramework - trackEvent: found instance, testFrameworkState=TestFrameworkState.LOG hookState=HookState.PRE instance=144836686
19:02:20.641 [validateToastMessage@1] INFO  c.b.v2.framework.TestNgFramework - trackEvent: load log entries
19:02:20.683 [validateToastMessage@1] INFO  c.b.v2.module.TestHubModule - sendLogCreatedEvent: event=com.browserstack.v2.eventBus.Event@53b20c09, response=success: true

19:02:20.686 [validateToastMessage@1] INFO  c.b.v2.module.TestHubModule - sendLogCreatedEvent: event=com.browserstack.v2.eventBus.Event@53b20c09
19:02:20.691 [validateToastMessage@0] INFO  c.b.v2.framework.TestNgFramework - trackEvent: found instance, testFrameworkState=TestFrameworkState.LOG hookState=HookState.PRE instance=144835724
19:02:20.691 [validateToastMessage@0] INFO  c.b.v2.framework.TestNgFramework - trackEvent: load log entries
19:02:20.698 [validateToastMessage@1] INFO  c.b.v2.framework.TestNgFramework - trackEvent: found instance, testFrameworkState=TestFrameworkState.LOG_REPORT hookState=HookState.PRE instance=144836686
19:02:20.701 [validateToastMessage@1] INFO  c.b.v2.framework.TestNgFramework - trackEvent: found instance, testFrameworkState=TestFrameworkState.LOG_REPORT hookState=HookState.POST instance=144836686
19:02:20.701 [validateToastMessage@1] INFO  c.b.v2.framework.TestNgFramework - trackEvent: load test results
19:02:20.705 [validateToastMessage@0] INFO  c.b.v2.module.TestHubModule - sendLogCreatedEvent: event=com.browserstack.v2.eventBus.Event@146474a1, response=success: true

19:02:20.706 [validateToastMessage@0] INFO  c.b.v2.module.TestHubModule - sendLogCreatedEvent: event=com.browserstack.v2.eventBus.Event@146474a1
19:02:20.712 [validateToastMessage@2] INFO  c.b.v2.framework.TestNgFramework - trackEvent: found instance, testFrameworkState=TestFrameworkState.LOG hookState=HookState.PRE instance=144837648
19:02:20.712 [validateToastMessage@2] INFO  c.b.v2.framework.TestNgFramework - trackEvent: load log entries
19:02:20.712 [validateToastMessage@0] INFO  c.b.v2.framework.TestNgFramework - trackEvent: found instance, testFrameworkState=TestFrameworkState.LOG_REPORT hookState=HookState.PRE instance=144835724
19:02:20.713 [validateToastMessage@1] INFO  c.b.v2.framework.TestNgFramework - trackEvent: found instance, testFrameworkState=TestFrameworkState.TEST hookState=HookState.POST instance=144836686
19:02:20.714 [validateToastMessage@1] INFO  c.b.v2.module.WebdriverModule - onAfterTest: event=com.browserstack.v2.eventBus.Event@c410fa0
19:02:20.714 [validateToastMessage@0] INFO  c.b.v2.framework.TestNgFramework - trackEvent: found instance, testFrameworkState=TestFrameworkState.LOG_REPORT hookState=HookState.POST instance=144835724
19:02:20.714 [validateToastMessage@0] INFO  c.b.v2.framework.TestNgFramework - trackEvent: load test results
19:02:20.714 [validateToastMessage@1] INFO  c.b.utils.SeleniumMethodUtils - Session Name ID status marking: 
19:02:20.720 [validateToastMessage@0] INFO  c.b.v2.framework.TestNgFramework - trackEvent: found instance, testFrameworkState=TestFrameworkState.TEST hookState=HookState.POST instance=144835724
19:02:20.721 [validateToastMessage@0] INFO  c.b.v2.module.WebdriverModule - onAfterTest: event=com.browserstack.v2.eventBus.Event@1e1ce7f2
19:02:20.721 [validateToastMessage@0] INFO  c.b.utils.SeleniumMethodUtils - Session Name ID status marking: 
19:02:20.727 [validateToastMessage@2] INFO  c.b.v2.module.TestHubModule - sendLogCreatedEvent: event=com.browserstack.v2.eventBus.Event@460715cb, response=success: true

19:02:20.732 [validateToastMessage@2] INFO  c.b.v2.module.TestHubModule - sendLogCreatedEvent: event=com.browserstack.v2.eventBus.Event@460715cb
19:02:20.740 [validateToastMessage@2] INFO  c.b.v2.framework.TestNgFramework - trackEvent: found instance, testFrameworkState=TestFrameworkState.LOG_REPORT hookState=HookState.PRE instance=144837648
19:02:20.745 [validateToastMessage@2] INFO  c.b.v2.framework.TestNgFramework - trackEvent: found instance, testFrameworkState=TestFrameworkState.LOG_REPORT hookState=HookState.POST instance=144837648
19:02:20.745 [validateToastMessage@2] INFO  c.b.v2.framework.TestNgFramework - trackEvent: load test results
19:02:20.747 [validateToastMessage@2] INFO  c.b.v2.framework.TestNgFramework - trackEvent: found instance, testFrameworkState=TestFrameworkState.TEST hookState=HookState.POST instance=144837648
19:02:20.747 [validateToastMessage@2] INFO  c.b.v2.module.WebdriverModule - onAfterTest: event=com.browserstack.v2.eventBus.Event@4b353e06
19:02:20.748 [validateToastMessage@2] INFO  c.b.utils.SeleniumMethodUtils - Session Name ID status marking: 
19:02:21.071 [validateToastMessage@1] INFO  c.b.utils.SeleniumMethodUtils - Session ID status marking: 
19:02:21.091 [validateToastMessage@0] INFO  c.b.utils.SeleniumMethodUtils - Session ID status marking: 
19:02:21.104 [validateToastMessage@2] INFO  c.b.utils.SeleniumMethodUtils - Session ID status marking: 
19:02:21.518 [validateToastMessage@2] INFO  c.b.v2.module.TestHubModule - sendTestFrameworkEvent: event=com.browserstack.v2.eventBus.Event@4b353e06, response=success: true

19:02:21.519 [validateToastMessage@1] INFO  c.b.v2.module.TestHubModule - sendTestFrameworkEvent: event=com.browserstack.v2.eventBus.Event@c410fa0, response=success: true

19:02:21.520 [validateToastMessage@0] INFO  c.b.v2.module.TestHubModule - sendTestFrameworkEvent: event=com.browserstack.v2.eventBus.Event@1e1ce7f2, response=success: true

19:02:21.526 [validateToastMessage@2] INFO  c.b.v2.framework.TestNgFramework - trackEvent: found instance, testFrameworkState=TestFrameworkState.AFTER_METHOD hookState=HookState.PRE instance=144837648
19:02:21.531 [validateToastMessage@2] INFO  c.b.v2.framework.TestNgFramework - trackEvent: track hook events
19:02:21.531 [validateToastMessage@2] DEBUG c.browserstack.utils.UtilityMethods - [findFileMatcher] Current Path is :: C:\Users\MSUSERSL123\eclipse-workspace\AppiumSession_Cloud, TestClass :: AndroidAppiumTests\E2EEcommTests_POM
19:02:21.533 [validateToastMessage@0] INFO  c.b.v2.framework.TestNgFramework - trackEvent: found instance, testFrameworkState=TestFrameworkState.AFTER_METHOD hookState=HookState.PRE instance=144835724
19:02:21.534 [validateToastMessage@0] INFO  c.b.v2.framework.TestNgFramework - trackEvent: track hook events
19:02:21.534 [validateToastMessage@1] INFO  c.b.v2.framework.TestNgFramework - trackEvent: found instance, testFrameworkState=TestFrameworkState.AFTER_METHOD hookState=HookState.PRE instance=144836686
19:02:21.534 [validateToastMessage@1] INFO  c.b.v2.framework.TestNgFramework - trackEvent: track hook events
19:02:21.534 [validateToastMessage@0] DEBUG c.browserstack.utils.UtilityMethods - [findFileMatcher] Current Path is :: C:\Users\MSUSERSL123\eclipse-workspace\AppiumSession_Cloud, TestClass :: AndroidAppiumTests\E2EEcommTests_POM
19:02:21.534 [validateToastMessage@1] DEBUG c.browserstack.utils.UtilityMethods - [findFileMatcher] Current Path is :: C:\Users\MSUSERSL123\eclipse-workspace\AppiumSession_Cloud, TestClass :: AndroidAppiumTests\E2EEcommTests_POM
19:02:21.739 [validateToastMessage@1] INFO  c.b.v2.framework.TestNgFramework - args CHECK = [TestResult name=quitDriver status=SKIP method=EcommBaseTest.quitDriver()[pri:0, instance:AndroidAppiumTests.E2EEcommTests_POM@71e35c4] output={null}]
19:02:21.744 [validateToastMessage@1] INFO  c.b.v2.framework.TestNgFramework - Hook Started in PRE key = AFTER_METHOD & hook = {hook_name=quitDriver, hook_result=pending, test_file_path=AppiumSession_Cloud\src\test\java\AndroidAppiumTests\E2EEcommTests_POM.java, event_started_at=2026-04-20T19:02:21.744267900, hook_id=8e6a75de-d5b8-48ce-9d12-c2f5d9a4e800, hook_logs=[], key=AFTER_METHOD, custom_metadata={}, test_location=AppiumSession_Cloud\src\test\java\AndroidAppiumTests\E2EEcommTests_POM.java}  and args = [[TestResult name=quitDriver status=SKIP method=EcommBaseTest.quitDriver()[pri:0, instance:AndroidAppiumTests.E2EEcommTests_POM@71e35c4] output={null}], EcommBaseTest.quitDriver()[pri:0, instance:AndroidAppiumTests.E2EEcommTests_POM@71e35c4]]
19:02:21.745 [validateToastMessage@1] INFO  c.b.v2.framework.TestNgFramework - trackHookEvents: hook state=AFTER_METHOD.HookState.PRE , hooks started={AFTER_METHOD=[{hook_name=quitDriver, hook_result=pending, test_file_path=AppiumSession_Cloud\src\test\java\AndroidAppiumTests\E2EEcommTests_POM.java, event_started_at=2026-04-20T19:02:21.744267900, hook_id=8e6a75de-d5b8-48ce-9d12-c2f5d9a4e800, hook_logs=[], key=AFTER_METHOD, custom_metadata={}, test_location=AppiumSession_Cloud\src\test\java\AndroidAppiumTests\E2EEcommTests_POM.java}]} , hooks finished={AFTER_METHOD=[]}
19:02:21.745 [validateToastMessage@1] INFO  c.b.v2.module.TestHubModule - Capturing CBT session for TestFrameworkState.AFTER_METHOD before driver.quit()
19:02:21.746 [validateToastMessage@1] INFO  c.b.v2.module.TestHubModule - Using hook UUID=8e6a75de-d5b8-48ce-9d12-c2f5d9a4e800 for CBTSessionCreated (state=TestFrameworkState.AFTER_METHOD)
19:02:21.762 [validateToastMessage@1] INFO  c.b.v2.module.TestHubModule - sendTestSessionEvent: event=com.browserstack.v2.eventBus.Event@76a4d467, response=success: true

19:02:21.798 [validateToastMessage@1] INFO  c.b.v2.module.TestHubModule - sendTestFrameworkEvent: event=com.browserstack.v2.eventBus.Event@76a4d467, response=success: true

19:02:21.804 [quitDriver@1] INFO  c.b.v2.framework.TestNgFramework - trackEvent: found instance, testFrameworkState=TestFrameworkState.AFTER_METHOD hookState=HookState.POST instance=144836686
19:02:21.804 [quitDriver@1] INFO  c.b.v2.framework.TestNgFramework - trackEvent: track hook events
19:02:21.807 [validateToastMessage@2] INFO  c.b.v2.framework.TestNgFramework - args CHECK = [TestResult name=quitDriver status=SKIP method=EcommBaseTest.quitDriver()[pri:0, instance:AndroidAppiumTests.E2EEcommTests_POM@12fe1f28] output={null}]
19:02:21.808 [quitDriver@1] DEBUG c.browserstack.utils.UtilityMethods - [findFileMatcher] Current Path is :: C:\Users\MSUSERSL123\eclipse-workspace\AppiumSession_Cloud, TestClass :: AndroidAppiumTests\E2EEcommTests_POM
19:02:21.809 [validateToastMessage@2] INFO  c.b.v2.framework.TestNgFramework - Hook Started in PRE key = AFTER_METHOD & hook = {hook_name=quitDriver, hook_result=pending, test_file_path=AppiumSession_Cloud\src\test\java\AndroidAppiumTests\E2EEcommTests_POM.java, event_started_at=2026-04-20T19:02:21.808349700, hook_id=9075784a-ae33-47c6-b7e7-3fdf61560d5a, hook_logs=[], key=AFTER_METHOD, custom_metadata={}, test_location=AppiumSession_Cloud\src\test\java\AndroidAppiumTests\E2EEcommTests_POM.java}  and args = [[TestResult name=quitDriver status=SKIP method=EcommBaseTest.quitDriver()[pri:0, instance:AndroidAppiumTests.E2EEcommTests_POM@12fe1f28] output={null}], EcommBaseTest.quitDriver()[pri:0, instance:AndroidAppiumTests.E2EEcommTests_POM@12fe1f28]]
19:02:21.810 [validateToastMessage@2] INFO  c.b.v2.framework.TestNgFramework - trackHookEvents: hook state=AFTER_METHOD.HookState.PRE , hooks started={AFTER_METHOD=[{hook_name=quitDriver, hook_result=pending, test_file_path=AppiumSession_Cloud\src\test\java\AndroidAppiumTests\E2EEcommTests_POM.java, event_started_at=2026-04-20T19:02:21.808349700, hook_id=9075784a-ae33-47c6-b7e7-3fdf61560d5a, hook_logs=[], key=AFTER_METHOD, custom_metadata={}, test_location=AppiumSession_Cloud\src\test\java\AndroidAppiumTests\E2EEcommTests_POM.java}]} , hooks finished={AFTER_METHOD=[]}
19:02:21.812 [validateToastMessage@0] INFO  c.b.v2.framework.TestNgFramework - args CHECK = [TestResult name=quitDriver status=SKIP method=EcommBaseTest.quitDriver()[pri:0, instance:AndroidAppiumTests.E2EEcommTests_POM@7d78f3d5] output={null}]
19:02:21.815 [validateToastMessage@2] INFO  c.b.v2.module.TestHubModule - Capturing CBT session for TestFrameworkState.AFTER_METHOD before driver.quit()
19:02:21.816 [validateToastMessage@2] INFO  c.b.v2.module.TestHubModule - Using hook UUID=9075784a-ae33-47c6-b7e7-3fdf61560d5a for CBTSessionCreated (state=TestFrameworkState.AFTER_METHOD)
19:02:21.818 [validateToastMessage@0] INFO  c.b.v2.framework.TestNgFramework - Hook Started in PRE key = AFTER_METHOD & hook = {hook_name=quitDriver, hook_result=pending, test_file_path=AppiumSession_Cloud\src\test\java\AndroidAppiumTests\E2EEcommTests_POM.java, event_started_at=2026-04-20T19:02:21.818517800, hook_id=8b663f15-4f07-41d4-8000-723696da6e86, hook_logs=[], key=AFTER_METHOD, custom_metadata={}, test_location=AppiumSession_Cloud\src\test\java\AndroidAppiumTests\E2EEcommTests_POM.java}  and args = [[TestResult name=quitDriver status=SKIP method=EcommBaseTest.quitDriver()[pri:0, instance:AndroidAppiumTests.E2EEcommTests_POM@7d78f3d5] output={null}], EcommBaseTest.quitDriver()[pri:0, instance:AndroidAppiumTests.E2EEcommTests_POM@7d78f3d5]]
19:02:21.819 [validateToastMessage@0] INFO  c.b.v2.framework.TestNgFramework - trackHookEvents: hook state=AFTER_METHOD.HookState.PRE , hooks started={AFTER_METHOD=[{hook_name=quitDriver, hook_result=pending, test_file_path=AppiumSession_Cloud\src\test\java\AndroidAppiumTests\E2EEcommTests_POM.java, event_started_at=2026-04-20T19:02:21.818517800, hook_id=8b663f15-4f07-41d4-8000-723696da6e86, hook_logs=[], key=AFTER_METHOD, custom_metadata={}, test_location=AppiumSession_Cloud\src\test\java\AndroidAppiumTests\E2EEcommTests_POM.java}]} , hooks finished={AFTER_METHOD=[]}
19:02:21.820 [validateToastMessage@0] INFO  c.b.v2.module.TestHubModule - Capturing CBT session for TestFrameworkState.AFTER_METHOD before driver.quit()
19:02:21.820 [validateToastMessage@0] INFO  c.b.v2.module.TestHubModule - Using hook UUID=8b663f15-4f07-41d4-8000-723696da6e86 for CBTSessionCreated (state=TestFrameworkState.AFTER_METHOD)
19:02:21.850 [validateToastMessage@0] INFO  c.b.v2.module.TestHubModule - sendTestSessionEvent: event=com.browserstack.v2.eventBus.Event@3896013f, response=success: true

19:02:21.851 [validateToastMessage@2] INFO  c.b.v2.module.TestHubModule - sendTestSessionEvent: event=com.browserstack.v2.eventBus.Event@357697e4, response=success: true

19:02:21.883 [validateToastMessage@0] INFO  c.b.v2.module.TestHubModule - sendTestFrameworkEvent: event=com.browserstack.v2.eventBus.Event@3896013f, response=success: true

19:02:21.884 [validateToastMessage@2] INFO  c.b.v2.module.TestHubModule - sendTestFrameworkEvent: event=com.browserstack.v2.eventBus.Event@357697e4, response=success: true

19:02:21.887 [quitDriver@2] INFO  c.b.v2.framework.TestNgFramework - trackEvent: found instance, testFrameworkState=TestFrameworkState.AFTER_METHOD hookState=HookState.POST instance=144837648
19:02:21.887 [quitDriver@2] INFO  c.b.v2.framework.TestNgFramework - trackEvent: track hook events
19:02:21.887 [quitDriver@0] INFO  c.b.v2.framework.TestNgFramework - trackEvent: found instance, testFrameworkState=TestFrameworkState.AFTER_METHOD hookState=HookState.POST instance=144835724
19:02:21.888 [quitDriver@0] INFO  c.b.v2.framework.TestNgFramework - trackEvent: track hook events
19:02:21.890 [quitDriver@0] DEBUG c.browserstack.utils.UtilityMethods - [findFileMatcher] Current Path is :: C:\Users\MSUSERSL123\eclipse-workspace\AppiumSession_Cloud, TestClass :: AndroidAppiumTests\E2EEcommTests_POM
19:02:21.890 [quitDriver@2] DEBUG c.browserstack.utils.UtilityMethods - [findFileMatcher] Current Path is :: C:\Users\MSUSERSL123\eclipse-workspace\AppiumSession_Cloud, TestClass :: AndroidAppiumTests\E2EEcommTests_POM
19:02:21.967 [quitDriver@1] INFO  c.b.v2.framework.TestNgFramework - args CHECK = [TestResult name=quitDriver status=SKIP method=EcommBaseTest.quitDriver()[pri:0, instance:AndroidAppiumTests.E2EEcommTests_POM@71e35c4] output={null}]
19:02:21.968 [quitDriver@1] INFO  c.b.v2.framework.TestNgFramework - Hook List in Post [{hook_name=quitDriver, hook_result=pending, test_file_path=AppiumSession_Cloud\src\test\java\AndroidAppiumTests\E2EEcommTests_POM.java, event_started_at=2026-04-20T19:02:21.744267900, hook_id=8e6a75de-d5b8-48ce-9d12-c2f5d9a4e800, hook_logs=[], key=AFTER_METHOD, custom_metadata={}, test_location=AppiumSession_Cloud\src\test\java\AndroidAppiumTests\E2EEcommTests_POM.java}] and args = [[TestResult name=quitDriver status=SKIP method=EcommBaseTest.quitDriver()[pri:0, instance:AndroidAppiumTests.E2EEcommTests_POM@71e35c4] output={null}], EcommBaseTest.quitDriver()[pri:0, instance:AndroidAppiumTests.E2EEcommTests_POM@71e35c4]]
19:02:21.968 [quitDriver@1] INFO  c.b.v2.framework.TestNgFramework - Processing HookLevel attachments from directory: C:\Users\MSUSERSL123\.browserstack\UploadedAttachments-1\HookLevel
19:02:21.968 [quitDriver@1] INFO  c.b.v2.framework.TestNgFramework - Checking hookLevelFiles: []
19:02:21.969 [quitDriver@1] INFO  c.b.v2.framework.TestNgFramework - checking Paths of files = C:\Users\MSUSERSL123\.browserstack\UploadedAttachments-1\HookLevel\BuildLevelHookEvent and abs path = C:\Users\MSUSERSL123\.browserstack\UploadedAttachments-1\HookLevel\BuildLevelHookEvent 
19:02:21.969 [quitDriver@1] INFO  c.b.v2.framework.TestNgFramework - Processing BuildLevelHookEvent attachments from directory: C:\Users\MSUSERSL123\.browserstack\UploadedAttachments-1\HookLevel\BuildLevelHookEvent
19:02:21.970 [quitDriver@1] INFO  c.b.v2.framework.TestNgFramework - Processing TestLevel attachments eventLogs: []
19:02:21.970 [quitDriver@1] INFO  c.b.v2.framework.TestNgFramework - sendLogCreatedEvent: No Log Events to send
19:02:21.970 [quitDriver@1] INFO  c.b.v2.framework.TestNgFramework - trackHookEvents: hook state=AFTER_METHOD.HookState.POST , hooks started={AFTER_METHOD=[]} , hooks finished={AFTER_METHOD=[{hook_name=quitDriver, hook_result=skipped, test_file_path=AppiumSession_Cloud\src\test\java\AndroidAppiumTests\E2EEcommTests_POM.java, event_started_at=2026-04-20T19:02:21.744267900, hook_id=8e6a75de-d5b8-48ce-9d12-c2f5d9a4e800, hook_logs=[], logs=[], key=AFTER_METHOD, custom_metadata={}, event_ended_at=2026-04-20T19:02:21.968351400, test_location=AppiumSession_Cloud\src\test\java\AndroidAppiumTests\E2EEcommTests_POM.java}]}
19:02:21.987 [quitDriver@1] INFO  c.b.v2.module.TestHubModule - sendTestFrameworkEvent: event=com.browserstack.v2.eventBus.Event@3bc67d3e, response=success: true

19:02:22.049 [quitDriver@1] INFO  c.b.v2.framework.TestNgFramework - trackTestNgTest: saved instance contextId=144836686 target=LongPressTest-1@1 instances=[50, 144837648, 51, 52, 144836686, 144835724]
19:02:22.049 [quitDriver@1] INFO  c.b.v2.framework.TestNgFramework - trackEvent: found instance, testFrameworkState=TestFrameworkState.BEFORE_METHOD hookState=HookState.PRE instance=144836686
19:02:22.057 [quitDriver@1] INFO  c.b.v2.framework.TestNgFramework - trackEvent: loaded common test data, testFrameworkState=TestFrameworkState.BEFORE_METHOD hookState=HookState.PRE instance=144836686
19:02:22.059 [quitDriver@1] INFO  c.b.v2.framework.TestNgFramework - trackEvent: track hook events
19:02:22.064 [quitDriver@1] DEBUG c.browserstack.utils.UtilityMethods - [findFileMatcher] Current Path is :: C:\Users\MSUSERSL123\eclipse-workspace\AppiumSession_Cloud, TestClass :: AndroidAppiumTests\E2EEcommTests_POM
19:02:22.096 [quitDriver@0] INFO  c.b.v2.framework.TestNgFramework - args CHECK = [TestResult name=quitDriver status=SKIP method=EcommBaseTest.quitDriver()[pri:0, instance:AndroidAppiumTests.E2EEcommTests_POM@7d78f3d5] output={null}]
19:02:22.096 [quitDriver@0] INFO  c.b.v2.framework.TestNgFramework - Hook List in Post [{hook_name=quitDriver, hook_result=pending, test_file_path=AppiumSession_Cloud\src\test\java\AndroidAppiumTests\E2EEcommTests_POM.java, event_started_at=2026-04-20T19:02:21.818517800, hook_id=8b663f15-4f07-41d4-8000-723696da6e86, hook_logs=[], key=AFTER_METHOD, custom_metadata={}, test_location=AppiumSession_Cloud\src\test\java\AndroidAppiumTests\E2EEcommTests_POM.java}] and args = [[TestResult name=quitDriver status=SKIP method=EcommBaseTest.quitDriver()[pri:0, instance:AndroidAppiumTests.E2EEcommTests_POM@7d78f3d5] output={null}], EcommBaseTest.quitDriver()[pri:0, instance:AndroidAppiumTests.E2EEcommTests_POM@7d78f3d5]]
19:02:22.097 [quitDriver@0] INFO  c.b.v2.framework.TestNgFramework - Processing HookLevel attachments from directory: C:\Users\MSUSERSL123\.browserstack\UploadedAttachments-0\HookLevel
19:02:22.097 [quitDriver@0] INFO  c.b.v2.framework.TestNgFramework - Checking hookLevelFiles: []
19:02:22.099 [quitDriver@0] INFO  c.b.v2.framework.TestNgFramework - checking Paths of files = C:\Users\MSUSERSL123\.browserstack\UploadedAttachments-0\HookLevel\BuildLevelHookEvent and abs path = C:\Users\MSUSERSL123\.browserstack\UploadedAttachments-0\HookLevel\BuildLevelHookEvent 
19:02:22.100 [quitDriver@2] INFO  c.b.v2.framework.TestNgFramework - args CHECK = [TestResult name=quitDriver status=SKIP method=EcommBaseTest.quitDriver()[pri:0, instance:AndroidAppiumTests.E2EEcommTests_POM@12fe1f28] output={null}]
19:02:22.100 [quitDriver@2] INFO  c.b.v2.framework.TestNgFramework - Hook List in Post [{hook_name=quitDriver, hook_result=pending, test_file_path=AppiumSession_Cloud\src\test\java\AndroidAppiumTests\E2EEcommTests_POM.java, event_started_at=2026-04-20T19:02:21.808349700, hook_id=9075784a-ae33-47c6-b7e7-3fdf61560d5a, hook_logs=[], key=AFTER_METHOD, custom_metadata={}, test_location=AppiumSession_Cloud\src\test\java\AndroidAppiumTests\E2EEcommTests_POM.java}] and args = [[TestResult name=quitDriver status=SKIP method=EcommBaseTest.quitDriver()[pri:0, instance:AndroidAppiumTests.E2EEcommTests_POM@12fe1f28] output={null}], EcommBaseTest.quitDriver()[pri:0, instance:AndroidAppiumTests.E2EEcommTests_POM@12fe1f28]]
19:02:22.100 [quitDriver@0] INFO  c.b.v2.framework.TestNgFramework - Processing BuildLevelHookEvent attachments from directory: C:\Users\MSUSERSL123\.browserstack\UploadedAttachments-0\HookLevel\BuildLevelHookEvent
19:02:22.100 [quitDriver@2] INFO  c.b.v2.framework.TestNgFramework - Processing HookLevel attachments from directory: C:\Users\MSUSERSL123\.browserstack\UploadedAttachments-2\HookLevel
19:02:22.101 [quitDriver@2] INFO  c.b.v2.framework.TestNgFramework - Checking hookLevelFiles: []
19:02:22.101 [quitDriver@0] INFO  c.b.v2.framework.TestNgFramework - Processing TestLevel attachments eventLogs: []
19:02:22.101 [quitDriver@0] INFO  c.b.v2.framework.TestNgFramework - sendLogCreatedEvent: No Log Events to send
19:02:22.101 [quitDriver@2] INFO  c.b.v2.framework.TestNgFramework - checking Paths of files = C:\Users\MSUSERSL123\.browserstack\UploadedAttachments-2\HookLevel\BuildLevelHookEvent and abs path = C:\Users\MSUSERSL123\.browserstack\UploadedAttachments-2\HookLevel\BuildLevelHookEvent 
19:02:22.101 [quitDriver@0] INFO  c.b.v2.framework.TestNgFramework - trackHookEvents: hook state=AFTER_METHOD.HookState.POST , hooks started={AFTER_METHOD=[]} , hooks finished={AFTER_METHOD=[{hook_name=quitDriver, hook_result=skipped, test_file_path=AppiumSession_Cloud\src\test\java\AndroidAppiumTests\E2EEcommTests_POM.java, event_started_at=2026-04-20T19:02:21.818517800, hook_id=8b663f15-4f07-41d4-8000-723696da6e86, hook_logs=[], logs=[], key=AFTER_METHOD, custom_metadata={}, event_ended_at=2026-04-20T19:02:22.096174300, test_location=AppiumSession_Cloud\src\test\java\AndroidAppiumTests\E2EEcommTests_POM.java}]}
19:02:22.101 [quitDriver@2] INFO  c.b.v2.framework.TestNgFramework - Processing BuildLevelHookEvent attachments from directory: C:\Users\MSUSERSL123\.browserstack\UploadedAttachments-2\HookLevel\BuildLevelHookEvent
19:02:22.101 [quitDriver@2] INFO  c.b.v2.framework.TestNgFramework - Processing TestLevel attachments eventLogs: []
19:02:22.101 [quitDriver@2] INFO  c.b.v2.framework.TestNgFramework - sendLogCreatedEvent: No Log Events to send
19:02:22.106 [quitDriver@2] INFO  c.b.v2.framework.TestNgFramework - trackHookEvents: hook state=AFTER_METHOD.HookState.POST , hooks started={AFTER_METHOD=[]} , hooks finished={AFTER_METHOD=[{hook_name=quitDriver, hook_result=skipped, test_file_path=AppiumSession_Cloud\src\test\java\AndroidAppiumTests\E2EEcommTests_POM.java, event_started_at=2026-04-20T19:02:21.808349700, hook_id=9075784a-ae33-47c6-b7e7-3fdf61560d5a, hook_logs=[], logs=[], key=AFTER_METHOD, custom_metadata={}, event_ended_at=2026-04-20T19:02:22.100974, test_location=AppiumSession_Cloud\src\test\java\AndroidAppiumTests\E2EEcommTests_POM.java}]}
19:02:22.136 [quitDriver@2] INFO  c.b.v2.module.TestHubModule - sendTestFrameworkEvent: event=com.browserstack.v2.eventBus.Event@2541bc14, response=success: true

19:02:22.139 [quitDriver@0] INFO  c.b.v2.module.TestHubModule - sendTestFrameworkEvent: event=com.browserstack.v2.eventBus.Event@7b2a5469, response=success: true

19:02:22.148 [quitDriver@2] INFO  c.b.v2.framework.TestNgFramework - trackTestNgTest: saved instance contextId=144837648 target=LongPressTest-2@2 instances=[50, 144837648, 51, 52, 144836686, 144835724]
19:02:22.148 [quitDriver@2] INFO  c.b.v2.framework.TestNgFramework - trackEvent: found instance, testFrameworkState=TestFrameworkState.BEFORE_METHOD hookState=HookState.PRE instance=144837648
19:02:22.148 [quitDriver@2] INFO  c.b.v2.framework.TestNgFramework - trackEvent: loaded common test data, testFrameworkState=TestFrameworkState.BEFORE_METHOD hookState=HookState.PRE instance=144837648
19:02:22.149 [quitDriver@2] INFO  c.b.v2.framework.TestNgFramework - trackEvent: track hook events
19:02:22.149 [quitDriver@0] INFO  c.b.v2.framework.TestNgFramework - trackTestNgTest: saved instance contextId=144835724 target=LongPressTest-0@0 instances=[50, 144837648, 51, 52, 144836686, 144835724]
19:02:22.150 [quitDriver@0] INFO  c.b.v2.framework.TestNgFramework - trackEvent: found instance, testFrameworkState=TestFrameworkState.BEFORE_METHOD hookState=HookState.PRE instance=144835724
19:02:22.150 [quitDriver@0] INFO  c.b.v2.framework.TestNgFramework - trackEvent: loaded common test data, testFrameworkState=TestFrameworkState.BEFORE_METHOD hookState=HookState.PRE instance=144835724
19:02:22.150 [quitDriver@0] INFO  c.b.v2.framework.TestNgFramework - trackEvent: track hook events
19:02:22.153 [quitDriver@0] DEBUG c.browserstack.utils.UtilityMethods - [findFileMatcher] Current Path is :: C:\Users\MSUSERSL123\eclipse-workspace\AppiumSession_Cloud, TestClass :: AndroidAppiumTests\E2EEcommTests_POM
19:02:22.157 [quitDriver@2] DEBUG c.browserstack.utils.UtilityMethods - [findFileMatcher] Current Path is :: C:\Users\MSUSERSL123\eclipse-workspace\AppiumSession_Cloud, TestClass :: AndroidAppiumTests\E2EEcommTests_POM
19:02:22.283 [quitDriver@2] INFO  c.b.v2.framework.TestNgFramework - args CHECK = [TestResult name=setUpDriver status=SKIP method=EcommBaseTest.setUpDriver()[pri:0, instance:AndroidAppiumTests.E2EEcommTests_POM@12fe1f28] output={null}]
19:02:22.289 [quitDriver@2] INFO  c.b.v2.framework.TestNgFramework - Hook Started in PRE key = BEFORE_METHOD & hook = {hook_name=setUpDriver, hook_result=pending, test_file_path=AppiumSession_Cloud\src\test\java\AndroidAppiumTests\E2EEcommTests_POM.java, event_started_at=2026-04-20T19:02:22.289580400, hook_id=87ee3817-1e40-41a5-b7fe-0514aee3041a, hook_logs=[], key=BEFORE_METHOD, custom_metadata={}, test_location=AppiumSession_Cloud\src\test\java\AndroidAppiumTests\E2EEcommTests_POM.java}  and args = [[TestResult name=setUpDriver status=SKIP method=EcommBaseTest.setUpDriver()[pri:0, instance:AndroidAppiumTests.E2EEcommTests_POM@12fe1f28] output={null}], EcommBaseTest.setUpDriver()[pri:0, instance:AndroidAppiumTests.E2EEcommTests_POM@12fe1f28]]
19:02:22.291 [quitDriver@2] INFO  c.b.v2.framework.TestNgFramework - trackHookEvents: hook state=BEFORE_METHOD.HookState.PRE , hooks started={BEFORE_METHOD=[{hook_name=setUpDriver, hook_result=pending, test_file_path=AppiumSession_Cloud\src\test\java\AndroidAppiumTests\E2EEcommTests_POM.java, event_started_at=2026-04-20T19:02:22.289580400, hook_id=87ee3817-1e40-41a5-b7fe-0514aee3041a, hook_logs=[], key=BEFORE_METHOD, custom_metadata={}, test_location=AppiumSession_Cloud\src\test\java\AndroidAppiumTests\E2EEcommTests_POM.java}]} , hooks finished={BEFORE_METHOD=[]}
19:02:22.308 [quitDriver@2] INFO  c.b.v2.module.TestHubModule - sendTestFrameworkEvent: event=com.browserstack.v2.eventBus.Event@57a5311e, response=success: true

19:02:22.326 [setUpDriver@2] INFO  c.b.v2.framework.TestNgFramework - trackEvent: found instance, testFrameworkState=TestFrameworkState.BEFORE_METHOD hookState=HookState.POST instance=144837648
19:02:22.327 [setUpDriver@2] INFO  c.b.v2.framework.TestNgFramework - trackEvent: loaded common test data, testFrameworkState=TestFrameworkState.BEFORE_METHOD hookState=HookState.POST instance=144837648
19:02:22.327 [setUpDriver@2] INFO  c.b.v2.framework.TestNgFramework - trackEvent: track hook events
19:02:22.331 [quitDriver@0] INFO  c.b.v2.framework.TestNgFramework - args CHECK = [TestResult name=setUpDriver status=SKIP method=EcommBaseTest.setUpDriver()[pri:0, instance:AndroidAppiumTests.E2EEcommTests_POM@7d78f3d5] output={null}]
19:02:22.332 [quitDriver@0] INFO  c.b.v2.framework.TestNgFramework - Hook Started in PRE key = BEFORE_METHOD & hook = {hook_name=setUpDriver, hook_result=pending, test_file_path=AppiumSession_Cloud\src\test\java\AndroidAppiumTests\E2EEcommTests_POM.java, event_started_at=2026-04-20T19:02:22.332071700, hook_id=e9df52d3-8f12-425a-91e5-39bcf6555162, hook_logs=[], key=BEFORE_METHOD, custom_metadata={}, test_location=AppiumSession_Cloud\src\test\java\AndroidAppiumTests\E2EEcommTests_POM.java}  and args = [[TestResult name=setUpDriver status=SKIP method=EcommBaseTest.setUpDriver()[pri:0, instance:AndroidAppiumTests.E2EEcommTests_POM@7d78f3d5] output={null}], EcommBaseTest.setUpDriver()[pri:0, instance:AndroidAppiumTests.E2EEcommTests_POM@7d78f3d5]]
19:02:22.332 [setUpDriver@2] DEBUG c.browserstack.utils.UtilityMethods - [findFileMatcher] Current Path is :: C:\Users\MSUSERSL123\eclipse-workspace\AppiumSession_Cloud, TestClass :: AndroidAppiumTests\E2EEcommTests_POM
19:02:22.332 [quitDriver@0] INFO  c.b.v2.framework.TestNgFramework - trackHookEvents: hook state=BEFORE_METHOD.HookState.PRE , hooks started={BEFORE_METHOD=[{hook_name=setUpDriver, hook_result=pending, test_file_path=AppiumSession_Cloud\src\test\java\AndroidAppiumTests\E2EEcommTests_POM.java, event_started_at=2026-04-20T19:02:22.332071700, hook_id=e9df52d3-8f12-425a-91e5-39bcf6555162, hook_logs=[], key=BEFORE_METHOD, custom_metadata={}, test_location=AppiumSession_Cloud\src\test\java\AndroidAppiumTests\E2EEcommTests_POM.java}]} , hooks finished={BEFORE_METHOD=[]}
19:02:22.333 [quitDriver@1] INFO  c.b.v2.framework.TestNgFramework - args CHECK = [TestResult name=setUpDriver status=SKIP method=EcommBaseTest.setUpDriver()[pri:0, instance:AndroidAppiumTests.E2EEcommTests_POM@71e35c4] output={null}]
19:02:22.333 [quitDriver@1] INFO  c.b.v2.framework.TestNgFramework - Hook Started in PRE key = BEFORE_METHOD & hook = {hook_name=setUpDriver, hook_result=pending, test_file_path=AppiumSession_Cloud\src\test\java\AndroidAppiumTests\E2EEcommTests_POM.java, event_started_at=2026-04-20T19:02:22.333587200, hook_id=e2c447fe-8fae-4979-a330-74deeab1c9ae, hook_logs=[], key=BEFORE_METHOD, custom_metadata={}, test_location=AppiumSession_Cloud\src\test\java\AndroidAppiumTests\E2EEcommTests_POM.java}  and args = [[TestResult name=setUpDriver status=SKIP method=EcommBaseTest.setUpDriver()[pri:0, instance:AndroidAppiumTests.E2EEcommTests_POM@71e35c4] output={null}], EcommBaseTest.setUpDriver()[pri:0, instance:AndroidAppiumTests.E2EEcommTests_POM@71e35c4]]
19:02:22.335 [quitDriver@1] INFO  c.b.v2.framework.TestNgFramework - trackHookEvents: hook state=BEFORE_METHOD.HookState.PRE , hooks started={BEFORE_METHOD=[{hook_name=setUpDriver, hook_result=pending, test_file_path=AppiumSession_Cloud\src\test\java\AndroidAppiumTests\E2EEcommTests_POM.java, event_started_at=2026-04-20T19:02:22.333587200, hook_id=e2c447fe-8fae-4979-a330-74deeab1c9ae, hook_logs=[], key=BEFORE_METHOD, custom_metadata={}, test_location=AppiumSession_Cloud\src\test\java\AndroidAppiumTests\E2EEcommTests_POM.java}]} , hooks finished={BEFORE_METHOD=[]}
19:02:22.360 [quitDriver@0] INFO  c.b.v2.module.TestHubModule - sendTestFrameworkEvent: event=com.browserstack.v2.eventBus.Event@2a7f80ef, response=success: true

19:02:22.361 [quitDriver@1] INFO  c.b.v2.module.TestHubModule - sendTestFrameworkEvent: event=com.browserstack.v2.eventBus.Event@4526402f, response=success: true

19:02:22.363 [setUpDriver@0] INFO  c.b.v2.framework.TestNgFramework - trackEvent: found instance, testFrameworkState=TestFrameworkState.BEFORE_METHOD hookState=HookState.POST instance=144835724
19:02:22.363 [setUpDriver@1] INFO  c.b.v2.framework.TestNgFramework - trackEvent: found instance, testFrameworkState=TestFrameworkState.BEFORE_METHOD hookState=HookState.POST instance=144836686
19:02:22.363 [setUpDriver@0] INFO  c.b.v2.framework.TestNgFramework - trackEvent: loaded common test data, testFrameworkState=TestFrameworkState.BEFORE_METHOD hookState=HookState.POST instance=144835724
19:02:22.363 [setUpDriver@1] INFO  c.b.v2.framework.TestNgFramework - trackEvent: loaded common test data, testFrameworkState=TestFrameworkState.BEFORE_METHOD hookState=HookState.POST instance=144836686
19:02:22.363 [setUpDriver@0] INFO  c.b.v2.framework.TestNgFramework - trackEvent: track hook events
19:02:22.363 [setUpDriver@1] INFO  c.b.v2.framework.TestNgFramework - trackEvent: track hook events
19:02:22.364 [setUpDriver@1] DEBUG c.browserstack.utils.UtilityMethods - [findFileMatcher] Current Path is :: C:\Users\MSUSERSL123\eclipse-workspace\AppiumSession_Cloud, TestClass :: AndroidAppiumTests\E2EEcommTests_POM
19:02:22.364 [setUpDriver@0] DEBUG c.browserstack.utils.UtilityMethods - [findFileMatcher] Current Path is :: C:\Users\MSUSERSL123\eclipse-workspace\AppiumSession_Cloud, TestClass :: AndroidAppiumTests\E2EEcommTests_POM
19:02:22.492 [setUpDriver@2] INFO  c.b.v2.framework.TestNgFramework - args CHECK = [TestResult name=setUpDriver status=SKIP method=EcommBaseTest.setUpDriver()[pri:0, instance:AndroidAppiumTests.E2EEcommTests_POM@12fe1f28] output={null}]
19:02:22.492 [setUpDriver@0] INFO  c.b.v2.framework.TestNgFramework - args CHECK = [TestResult name=setUpDriver status=SKIP method=EcommBaseTest.setUpDriver()[pri:0, instance:AndroidAppiumTests.E2EEcommTests_POM@7d78f3d5] output={null}]
19:02:22.493 [setUpDriver@0] INFO  c.b.v2.framework.TestNgFramework - Hook List in Post [{hook_name=setUpDriver, hook_result=pending, test_file_path=AppiumSession_Cloud\src\test\java\AndroidAppiumTests\E2EEcommTests_POM.java, event_started_at=2026-04-20T19:02:22.332071700, hook_id=e9df52d3-8f12-425a-91e5-39bcf6555162, hook_logs=[], key=BEFORE_METHOD, custom_metadata={}, test_location=AppiumSession_Cloud\src\test\java\AndroidAppiumTests\E2EEcommTests_POM.java}] and args = [[TestResult name=setUpDriver status=SKIP method=EcommBaseTest.setUpDriver()[pri:0, instance:AndroidAppiumTests.E2EEcommTests_POM@7d78f3d5] output={null}], EcommBaseTest.setUpDriver()[pri:0, instance:AndroidAppiumTests.E2EEcommTests_POM@7d78f3d5]]
19:02:22.493 [setUpDriver@2] INFO  c.b.v2.framework.TestNgFramework - Hook List in Post [{hook_name=setUpDriver, hook_result=pending, test_file_path=AppiumSession_Cloud\src\test\java\AndroidAppiumTests\E2EEcommTests_POM.java, event_started_at=2026-04-20T19:02:22.289580400, hook_id=87ee3817-1e40-41a5-b7fe-0514aee3041a, hook_logs=[], key=BEFORE_METHOD, custom_metadata={}, test_location=AppiumSession_Cloud\src\test\java\AndroidAppiumTests\E2EEcommTests_POM.java}] and args = [[TestResult name=setUpDriver status=SKIP method=EcommBaseTest.setUpDriver()[pri:0, instance:AndroidAppiumTests.E2EEcommTests_POM@12fe1f28] output={null}], EcommBaseTest.setUpDriver()[pri:0, instance:AndroidAppiumTests.E2EEcommTests_POM@12fe1f28]]
19:02:22.493 [setUpDriver@0] INFO  c.b.v2.framework.TestNgFramework - Processing HookLevel attachments from directory: C:\Users\MSUSERSL123\.browserstack\UploadedAttachments-0\HookLevel
19:02:22.493 [setUpDriver@2] INFO  c.b.v2.framework.TestNgFramework - Processing HookLevel attachments from directory: C:\Users\MSUSERSL123\.browserstack\UploadedAttachments-2\HookLevel
19:02:22.493 [setUpDriver@0] INFO  c.b.v2.framework.TestNgFramework - Checking hookLevelFiles: []
19:02:22.493 [setUpDriver@2] INFO  c.b.v2.framework.TestNgFramework - Checking hookLevelFiles: []
19:02:22.493 [setUpDriver@2] INFO  c.b.v2.framework.TestNgFramework - checking Paths of files = C:\Users\MSUSERSL123\.browserstack\UploadedAttachments-2\HookLevel\BuildLevelHookEvent and abs path = C:\Users\MSUSERSL123\.browserstack\UploadedAttachments-2\HookLevel\BuildLevelHookEvent 
19:02:22.493 [setUpDriver@0] INFO  c.b.v2.framework.TestNgFramework - checking Paths of files = C:\Users\MSUSERSL123\.browserstack\UploadedAttachments-0\HookLevel\BuildLevelHookEvent and abs path = C:\Users\MSUSERSL123\.browserstack\UploadedAttachments-0\HookLevel\BuildLevelHookEvent 
19:02:22.494 [setUpDriver@2] INFO  c.b.v2.framework.TestNgFramework - Processing BuildLevelHookEvent attachments from directory: C:\Users\MSUSERSL123\.browserstack\UploadedAttachments-2\HookLevel\BuildLevelHookEvent
19:02:22.494 [setUpDriver@0] INFO  c.b.v2.framework.TestNgFramework - Processing BuildLevelHookEvent attachments from directory: C:\Users\MSUSERSL123\.browserstack\UploadedAttachments-0\HookLevel\BuildLevelHookEvent
19:02:22.494 [setUpDriver@2] INFO  c.b.v2.framework.TestNgFramework - Processing TestLevel attachments eventLogs: []
19:02:22.494 [setUpDriver@2] INFO  c.b.v2.framework.TestNgFramework - sendLogCreatedEvent: No Log Events to send
19:02:22.494 [setUpDriver@0] INFO  c.b.v2.framework.TestNgFramework - Processing TestLevel attachments eventLogs: []
19:02:22.494 [setUpDriver@1] INFO  c.b.v2.framework.TestNgFramework - args CHECK = [TestResult name=setUpDriver status=SKIP method=EcommBaseTest.setUpDriver()[pri:0, instance:AndroidAppiumTests.E2EEcommTests_POM@71e35c4] output={null}]
19:02:22.494 [setUpDriver@0] INFO  c.b.v2.framework.TestNgFramework - sendLogCreatedEvent: No Log Events to send
19:02:22.494 [setUpDriver@1] INFO  c.b.v2.framework.TestNgFramework - Hook List in Post [{hook_name=setUpDriver, hook_result=pending, test_file_path=AppiumSession_Cloud\src\test\java\AndroidAppiumTests\E2EEcommTests_POM.java, event_started_at=2026-04-20T19:02:22.333587200, hook_id=e2c447fe-8fae-4979-a330-74deeab1c9ae, hook_logs=[], key=BEFORE_METHOD, custom_metadata={}, test_location=AppiumSession_Cloud\src\test\java\AndroidAppiumTests\E2EEcommTests_POM.java}] and args = [[TestResult name=setUpDriver status=SKIP method=EcommBaseTest.setUpDriver()[pri:0, instance:AndroidAppiumTests.E2EEcommTests_POM@71e35c4] output={null}], EcommBaseTest.setUpDriver()[pri:0, instance:AndroidAppiumTests.E2EEcommTests_POM@71e35c4]]
19:02:22.494 [setUpDriver@0] INFO  c.b.v2.framework.TestNgFramework - trackHookEvents: hook state=BEFORE_METHOD.HookState.POST , hooks started={BEFORE_METHOD=[]} , hooks finished={BEFORE_METHOD=[{hook_name=setUpDriver, hook_result=skipped, test_file_path=AppiumSession_Cloud\src\test\java\AndroidAppiumTests\E2EEcommTests_POM.java, event_started_at=2026-04-20T19:02:22.332071700, hook_id=e9df52d3-8f12-425a-91e5-39bcf6555162, hook_logs=[], logs=[], key=BEFORE_METHOD, custom_metadata={}, event_ended_at=2026-04-20T19:02:22.493215100, test_location=AppiumSession_Cloud\src\test\java\AndroidAppiumTests\E2EEcommTests_POM.java}]}
19:02:22.494 [setUpDriver@2] INFO  c.b.v2.framework.TestNgFramework - trackHookEvents: hook state=BEFORE_METHOD.HookState.POST , hooks started={BEFORE_METHOD=[]} , hooks finished={BEFORE_METHOD=[{hook_name=setUpDriver, hook_result=skipped, test_file_path=AppiumSession_Cloud\src\test\java\AndroidAppiumTests\E2EEcommTests_POM.java, event_started_at=2026-04-20T19:02:22.289580400, hook_id=87ee3817-1e40-41a5-b7fe-0514aee3041a, hook_logs=[], logs=[], key=BEFORE_METHOD, custom_metadata={}, event_ended_at=2026-04-20T19:02:22.493215100, test_location=AppiumSession_Cloud\src\test\java\AndroidAppiumTests\E2EEcommTests_POM.java}]}
19:02:22.494 [setUpDriver@1] INFO  c.b.v2.framework.TestNgFramework - Processing HookLevel attachments from directory: C:\Users\MSUSERSL123\.browserstack\UploadedAttachments-1\HookLevel
19:02:22.494 [setUpDriver@1] INFO  c.b.v2.framework.TestNgFramework - Checking hookLevelFiles: []
19:02:22.494 [setUpDriver@1] INFO  c.b.v2.framework.TestNgFramework - checking Paths of files = C:\Users\MSUSERSL123\.browserstack\UploadedAttachments-1\HookLevel\BuildLevelHookEvent and abs path = C:\Users\MSUSERSL123\.browserstack\UploadedAttachments-1\HookLevel\BuildLevelHookEvent 
19:02:22.494 [setUpDriver@1] INFO  c.b.v2.framework.TestNgFramework - Processing BuildLevelHookEvent attachments from directory: C:\Users\MSUSERSL123\.browserstack\UploadedAttachments-1\HookLevel\BuildLevelHookEvent
19:02:22.495 [setUpDriver@1] INFO  c.b.v2.framework.TestNgFramework - Processing TestLevel attachments eventLogs: []
19:02:22.495 [setUpDriver@1] INFO  c.b.v2.framework.TestNgFramework - sendLogCreatedEvent: No Log Events to send
19:02:22.495 [setUpDriver@1] INFO  c.b.v2.framework.TestNgFramework - trackHookEvents: hook state=BEFORE_METHOD.HookState.POST , hooks started={BEFORE_METHOD=[]} , hooks finished={BEFORE_METHOD=[{hook_name=setUpDriver, hook_result=skipped, test_file_path=AppiumSession_Cloud\src\test\java\AndroidAppiumTests\E2EEcommTests_POM.java, event_started_at=2026-04-20T19:02:22.333587200, hook_id=e2c447fe-8fae-4979-a330-74deeab1c9ae, hook_logs=[], logs=[], key=BEFORE_METHOD, custom_metadata={}, event_ended_at=2026-04-20T19:02:22.494215, test_location=AppiumSession_Cloud\src\test\java\AndroidAppiumTests\E2EEcommTests_POM.java}]}
19:02:22.508 [setUpDriver@0] INFO  c.b.v2.module.TestHubModule - sendTestFrameworkEvent: event=com.browserstack.v2.eventBus.Event@6718bb9a, response=success: true

19:02:22.508 [setUpDriver@2] INFO  c.b.v2.module.TestHubModule - sendTestFrameworkEvent: event=com.browserstack.v2.eventBus.Event@4fdb7ed8, response=success: true

19:02:22.508 [setUpDriver@1] INFO  c.b.v2.module.TestHubModule - sendTestFrameworkEvent: event=com.browserstack.v2.eventBus.Event@462cc24c, response=success: true

19:02:22.512 [setUpDriver@1] INFO  c.b.v2.framework.TestNgFramework - trackEvent: found instance, testFrameworkState=TestFrameworkState.TEST hookState=HookState.PRE instance=144836686
19:02:22.512 [setUpDriver@2] INFO  c.b.v2.framework.TestNgFramework - trackEvent: found instance, testFrameworkState=TestFrameworkState.TEST hookState=HookState.PRE instance=144837648
19:02:22.512 [setUpDriver@0] INFO  c.b.v2.framework.TestNgFramework - trackEvent: found instance, testFrameworkState=TestFrameworkState.TEST hookState=HookState.PRE instance=144835724
19:02:22.513 [setUpDriver@1] DEBUG c.browserstack.utils.UtilityMethods - [findFileMatcher] Current Path is :: C:\Users\MSUSERSL123\eclipse-workspace\AppiumSession_Cloud, TestClass :: AndroidAppiumTests\E2EEcommTests_POM
19:02:22.513 [setUpDriver@0] DEBUG c.browserstack.utils.UtilityMethods - [findFileMatcher] Current Path is :: C:\Users\MSUSERSL123\eclipse-workspace\AppiumSession_Cloud, TestClass :: AndroidAppiumTests\E2EEcommTests_POM
19:02:22.513 [setUpDriver@2] DEBUG c.browserstack.utils.UtilityMethods - [findFileMatcher] Current Path is :: C:\Users\MSUSERSL123\eclipse-workspace\AppiumSession_Cloud, TestClass :: AndroidAppiumTests\E2EEcommTests_POM
19:02:22.626 [setUpDriver@2] INFO  c.b.v2.framework.TestNgFramework - trackEvent: loaded initial test data to instance, testFrameworkState=TestFrameworkState.TEST hookState=HookState.PRE instance=144837648 instanceThreadId=52 testResult=LongPressTest-2 testData={test_uuid=1307a9ec-0d1b-44fe-b7a7-6fba159d1b33, test_file_path=src\test\java\AndroidAppiumTests\E2EEcommTests_POM.java, test_scope=AppiumE2EEcommTest.AndroidAppiumTests.E2EEcommTests_POM, test_meta={}, test_scopes=[AppiumE2EEcommTest, AndroidAppiumTests.E2EEcommTests_POM], test_code=public void AndroidAppiumTests.E2EEcommTests_POM.PurchaseProduct() throws java.lang.InterruptedException, test_session_name=AndroidAppiumTests.E2EEcommTests_POM-PurchaseProduct, test_name=PurchaseProduct, test_tags=, custom_metadata={}, test_id=LongPressTest-2@2, test_location=src\test\java\AndroidAppiumTests\E2EEcommTests_POM.java}
19:02:22.626 [setUpDriver@2] INFO  c.b.v2.module.WebdriverModule - onBeforeTest: event=com.browserstack.v2.eventBus.Event@35cbcb83
19:02:22.626 [setUpDriver@2] INFO  c.b.v2.module.TestHubModule - onBeforeTest: event={com.browserstack.v2.eventBus.Event@35cbcb83}
19:02:22.647 [setUpDriver@1] INFO  c.b.v2.framework.TestNgFramework - trackEvent: loaded initial test data to instance, testFrameworkState=TestFrameworkState.TEST hookState=HookState.PRE instance=144836686 instanceThreadId=51 testResult=LongPressTest-1 testData={test_uuid=1fbc7a32-1086-4837-a5af-393be2855c23, test_file_path=src\test\java\AndroidAppiumTests\E2EEcommTests_POM.java, test_scope=AppiumE2EEcommTest.AndroidAppiumTests.E2EEcommTests_POM, test_meta={}, test_scopes=[AppiumE2EEcommTest, AndroidAppiumTests.E2EEcommTests_POM], test_code=public void AndroidAppiumTests.E2EEcommTests_POM.PurchaseProduct() throws java.lang.InterruptedException, test_session_name=AndroidAppiumTests.E2EEcommTests_POM-PurchaseProduct, test_name=PurchaseProduct, test_tags=, custom_metadata={}, test_id=LongPressTest-1@1, test_location=src\test\java\AndroidAppiumTests\E2EEcommTests_POM.java}
19:02:22.648 [setUpDriver@1] INFO  c.b.v2.module.WebdriverModule - onBeforeTest: event=com.browserstack.v2.eventBus.Event@21dcdeb
19:02:22.648 [setUpDriver@1] INFO  c.b.v2.module.TestHubModule - onBeforeTest: event={com.browserstack.v2.eventBus.Event@21dcdeb}
19:02:22.664 [setUpDriver@2] INFO  c.b.v2.module.TestHubModule - sendTestSessionEvent: event=com.browserstack.v2.eventBus.Event@35cbcb83, response=success: true

19:02:22.684 [setUpDriver@2] INFO  c.b.v2.module.TestHubModule - sendTestFrameworkEvent: event=com.browserstack.v2.eventBus.Event@35cbcb83, response=success: true

19:02:22.685 [setUpDriver@1] INFO  c.b.v2.module.TestHubModule - sendTestSessionEvent: event=com.browserstack.v2.eventBus.Event@21dcdeb, response=success: true

19:02:22.688 [setUpDriver@2] INFO  c.b.v2.module.ObservabilityModule - onBeforeTest: event={instance=com.browserstack.v2.instance.TestFrameworkInstance@76441427, testFrameworkState=TestFrameworkState.TEST, testInstance=com.browserstack.v2.instance.TestFrameworkInstance@76441427, autoInstance=[com.browserstack.v2.instance.SeleniumInstance@5a63a403], hookState=HookState.PRE}
19:02:22.689 [setUpDriver@2] INFO  c.b.v2.module.ObservabilityModule - performTestReportingSync: Performing TEST REPORTING AND ANALYTICS Sync
19:02:22.692 [PurchaseProduct@2] INFO  c.b.v2.framework.TestNgFramework - trackEvent: found instance, testFrameworkState=TestFrameworkState.LOG hookState=HookState.PRE instance=144837648
19:02:22.692 [PurchaseProduct@2] INFO  c.b.v2.framework.TestNgFramework - trackEvent: load log entries
19:02:22.707 [PurchaseProduct@2] INFO  c.b.v2.module.TestHubModule - sendLogCreatedEvent: event=com.browserstack.v2.eventBus.Event@43be9a2a, response=success: true

19:02:22.707 [setUpDriver@1] INFO  c.b.v2.module.TestHubModule - sendTestFrameworkEvent: event=com.browserstack.v2.eventBus.Event@21dcdeb, response=success: true

19:02:22.707 [PurchaseProduct@2] INFO  c.b.v2.module.TestHubModule - sendLogCreatedEvent: event=com.browserstack.v2.eventBus.Event@43be9a2a
19:02:22.709 [setUpDriver@1] INFO  c.b.v2.module.ObservabilityModule - onBeforeTest: event={instance=com.browserstack.v2.instance.TestFrameworkInstance@77fab3c1, testFrameworkState=TestFrameworkState.TEST, testInstance=com.browserstack.v2.instance.TestFrameworkInstance@77fab3c1, autoInstance=[com.browserstack.v2.instance.SeleniumInstance@1d3b6a38], hookState=HookState.PRE}
19:02:22.709 [setUpDriver@1] INFO  c.b.v2.module.ObservabilityModule - performTestReportingSync: Performing TEST REPORTING AND ANALYTICS Sync
19:02:22.710 [PurchaseProduct@2] INFO  c.b.v2.framework.TestNgFramework - trackEvent: found instance, testFrameworkState=TestFrameworkState.LOG_REPORT hookState=HookState.PRE instance=144837648
19:02:22.711 [PurchaseProduct@2] INFO  c.b.v2.framework.TestNgFramework - trackEvent: found instance, testFrameworkState=TestFrameworkState.LOG_REPORT hookState=HookState.POST instance=144837648
19:02:22.711 [PurchaseProduct@2] INFO  c.b.v2.framework.TestNgFramework - trackEvent: load test results
19:02:22.711 [PurchaseProduct@1] INFO  c.b.v2.framework.TestNgFramework - trackEvent: found instance, testFrameworkState=TestFrameworkState.LOG hookState=HookState.PRE instance=144836686
19:02:22.711 [PurchaseProduct@1] INFO  c.b.v2.framework.TestNgFramework - trackEvent: load log entries
19:02:22.712 [PurchaseProduct@2] INFO  c.b.v2.framework.TestNgFramework - trackEvent: found instance, testFrameworkState=TestFrameworkState.TEST hookState=HookState.POST instance=144837648
19:02:22.713 [PurchaseProduct@2] INFO  c.b.v2.module.WebdriverModule - onAfterTest: event=com.browserstack.v2.eventBus.Event@534c6358
19:02:22.713 [PurchaseProduct@2] INFO  c.b.utils.SeleniumMethodUtils - Session Name ID status marking: 
19:02:22.722 [PurchaseProduct@1] INFO  c.b.v2.module.TestHubModule - sendLogCreatedEvent: event=com.browserstack.v2.eventBus.Event@4496b58c, response=success: true

19:02:22.723 [PurchaseProduct@1] INFO  c.b.v2.module.TestHubModule - sendLogCreatedEvent: event=com.browserstack.v2.eventBus.Event@4496b58c
19:02:22.725 [PurchaseProduct@1] INFO  c.b.v2.framework.TestNgFramework - trackEvent: found instance, testFrameworkState=TestFrameworkState.LOG_REPORT hookState=HookState.PRE instance=144836686
19:02:22.726 [PurchaseProduct@1] INFO  c.b.v2.framework.TestNgFramework - trackEvent: found instance, testFrameworkState=TestFrameworkState.LOG_REPORT hookState=HookState.POST instance=144836686
19:02:22.726 [PurchaseProduct@1] INFO  c.b.v2.framework.TestNgFramework - trackEvent: load test results
19:02:22.728 [PurchaseProduct@1] INFO  c.b.v2.framework.TestNgFramework - trackEvent: found instance, testFrameworkState=TestFrameworkState.TEST hookState=HookState.POST instance=144836686
19:02:22.728 [PurchaseProduct@1] INFO  c.b.v2.module.WebdriverModule - onAfterTest: event=com.browserstack.v2.eventBus.Event@7d6572
19:02:22.729 [PurchaseProduct@1] INFO  c.b.utils.SeleniumMethodUtils - Session Name ID status marking: 
19:02:22.760 [setUpDriver@0] INFO  c.b.v2.framework.TestNgFramework - trackEvent: loaded initial test data to instance, testFrameworkState=TestFrameworkState.TEST hookState=HookState.PRE instance=144835724 instanceThreadId=50 testResult=LongPressTest-0 testData={test_uuid=0bc09754-f1b6-4945-9591-c3f08b92a561, test_file_path=src\test\java\AndroidAppiumTests\E2EEcommTests_POM.java, test_scope=AppiumE2EEcommTest.AndroidAppiumTests.E2EEcommTests_POM, test_meta={}, test_scopes=[AppiumE2EEcommTest, AndroidAppiumTests.E2EEcommTests_POM], test_code=public void AndroidAppiumTests.E2EEcommTests_POM.PurchaseProduct() throws java.lang.InterruptedException, test_session_name=AndroidAppiumTests.E2EEcommTests_POM-PurchaseProduct, test_name=PurchaseProduct, test_tags=, custom_metadata={}, test_id=LongPressTest-0@0, test_location=src\test\java\AndroidAppiumTests\E2EEcommTests_POM.java}
19:02:22.761 [setUpDriver@0] INFO  c.b.v2.module.WebdriverModule - onBeforeTest: event=com.browserstack.v2.eventBus.Event@4e0764ea
19:02:22.761 [setUpDriver@0] INFO  c.b.v2.module.TestHubModule - onBeforeTest: event={com.browserstack.v2.eventBus.Event@4e0764ea}
19:02:22.769 [setUpDriver@0] INFO  c.b.v2.module.TestHubModule - sendTestSessionEvent: event=com.browserstack.v2.eventBus.Event@4e0764ea, response=success: true

19:02:22.784 [setUpDriver@0] INFO  c.b.v2.module.TestHubModule - sendTestFrameworkEvent: event=com.browserstack.v2.eventBus.Event@4e0764ea, response=success: true

19:02:22.787 [setUpDriver@0] INFO  c.b.v2.module.ObservabilityModule - onBeforeTest: event={instance=com.browserstack.v2.instance.TestFrameworkInstance@6799e1dd, testFrameworkState=TestFrameworkState.TEST, testInstance=com.browserstack.v2.instance.TestFrameworkInstance@6799e1dd, autoInstance=[com.browserstack.v2.instance.SeleniumInstance@5eece7c6], hookState=HookState.PRE}
19:02:22.788 [setUpDriver@0] INFO  c.b.v2.module.ObservabilityModule - performTestReportingSync: Performing TEST REPORTING AND ANALYTICS Sync
19:02:22.790 [PurchaseProduct@0] INFO  c.b.v2.framework.TestNgFramework - trackEvent: found instance, testFrameworkState=TestFrameworkState.LOG hookState=HookState.PRE instance=144835724
19:02:22.791 [PurchaseProduct@0] INFO  c.b.v2.framework.TestNgFramework - trackEvent: load log entries
19:02:22.799 [PurchaseProduct@0] INFO  c.b.v2.module.TestHubModule - sendLogCreatedEvent: event=com.browserstack.v2.eventBus.Event@69f578b, response=success: true

19:02:22.804 [PurchaseProduct@0] INFO  c.b.v2.module.TestHubModule - sendLogCreatedEvent: event=com.browserstack.v2.eventBus.Event@69f578b
19:02:22.807 [PurchaseProduct@0] INFO  c.b.v2.framework.TestNgFramework - trackEvent: found instance, testFrameworkState=TestFrameworkState.LOG_REPORT hookState=HookState.PRE instance=144835724
19:02:22.808 [PurchaseProduct@0] INFO  c.b.v2.framework.TestNgFramework - trackEvent: found instance, testFrameworkState=TestFrameworkState.LOG_REPORT hookState=HookState.POST instance=144835724
19:02:22.808 [PurchaseProduct@0] INFO  c.b.v2.framework.TestNgFramework - trackEvent: load test results
19:02:22.811 [PurchaseProduct@0] INFO  c.b.v2.framework.TestNgFramework - trackEvent: found instance, testFrameworkState=TestFrameworkState.TEST hookState=HookState.POST instance=144835724
19:02:22.811 [PurchaseProduct@0] INFO  c.b.v2.module.WebdriverModule - onAfterTest: event=com.browserstack.v2.eventBus.Event@fa1d861
19:02:22.811 [PurchaseProduct@0] INFO  c.b.utils.SeleniumMethodUtils - Session Name ID status marking: 
19:02:23.098 [PurchaseProduct@2] INFO  c.b.utils.SeleniumMethodUtils - Session ID status marking: 
19:02:23.098 [PurchaseProduct@1] INFO  c.b.utils.SeleniumMethodUtils - Session ID status marking: 
19:02:23.147 [PurchaseProduct@0] INFO  c.b.utils.SeleniumMethodUtils - Session ID status marking: 
19:02:23.462 [PurchaseProduct@2] INFO  c.b.v2.module.TestHubModule - sendTestFrameworkEvent: event=com.browserstack.v2.eventBus.Event@534c6358, response=success: true

19:02:23.480 [PurchaseProduct@2] INFO  c.b.v2.framework.TestNgFramework - trackEvent: found instance, testFrameworkState=TestFrameworkState.AFTER_METHOD hookState=HookState.PRE instance=144837648
19:02:23.480 [PurchaseProduct@2] INFO  c.b.v2.framework.TestNgFramework - trackEvent: track hook events
19:02:23.480 [PurchaseProduct@2] DEBUG c.browserstack.utils.UtilityMethods - [findFileMatcher] Current Path is :: C:\Users\MSUSERSL123\eclipse-workspace\AppiumSession_Cloud, TestClass :: AndroidAppiumTests\E2EEcommTests_POM
19:02:23.495 [PurchaseProduct@1] INFO  c.b.v2.module.TestHubModule - sendTestFrameworkEvent: event=com.browserstack.v2.eventBus.Event@7d6572, response=success: true

19:02:23.508 [PurchaseProduct@1] INFO  c.b.v2.framework.TestNgFramework - trackEvent: found instance, testFrameworkState=TestFrameworkState.AFTER_METHOD hookState=HookState.PRE instance=144836686
19:02:23.509 [PurchaseProduct@1] INFO  c.b.v2.framework.TestNgFramework - trackEvent: track hook events
19:02:23.509 [PurchaseProduct@1] DEBUG c.browserstack.utils.UtilityMethods - [findFileMatcher] Current Path is :: C:\Users\MSUSERSL123\eclipse-workspace\AppiumSession_Cloud, TestClass :: AndroidAppiumTests\E2EEcommTests_POM
19:02:23.526 [PurchaseProduct@0] INFO  c.b.v2.module.TestHubModule - sendTestFrameworkEvent: event=com.browserstack.v2.eventBus.Event@fa1d861, response=success: true

19:02:23.534 [PurchaseProduct@0] INFO  c.b.v2.framework.TestNgFramework - trackEvent: found instance, testFrameworkState=TestFrameworkState.AFTER_METHOD hookState=HookState.PRE instance=144835724
19:02:23.534 [PurchaseProduct@0] INFO  c.b.v2.framework.TestNgFramework - trackEvent: track hook events
19:02:23.534 [PurchaseProduct@0] DEBUG c.browserstack.utils.UtilityMethods - [findFileMatcher] Current Path is :: C:\Users\MSUSERSL123\eclipse-workspace\AppiumSession_Cloud, TestClass :: AndroidAppiumTests\E2EEcommTests_POM
19:02:23.627 [PurchaseProduct@2] INFO  c.b.v2.framework.TestNgFramework - args CHECK = [TestResult name=quitDriver status=SKIP method=EcommBaseTest.quitDriver()[pri:0, instance:AndroidAppiumTests.E2EEcommTests_POM@12fe1f28] output={null}]
19:02:23.628 [PurchaseProduct@2] INFO  c.b.v2.framework.TestNgFramework - Hook Started in PRE key = AFTER_METHOD & hook = {hook_name=quitDriver, hook_result=pending, test_file_path=AppiumSession_Cloud\src\test\java\AndroidAppiumTests\E2EEcommTests_POM.java, event_started_at=2026-04-20T19:02:23.628953500, hook_id=391e050f-d54f-4f97-b71f-028ef4229d27, hook_logs=[], key=AFTER_METHOD, custom_metadata={}, test_location=AppiumSession_Cloud\src\test\java\AndroidAppiumTests\E2EEcommTests_POM.java}  and args = [[TestResult name=quitDriver status=SKIP method=EcommBaseTest.quitDriver()[pri:0, instance:AndroidAppiumTests.E2EEcommTests_POM@12fe1f28] output={null}], EcommBaseTest.quitDriver()[pri:0, instance:AndroidAppiumTests.E2EEcommTests_POM@12fe1f28]]
19:02:23.629 [PurchaseProduct@2] INFO  c.b.v2.framework.TestNgFramework - trackHookEvents: hook state=AFTER_METHOD.HookState.PRE , hooks started={AFTER_METHOD=[{hook_name=quitDriver, hook_result=pending, test_file_path=AppiumSession_Cloud\src\test\java\AndroidAppiumTests\E2EEcommTests_POM.java, event_started_at=2026-04-20T19:02:23.628953500, hook_id=391e050f-d54f-4f97-b71f-028ef4229d27, hook_logs=[], key=AFTER_METHOD, custom_metadata={}, test_location=AppiumSession_Cloud\src\test\java\AndroidAppiumTests\E2EEcommTests_POM.java}]} , hooks finished={AFTER_METHOD=[]}
19:02:23.629 [PurchaseProduct@2] INFO  c.b.v2.module.TestHubModule - Capturing CBT session for TestFrameworkState.AFTER_METHOD before driver.quit()
19:02:23.629 [PurchaseProduct@2] INFO  c.b.v2.module.TestHubModule - Using hook UUID=391e050f-d54f-4f97-b71f-028ef4229d27 for CBTSessionCreated (state=TestFrameworkState.AFTER_METHOD)
19:02:23.645 [PurchaseProduct@2] INFO  c.b.v2.module.TestHubModule - sendTestSessionEvent: event=com.browserstack.v2.eventBus.Event@bebb1ba, response=success: true

19:02:23.653 [PurchaseProduct@1] INFO  c.b.v2.framework.TestNgFramework - args CHECK = [TestResult name=quitDriver status=SKIP method=EcommBaseTest.quitDriver()[pri:0, instance:AndroidAppiumTests.E2EEcommTests_POM@71e35c4] output={null}]
19:02:23.653 [PurchaseProduct@1] INFO  c.b.v2.framework.TestNgFramework - Hook Started in PRE key = AFTER_METHOD & hook = {hook_name=quitDriver, hook_result=pending, test_file_path=AppiumSession_Cloud\src\test\java\AndroidAppiumTests\E2EEcommTests_POM.java, event_started_at=2026-04-20T19:02:23.653617300, hook_id=eeddf481-e1e4-4456-90ec-ab2473639781, hook_logs=[], key=AFTER_METHOD, custom_metadata={}, test_location=AppiumSession_Cloud\src\test\java\AndroidAppiumTests\E2EEcommTests_POM.java}  and args = [[TestResult name=quitDriver status=SKIP method=EcommBaseTest.quitDriver()[pri:0, instance:AndroidAppiumTests.E2EEcommTests_POM@71e35c4] output={null}], EcommBaseTest.quitDriver()[pri:0, instance:AndroidAppiumTests.E2EEcommTests_POM@71e35c4]]
19:02:23.654 [PurchaseProduct@1] INFO  c.b.v2.framework.TestNgFramework - trackHookEvents: hook state=AFTER_METHOD.HookState.PRE , hooks started={AFTER_METHOD=[{hook_name=quitDriver, hook_result=pending, test_file_path=AppiumSession_Cloud\src\test\java\AndroidAppiumTests\E2EEcommTests_POM.java, event_started_at=2026-04-20T19:02:23.653617300, hook_id=eeddf481-e1e4-4456-90ec-ab2473639781, hook_logs=[], key=AFTER_METHOD, custom_metadata={}, test_location=AppiumSession_Cloud\src\test\java\AndroidAppiumTests\E2EEcommTests_POM.java}]} , hooks finished={AFTER_METHOD=[]}
19:02:23.654 [PurchaseProduct@1] INFO  c.b.v2.module.TestHubModule - Capturing CBT session for TestFrameworkState.AFTER_METHOD before driver.quit()
19:02:23.654 [PurchaseProduct@1] INFO  c.b.v2.module.TestHubModule - Using hook UUID=eeddf481-e1e4-4456-90ec-ab2473639781 for CBTSessionCreated (state=TestFrameworkState.AFTER_METHOD)
19:02:23.700 [PurchaseProduct@1] INFO  c.b.v2.module.TestHubModule - sendTestSessionEvent: event=com.browserstack.v2.eventBus.Event@1281c54c, response=success: true

19:02:23.717 [PurchaseProduct@1] INFO  c.b.v2.module.TestHubModule - sendTestFrameworkEvent: event=com.browserstack.v2.eventBus.Event@1281c54c, response=success: true

19:02:23.720 [quitDriver@1] INFO  c.b.v2.framework.TestNgFramework - trackEvent: found instance, testFrameworkState=TestFrameworkState.AFTER_METHOD hookState=HookState.POST instance=144836686
19:02:23.721 [PurchaseProduct@0] INFO  c.b.v2.framework.TestNgFramework - args CHECK = [TestResult name=quitDriver status=SKIP method=EcommBaseTest.quitDriver()[pri:0, instance:AndroidAppiumTests.E2EEcommTests_POM@7d78f3d5] output={null}]
19:02:23.721 [quitDriver@1] INFO  c.b.v2.framework.TestNgFramework - trackEvent: track hook events
19:02:23.724 [PurchaseProduct@0] INFO  c.b.v2.framework.TestNgFramework - Hook Started in PRE key = AFTER_METHOD & hook = {hook_name=quitDriver, hook_result=pending, test_file_path=AppiumSession_Cloud\src\test\java\AndroidAppiumTests\E2EEcommTests_POM.java, event_started_at=2026-04-20T19:02:23.724880500, hook_id=c5caa406-9479-400a-9e22-ace851ad3095, hook_logs=[], key=AFTER_METHOD, custom_metadata={}, test_location=AppiumSession_Cloud\src\test\java\AndroidAppiumTests\E2EEcommTests_POM.java}  and args = [[TestResult name=quitDriver status=SKIP method=EcommBaseTest.quitDriver()[pri:0, instance:AndroidAppiumTests.E2EEcommTests_POM@7d78f3d5] output={null}], EcommBaseTest.quitDriver()[pri:0, instance:AndroidAppiumTests.E2EEcommTests_POM@7d78f3d5]]
19:02:23.727 [PurchaseProduct@2] INFO  c.b.v2.module.TestHubModule - sendTestFrameworkEvent: event=com.browserstack.v2.eventBus.Event@bebb1ba, response=success: true

19:02:23.727 [PurchaseProduct@0] INFO  c.b.v2.framework.TestNgFramework - trackHookEvents: hook state=AFTER_METHOD.HookState.PRE , hooks started={AFTER_METHOD=[{hook_name=quitDriver, hook_result=pending, test_file_path=AppiumSession_Cloud\src\test\java\AndroidAppiumTests\E2EEcommTests_POM.java, event_started_at=2026-04-20T19:02:23.724880500, hook_id=c5caa406-9479-400a-9e22-ace851ad3095, hook_logs=[], key=AFTER_METHOD, custom_metadata={}, test_location=AppiumSession_Cloud\src\test\java\AndroidAppiumTests\E2EEcommTests_POM.java}]} , hooks finished={AFTER_METHOD=[]}
19:02:23.728 [PurchaseProduct@0] INFO  c.b.v2.module.TestHubModule - Capturing CBT session for TestFrameworkState.AFTER_METHOD before driver.quit()
19:02:23.728 [PurchaseProduct@0] INFO  c.b.v2.module.TestHubModule - Using hook UUID=c5caa406-9479-400a-9e22-ace851ad3095 for CBTSessionCreated (state=TestFrameworkState.AFTER_METHOD)
19:02:23.729 [quitDriver@2] INFO  c.b.v2.framework.TestNgFramework - trackEvent: found instance, testFrameworkState=TestFrameworkState.AFTER_METHOD hookState=HookState.POST instance=144837648
19:02:23.730 [quitDriver@2] INFO  c.b.v2.framework.TestNgFramework - trackEvent: track hook events
19:02:23.738 [PurchaseProduct@0] INFO  c.b.v2.module.TestHubModule - sendTestSessionEvent: event=com.browserstack.v2.eventBus.Event@77f96526, response=success: true

19:02:23.741 [quitDriver@1] DEBUG c.browserstack.utils.UtilityMethods - [findFileMatcher] Current Path is :: C:\Users\MSUSERSL123\eclipse-workspace\AppiumSession_Cloud, TestClass :: AndroidAppiumTests\E2EEcommTests_POM
19:02:23.745 [quitDriver@2] DEBUG c.browserstack.utils.UtilityMethods - [findFileMatcher] Current Path is :: C:\Users\MSUSERSL123\eclipse-workspace\AppiumSession_Cloud, TestClass :: AndroidAppiumTests\E2EEcommTests_POM
19:02:23.789 [PurchaseProduct@0] INFO  c.b.v2.module.TestHubModule - sendTestFrameworkEvent: event=com.browserstack.v2.eventBus.Event@77f96526, response=success: true

19:02:23.792 [quitDriver@0] INFO  c.b.v2.framework.TestNgFramework - trackEvent: found instance, testFrameworkState=TestFrameworkState.AFTER_METHOD hookState=HookState.POST instance=144835724
19:02:23.792 [quitDriver@0] INFO  c.b.v2.framework.TestNgFramework - trackEvent: track hook events
19:02:23.806 [quitDriver@0] DEBUG c.browserstack.utils.UtilityMethods - [findFileMatcher] Current Path is :: C:\Users\MSUSERSL123\eclipse-workspace\AppiumSession_Cloud, TestClass :: AndroidAppiumTests\E2EEcommTests_POM
19:02:23.892 [quitDriver@2] INFO  c.b.v2.framework.TestNgFramework - args CHECK = [TestResult name=quitDriver status=SKIP method=EcommBaseTest.quitDriver()[pri:0, instance:AndroidAppiumTests.E2EEcommTests_POM@12fe1f28] output={null}]
19:02:23.892 [quitDriver@2] INFO  c.b.v2.framework.TestNgFramework - Hook List in Post [{hook_name=quitDriver, hook_result=pending, test_file_path=AppiumSession_Cloud\src\test\java\AndroidAppiumTests\E2EEcommTests_POM.java, event_started_at=2026-04-20T19:02:23.628953500, hook_id=391e050f-d54f-4f97-b71f-028ef4229d27, hook_logs=[], key=AFTER_METHOD, custom_metadata={}, test_location=AppiumSession_Cloud\src\test\java\AndroidAppiumTests\E2EEcommTests_POM.java}] and args = [[TestResult name=quitDriver status=SKIP method=EcommBaseTest.quitDriver()[pri:0, instance:AndroidAppiumTests.E2EEcommTests_POM@12fe1f28] output={null}], EcommBaseTest.quitDriver()[pri:0, instance:AndroidAppiumTests.E2EEcommTests_POM@12fe1f28]]
19:02:23.893 [quitDriver@2] INFO  c.b.v2.framework.TestNgFramework - Processing HookLevel attachments from directory: C:\Users\MSUSERSL123\.browserstack\UploadedAttachments-2\HookLevel
19:02:23.893 [quitDriver@2] INFO  c.b.v2.framework.TestNgFramework - Checking hookLevelFiles: []
19:02:23.895 [quitDriver@2] INFO  c.b.v2.framework.TestNgFramework - checking Paths of files = C:\Users\MSUSERSL123\.browserstack\UploadedAttachments-2\HookLevel\BuildLevelHookEvent and abs path = C:\Users\MSUSERSL123\.browserstack\UploadedAttachments-2\HookLevel\BuildLevelHookEvent 
19:02:23.896 [quitDriver@2] INFO  c.b.v2.framework.TestNgFramework - Processing BuildLevelHookEvent attachments from directory: C:\Users\MSUSERSL123\.browserstack\UploadedAttachments-2\HookLevel\BuildLevelHookEvent
19:02:23.896 [quitDriver@1] INFO  c.b.v2.framework.TestNgFramework - args CHECK = [TestResult name=quitDriver status=SKIP method=EcommBaseTest.quitDriver()[pri:0, instance:AndroidAppiumTests.E2EEcommTests_POM@71e35c4] output={null}]
19:02:23.896 [quitDriver@2] INFO  c.b.v2.framework.TestNgFramework - Processing TestLevel attachments eventLogs: []
19:02:23.896 [quitDriver@2] INFO  c.b.v2.framework.TestNgFramework - sendLogCreatedEvent: No Log Events to send
19:02:23.896 [quitDriver@2] INFO  c.b.v2.framework.TestNgFramework - trackHookEvents: hook state=AFTER_METHOD.HookState.POST , hooks started={AFTER_METHOD=[]} , hooks finished={AFTER_METHOD=[{hook_name=quitDriver, hook_result=skipped, test_file_path=AppiumSession_Cloud\src\test\java\AndroidAppiumTests\E2EEcommTests_POM.java, event_started_at=2026-04-20T19:02:23.628953500, hook_id=391e050f-d54f-4f97-b71f-028ef4229d27, hook_logs=[], logs=[], key=AFTER_METHOD, custom_metadata={}, event_ended_at=2026-04-20T19:02:23.892635, test_location=AppiumSession_Cloud\src\test\java\AndroidAppiumTests\E2EEcommTests_POM.java}]}
19:02:23.896 [quitDriver@1] INFO  c.b.v2.framework.TestNgFramework - Hook List in Post [{hook_name=quitDriver, hook_result=pending, test_file_path=AppiumSession_Cloud\src\test\java\AndroidAppiumTests\E2EEcommTests_POM.java, event_started_at=2026-04-20T19:02:23.653617300, hook_id=eeddf481-e1e4-4456-90ec-ab2473639781, hook_logs=[], key=AFTER_METHOD, custom_metadata={}, test_location=AppiumSession_Cloud\src\test\java\AndroidAppiumTests\E2EEcommTests_POM.java}] and args = [[TestResult name=quitDriver status=SKIP method=EcommBaseTest.quitDriver()[pri:0, instance:AndroidAppiumTests.E2EEcommTests_POM@71e35c4] output={null}], EcommBaseTest.quitDriver()[pri:0, instance:AndroidAppiumTests.E2EEcommTests_POM@71e35c4]]
19:02:23.897 [quitDriver@1] INFO  c.b.v2.framework.TestNgFramework - Processing HookLevel attachments from directory: C:\Users\MSUSERSL123\.browserstack\UploadedAttachments-1\HookLevel
19:02:23.897 [quitDriver@1] INFO  c.b.v2.framework.TestNgFramework - Checking hookLevelFiles: []
19:02:23.898 [quitDriver@1] INFO  c.b.v2.framework.TestNgFramework - checking Paths of files = C:\Users\MSUSERSL123\.browserstack\UploadedAttachments-1\HookLevel\BuildLevelHookEvent and abs path = C:\Users\MSUSERSL123\.browserstack\UploadedAttachments-1\HookLevel\BuildLevelHookEvent 
19:02:23.898 [quitDriver@1] INFO  c.b.v2.framework.TestNgFramework - Processing BuildLevelHookEvent attachments from directory: C:\Users\MSUSERSL123\.browserstack\UploadedAttachments-1\HookLevel\BuildLevelHookEvent
19:02:23.898 [quitDriver@1] INFO  c.b.v2.framework.TestNgFramework - Processing TestLevel attachments eventLogs: []
19:02:23.898 [quitDriver@1] INFO  c.b.v2.framework.TestNgFramework - sendLogCreatedEvent: No Log Events to send
19:02:23.899 [quitDriver@1] INFO  c.b.v2.framework.TestNgFramework - trackHookEvents: hook state=AFTER_METHOD.HookState.POST , hooks started={AFTER_METHOD=[]} , hooks finished={AFTER_METHOD=[{hook_name=quitDriver, hook_result=skipped, test_file_path=AppiumSession_Cloud\src\test\java\AndroidAppiumTests\E2EEcommTests_POM.java, event_started_at=2026-04-20T19:02:23.653617300, hook_id=eeddf481-e1e4-4456-90ec-ab2473639781, hook_logs=[], logs=[], key=AFTER_METHOD, custom_metadata={}, event_ended_at=2026-04-20T19:02:23.897168200, test_location=AppiumSession_Cloud\src\test\java\AndroidAppiumTests\E2EEcommTests_POM.java}]}
19:02:23.912 [quitDriver@2] INFO  c.b.v2.module.TestHubModule - sendTestFrameworkEvent: event=com.browserstack.v2.eventBus.Event@7ed7d5bd, response=success: true

19:02:23.920 [quitDriver@1] INFO  c.b.v2.module.TestHubModule - sendTestFrameworkEvent: event=com.browserstack.v2.eventBus.Event@42f56a70, response=success: true

19:02:23.922 [quitDriver@2] INFO  c.b.v2.framework.TestNgFramework - trackEvent: found instance, testFrameworkState=TestFrameworkState.AFTER_CLASS hookState=HookState.PRE instance=144837648
19:02:23.922 [quitDriver@2] INFO  c.b.v2.framework.TestNgFramework - trackEvent: track hook events
19:02:23.926 [quitDriver@2] DEBUG c.browserstack.utils.UtilityMethods - [findFileMatcher] Current Path is :: C:\Users\MSUSERSL123\eclipse-workspace\AppiumSession_Cloud, TestClass :: AndroidAppiumTests\E2EEcommTests_POM
19:02:23.938 [quitDriver@1] INFO  c.b.v2.framework.TestNgFramework - trackEvent: found instance, testFrameworkState=TestFrameworkState.AFTER_CLASS hookState=HookState.PRE instance=144836686
19:02:23.939 [quitDriver@1] INFO  c.b.v2.framework.TestNgFramework - trackEvent: track hook events
19:02:23.942 [quitDriver@1] DEBUG c.browserstack.utils.UtilityMethods - [findFileMatcher] Current Path is :: C:\Users\MSUSERSL123\eclipse-workspace\AppiumSession_Cloud, TestClass :: AndroidAppiumTests\E2EEcommTests_POM
19:02:23.965 [quitDriver@0] INFO  c.b.v2.framework.TestNgFramework - args CHECK = [TestResult name=quitDriver status=SKIP method=EcommBaseTest.quitDriver()[pri:0, instance:AndroidAppiumTests.E2EEcommTests_POM@7d78f3d5] output={null}]
19:02:23.968 [quitDriver@0] INFO  c.b.v2.framework.TestNgFramework - Hook List in Post [{hook_name=quitDriver, hook_result=pending, test_file_path=AppiumSession_Cloud\src\test\java\AndroidAppiumTests\E2EEcommTests_POM.java, event_started_at=2026-04-20T19:02:23.724880500, hook_id=c5caa406-9479-400a-9e22-ace851ad3095, hook_logs=[], key=AFTER_METHOD, custom_metadata={}, test_location=AppiumSession_Cloud\src\test\java\AndroidAppiumTests\E2EEcommTests_POM.java}] and args = [[TestResult name=quitDriver status=SKIP method=EcommBaseTest.quitDriver()[pri:0, instance:AndroidAppiumTests.E2EEcommTests_POM@7d78f3d5] output={null}], EcommBaseTest.quitDriver()[pri:0, instance:AndroidAppiumTests.E2EEcommTests_POM@7d78f3d5]]
19:02:23.969 [quitDriver@0] INFO  c.b.v2.framework.TestNgFramework - Processing HookLevel attachments from directory: C:\Users\MSUSERSL123\.browserstack\UploadedAttachments-0\HookLevel
19:02:23.969 [quitDriver@0] INFO  c.b.v2.framework.TestNgFramework - Checking hookLevelFiles: []
19:02:23.969 [quitDriver@0] INFO  c.b.v2.framework.TestNgFramework - checking Paths of files = C:\Users\MSUSERSL123\.browserstack\UploadedAttachments-0\HookLevel\BuildLevelHookEvent and abs path = C:\Users\MSUSERSL123\.browserstack\UploadedAttachments-0\HookLevel\BuildLevelHookEvent 
19:02:23.970 [quitDriver@0] INFO  c.b.v2.framework.TestNgFramework - Processing BuildLevelHookEvent attachments from directory: C:\Users\MSUSERSL123\.browserstack\UploadedAttachments-0\HookLevel\BuildLevelHookEvent
19:02:23.970 [quitDriver@0] INFO  c.b.v2.framework.TestNgFramework - Processing TestLevel attachments eventLogs: []
19:02:23.970 [quitDriver@0] INFO  c.b.v2.framework.TestNgFramework - sendLogCreatedEvent: No Log Events to send
19:02:23.971 [quitDriver@0] INFO  c.b.v2.framework.TestNgFramework - trackHookEvents: hook state=AFTER_METHOD.HookState.POST , hooks started={AFTER_METHOD=[]} , hooks finished={AFTER_METHOD=[{hook_name=quitDriver, hook_result=skipped, test_file_path=AppiumSession_Cloud\src\test\java\AndroidAppiumTests\E2EEcommTests_POM.java, event_started_at=2026-04-20T19:02:23.724880500, hook_id=c5caa406-9479-400a-9e22-ace851ad3095, hook_logs=[], logs=[], key=AFTER_METHOD, custom_metadata={}, event_ended_at=2026-04-20T19:02:23.968397200, test_location=AppiumSession_Cloud\src\test\java\AndroidAppiumTests\E2EEcommTests_POM.java}]}
19:02:23.997 [quitDriver@0] INFO  c.b.v2.module.TestHubModule - sendTestFrameworkEvent: event=com.browserstack.v2.eventBus.Event@6dc0abfc, response=success: true

19:02:24.031 [quitDriver@2] INFO  c.b.v2.framework.TestNgFramework - args CHECK = [TestResult name=tearDown status=SKIP method=EcommBaseTest.tearDown()[pri:0, instance:AndroidAppiumTests.E2EEcommTests_POM@12fe1f28] output={null}]
19:02:24.031 [quitDriver@2] INFO  c.b.v2.framework.TestNgFramework - Hook Started in PRE key = AFTER_CLASS & hook = {hook_name=tearDown, hook_result=pending, test_file_path=AppiumSession_Cloud\src\test\java\AndroidAppiumTests\E2EEcommTests_POM.java, event_started_at=2026-04-20T19:02:24.031144700, hook_id=0d6754be-ccad-4132-a05a-7775dd815be6, hook_logs=[], key=AFTER_CLASS, custom_metadata={}, test_location=AppiumSession_Cloud\src\test\java\AndroidAppiumTests\E2EEcommTests_POM.java}  and args = [[TestResult name=tearDown status=SKIP method=EcommBaseTest.tearDown()[pri:0, instance:AndroidAppiumTests.E2EEcommTests_POM@12fe1f28] output={null}], EcommBaseTest.tearDown()[pri:0, instance:AndroidAppiumTests.E2EEcommTests_POM@12fe1f28]]
19:02:24.032 [quitDriver@2] INFO  c.b.v2.framework.TestNgFramework - trackHookEvents: hook state=AFTER_CLASS.HookState.PRE , hooks started={AFTER_METHOD=[], AFTER_CLASS=[{hook_name=tearDown, hook_result=pending, test_file_path=AppiumSession_Cloud\src\test\java\AndroidAppiumTests\E2EEcommTests_POM.java, event_started_at=2026-04-20T19:02:24.031144700, hook_id=0d6754be-ccad-4132-a05a-7775dd815be6, hook_logs=[], key=AFTER_CLASS, custom_metadata={}, test_location=AppiumSession_Cloud\src\test\java\AndroidAppiumTests\E2EEcommTests_POM.java}]} , hooks finished={AFTER_METHOD=[{hook_name=quitDriver, hook_result=skipped, test_file_path=AppiumSession_Cloud\src\test\java\AndroidAppiumTests\E2EEcommTests_POM.java, event_started_at=2026-04-20T19:02:23.628953500, hook_id=391e050f-d54f-4f97-b71f-028ef4229d27, hook_logs=[], logs=[], key=AFTER_METHOD, custom_metadata={}, event_ended_at=2026-04-20T19:02:23.892635, test_location=AppiumSession_Cloud\src\test\java\AndroidAppiumTests\E2EEcommTests_POM.java}], AFTER_CLASS=[]}
19:02:24.032 [quitDriver@2] INFO  c.b.v2.module.TestHubModule - Capturing CBT session for TestFrameworkState.AFTER_CLASS before driver.quit()
19:02:24.032 [quitDriver@2] INFO  c.b.v2.module.TestHubModule - Using hook UUID=0d6754be-ccad-4132-a05a-7775dd815be6 for CBTSessionCreated (state=TestFrameworkState.AFTER_CLASS)
19:02:24.045 [quitDriver@2] INFO  c.b.v2.module.TestHubModule - sendTestSessionEvent: event=com.browserstack.v2.eventBus.Event@2a62bfa8, response=success: true

19:02:24.062 [quitDriver@2] INFO  c.b.v2.module.TestHubModule - sendTestFrameworkEvent: event=com.browserstack.v2.eventBus.Event@2a62bfa8, response=success: true

19:02:24.064 [quitDriver@0] INFO  c.b.v2.framework.TestNgFramework - trackEvent: found instance, testFrameworkState=TestFrameworkState.AFTER_CLASS hookState=HookState.PRE instance=144835724
19:02:24.064 [quitDriver@0] INFO  c.b.v2.framework.TestNgFramework - trackEvent: track hook events
19:02:24.064 [tearDown@2] INFO  c.b.v2.framework.TestNgFramework - trackEvent: found instance, testFrameworkState=TestFrameworkState.AFTER_CLASS hookState=HookState.POST instance=144837648
19:02:24.064 [tearDown@2] INFO  c.b.v2.framework.TestNgFramework - trackEvent: track hook events
19:02:24.072 [quitDriver@0] DEBUG c.browserstack.utils.UtilityMethods - [findFileMatcher] Current Path is :: C:\Users\MSUSERSL123\eclipse-workspace\AppiumSession_Cloud, TestClass :: AndroidAppiumTests\E2EEcommTests_POM
19:02:24.076 [tearDown@2] DEBUG c.browserstack.utils.UtilityMethods - [findFileMatcher] Current Path is :: C:\Users\MSUSERSL123\eclipse-workspace\AppiumSession_Cloud, TestClass :: AndroidAppiumTests\E2EEcommTests_POM
19:02:24.128 [quitDriver@1] INFO  c.b.v2.framework.TestNgFramework - args CHECK = [TestResult name=tearDown status=SKIP method=EcommBaseTest.tearDown()[pri:0, instance:AndroidAppiumTests.E2EEcommTests_POM@71e35c4] output={null}]
19:02:24.129 [quitDriver@1] INFO  c.b.v2.framework.TestNgFramework - Hook Started in PRE key = AFTER_CLASS & hook = {hook_name=tearDown, hook_result=pending, test_file_path=AppiumSession_Cloud\src\test\java\AndroidAppiumTests\E2EEcommTests_POM.java, event_started_at=2026-04-20T19:02:24.129014700, hook_id=fdcd7484-21ed-4ac3-9f3c-4fb06c5008d2, hook_logs=[], key=AFTER_CLASS, custom_metadata={}, test_location=AppiumSession_Cloud\src\test\java\AndroidAppiumTests\E2EEcommTests_POM.java}  and args = [[TestResult name=tearDown status=SKIP method=EcommBaseTest.tearDown()[pri:0, instance:AndroidAppiumTests.E2EEcommTests_POM@71e35c4] output={null}], EcommBaseTest.tearDown()[pri:0, instance:AndroidAppiumTests.E2EEcommTests_POM@71e35c4]]
19:02:24.129 [quitDriver@1] INFO  c.b.v2.framework.TestNgFramework - trackHookEvents: hook state=AFTER_CLASS.HookState.PRE , hooks started={AFTER_METHOD=[], AFTER_CLASS=[{hook_name=tearDown, hook_result=pending, test_file_path=AppiumSession_Cloud\src\test\java\AndroidAppiumTests\E2EEcommTests_POM.java, event_started_at=2026-04-20T19:02:24.129014700, hook_id=fdcd7484-21ed-4ac3-9f3c-4fb06c5008d2, hook_logs=[], key=AFTER_CLASS, custom_metadata={}, test_location=AppiumSession_Cloud\src\test\java\AndroidAppiumTests\E2EEcommTests_POM.java}]} , hooks finished={AFTER_METHOD=[{hook_name=quitDriver, hook_result=skipped, test_file_path=AppiumSession_Cloud\src\test\java\AndroidAppiumTests\E2EEcommTests_POM.java, event_started_at=2026-04-20T19:02:23.653617300, hook_id=eeddf481-e1e4-4456-90ec-ab2473639781, hook_logs=[], logs=[], key=AFTER_METHOD, custom_metadata={}, event_ended_at=2026-04-20T19:02:23.897168200, test_location=AppiumSession_Cloud\src\test\java\AndroidAppiumTests\E2EEcommTests_POM.java}], AFTER_CLASS=[]}
19:02:24.130 [quitDriver@1] INFO  c.b.v2.module.TestHubModule - Capturing CBT session for TestFrameworkState.AFTER_CLASS before driver.quit()
19:02:24.130 [quitDriver@1] INFO  c.b.v2.module.TestHubModule - Using hook UUID=fdcd7484-21ed-4ac3-9f3c-4fb06c5008d2 for CBTSessionCreated (state=TestFrameworkState.AFTER_CLASS)
19:02:24.143 [quitDriver@1] INFO  c.b.v2.module.TestHubModule - sendTestSessionEvent: event=com.browserstack.v2.eventBus.Event@5f99850f, response=success: true

19:02:24.175 [quitDriver@1] INFO  c.b.v2.module.TestHubModule - sendTestFrameworkEvent: event=com.browserstack.v2.eventBus.Event@5f99850f, response=success: true

19:02:24.178 [tearDown@1] INFO  c.b.v2.framework.TestNgFramework - trackEvent: found instance, testFrameworkState=TestFrameworkState.AFTER_CLASS hookState=HookState.POST instance=144836686
19:02:24.178 [tearDown@1] INFO  c.b.v2.framework.TestNgFramework - trackEvent: track hook events
19:02:24.191 [tearDown@1] DEBUG c.browserstack.utils.UtilityMethods - [findFileMatcher] Current Path is :: C:\Users\MSUSERSL123\eclipse-workspace\AppiumSession_Cloud, TestClass :: AndroidAppiumTests\E2EEcommTests_POM
19:02:24.191 [tearDown@2] INFO  c.b.v2.framework.TestNgFramework - args CHECK = [TestResult name=tearDown status=SKIP method=EcommBaseTest.tearDown()[pri:0, instance:AndroidAppiumTests.E2EEcommTests_POM@12fe1f28] output={null}]
19:02:24.191 [tearDown@2] INFO  c.b.v2.framework.TestNgFramework - Hook List in Post [{hook_name=tearDown, hook_result=pending, test_file_path=AppiumSession_Cloud\src\test\java\AndroidAppiumTests\E2EEcommTests_POM.java, event_started_at=2026-04-20T19:02:24.031144700, hook_id=0d6754be-ccad-4132-a05a-7775dd815be6, hook_logs=[], key=AFTER_CLASS, custom_metadata={}, test_location=AppiumSession_Cloud\src\test\java\AndroidAppiumTests\E2EEcommTests_POM.java}] and args = [[TestResult name=tearDown status=SKIP method=EcommBaseTest.tearDown()[pri:0, instance:AndroidAppiumTests.E2EEcommTests_POM@12fe1f28] output={null}], EcommBaseTest.tearDown()[pri:0, instance:AndroidAppiumTests.E2EEcommTests_POM@12fe1f28]]
19:02:24.192 [tearDown@2] INFO  c.b.v2.framework.TestNgFramework - Processing HookLevel attachments from directory: C:\Users\MSUSERSL123\.browserstack\UploadedAttachments-2\HookLevel
19:02:24.192 [tearDown@2] INFO  c.b.v2.framework.TestNgFramework - Checking hookLevelFiles: []
19:02:24.193 [tearDown@2] INFO  c.b.v2.framework.TestNgFramework - checking Paths of files = C:\Users\MSUSERSL123\.browserstack\UploadedAttachments-2\HookLevel\BuildLevelHookEvent and abs path = C:\Users\MSUSERSL123\.browserstack\UploadedAttachments-2\HookLevel\BuildLevelHookEvent 
19:02:24.193 [tearDown@2] INFO  c.b.v2.framework.TestNgFramework - Processing BuildLevelHookEvent attachments from directory: C:\Users\MSUSERSL123\.browserstack\UploadedAttachments-2\HookLevel\BuildLevelHookEvent
19:02:24.193 [tearDown@2] INFO  c.b.v2.framework.TestNgFramework - Processing TestLevel attachments eventLogs: []
19:02:24.194 [tearDown@2] INFO  c.b.v2.framework.TestNgFramework - sendLogCreatedEvent: No Log Events to send
19:02:24.194 [tearDown@2] INFO  c.b.v2.framework.TestNgFramework - trackHookEvents: hook state=AFTER_CLASS.HookState.POST , hooks started={AFTER_METHOD=[], AFTER_CLASS=[]} , hooks finished={AFTER_METHOD=[{hook_name=quitDriver, hook_result=skipped, test_file_path=AppiumSession_Cloud\src\test\java\AndroidAppiumTests\E2EEcommTests_POM.java, event_started_at=2026-04-20T19:02:23.628953500, hook_id=391e050f-d54f-4f97-b71f-028ef4229d27, hook_logs=[], logs=[], key=AFTER_METHOD, custom_metadata={}, event_ended_at=2026-04-20T19:02:23.892635, test_location=AppiumSession_Cloud\src\test\java\AndroidAppiumTests\E2EEcommTests_POM.java}], AFTER_CLASS=[{hook_name=tearDown, hook_result=skipped, test_file_path=AppiumSession_Cloud\src\test\java\AndroidAppiumTests\E2EEcommTests_POM.java, event_started_at=2026-04-20T19:02:24.031144700, hook_id=0d6754be-ccad-4132-a05a-7775dd815be6, hook_logs=[], logs=[], key=AFTER_CLASS, custom_metadata={}, event_ended_at=2026-04-20T19:02:24.191914200, test_location=AppiumSession_Cloud\src\test\java\AndroidAppiumTests\E2EEcommTests_POM.java}]}
19:02:24.213 [tearDown@2] INFO  c.b.v2.module.TestHubModule - sendTestFrameworkEvent: event=com.browserstack.v2.eventBus.Event@749db46f, response=success: true

19:02:24.230 [quitDriver@0] INFO  c.b.v2.framework.TestNgFramework - args CHECK = [TestResult name=tearDown status=SKIP method=EcommBaseTest.tearDown()[pri:0, instance:AndroidAppiumTests.E2EEcommTests_POM@7d78f3d5] output={null}]
19:02:24.231 [quitDriver@0] INFO  c.b.v2.framework.TestNgFramework - Hook Started in PRE key = AFTER_CLASS & hook = {hook_name=tearDown, hook_result=pending, test_file_path=AppiumSession_Cloud\src\test\java\AndroidAppiumTests\E2EEcommTests_POM.java, event_started_at=2026-04-20T19:02:24.231732, hook_id=0292bd98-4e64-488e-b261-77ef078d1590, hook_logs=[], key=AFTER_CLASS, custom_metadata={}, test_location=AppiumSession_Cloud\src\test\java\AndroidAppiumTests\E2EEcommTests_POM.java}  and args = [[TestResult name=tearDown status=SKIP method=EcommBaseTest.tearDown()[pri:0, instance:AndroidAppiumTests.E2EEcommTests_POM@7d78f3d5] output={null}], EcommBaseTest.tearDown()[pri:0, instance:AndroidAppiumTests.E2EEcommTests_POM@7d78f3d5]]
19:02:24.231 [quitDriver@0] INFO  c.b.v2.framework.TestNgFramework - trackHookEvents: hook state=AFTER_CLASS.HookState.PRE , hooks started={AFTER_METHOD=[], AFTER_CLASS=[{hook_name=tearDown, hook_result=pending, test_file_path=AppiumSession_Cloud\src\test\java\AndroidAppiumTests\E2EEcommTests_POM.java, event_started_at=2026-04-20T19:02:24.231732, hook_id=0292bd98-4e64-488e-b261-77ef078d1590, hook_logs=[], key=AFTER_CLASS, custom_metadata={}, test_location=AppiumSession_Cloud\src\test\java\AndroidAppiumTests\E2EEcommTests_POM.java}]} , hooks finished={AFTER_METHOD=[{hook_name=quitDriver, hook_result=skipped, test_file_path=AppiumSession_Cloud\src\test\java\AndroidAppiumTests\E2EEcommTests_POM.java, event_started_at=2026-04-20T19:02:23.724880500, hook_id=c5caa406-9479-400a-9e22-ace851ad3095, hook_logs=[], logs=[], key=AFTER_METHOD, custom_metadata={}, event_ended_at=2026-04-20T19:02:23.968397200, test_location=AppiumSession_Cloud\src\test\java\AndroidAppiumTests\E2EEcommTests_POM.java}], AFTER_CLASS=[]}
19:02:24.237 [quitDriver@0] INFO  c.b.v2.module.TestHubModule - Capturing CBT session for TestFrameworkState.AFTER_CLASS before driver.quit()
19:02:24.238 [quitDriver@0] INFO  c.b.v2.module.TestHubModule - Using hook UUID=0292bd98-4e64-488e-b261-77ef078d1590 for CBTSessionCreated (state=TestFrameworkState.AFTER_CLASS)
19:02:24.250 [quitDriver@0] INFO  c.b.v2.module.TestHubModule - sendTestSessionEvent: event=com.browserstack.v2.eventBus.Event@43812b7b, response=success: true

19:02:24.263 [quitDriver@0] INFO  c.b.v2.module.TestHubModule - sendTestFrameworkEvent: event=com.browserstack.v2.eventBus.Event@43812b7b, response=success: true

19:02:24.310 [tearDown@0] INFO  c.b.v2.framework.TestNgFramework - trackEvent: found instance, testFrameworkState=TestFrameworkState.AFTER_CLASS hookState=HookState.POST instance=144835724
19:02:24.310 [tearDown@0] INFO  c.b.v2.framework.TestNgFramework - trackEvent: track hook events
19:02:24.317 [tearDown@0] DEBUG c.browserstack.utils.UtilityMethods - [findFileMatcher] Current Path is :: C:\Users\MSUSERSL123\eclipse-workspace\AppiumSession_Cloud, TestClass :: AndroidAppiumTests\E2EEcommTests_POM
19:02:24.350 [tearDown@1] INFO  c.b.v2.framework.TestNgFramework - args CHECK = [TestResult name=tearDown status=SKIP method=EcommBaseTest.tearDown()[pri:0, instance:AndroidAppiumTests.E2EEcommTests_POM@71e35c4] output={null}]
19:02:24.350 [tearDown@1] INFO  c.b.v2.framework.TestNgFramework - Hook List in Post [{hook_name=tearDown, hook_result=pending, test_file_path=AppiumSession_Cloud\src\test\java\AndroidAppiumTests\E2EEcommTests_POM.java, event_started_at=2026-04-20T19:02:24.129014700, hook_id=fdcd7484-21ed-4ac3-9f3c-4fb06c5008d2, hook_logs=[], key=AFTER_CLASS, custom_metadata={}, test_location=AppiumSession_Cloud\src\test\java\AndroidAppiumTests\E2EEcommTests_POM.java}] and args = [[TestResult name=tearDown status=SKIP method=EcommBaseTest.tearDown()[pri:0, instance:AndroidAppiumTests.E2EEcommTests_POM@71e35c4] output={null}], EcommBaseTest.tearDown()[pri:0, instance:AndroidAppiumTests.E2EEcommTests_POM@71e35c4]]
19:02:24.351 [tearDown@1] INFO  c.b.v2.framework.TestNgFramework - Processing HookLevel attachments from directory: C:\Users\MSUSERSL123\.browserstack\UploadedAttachments-1\HookLevel
19:02:24.351 [tearDown@1] INFO  c.b.v2.framework.TestNgFramework - Checking hookLevelFiles: []
19:02:24.351 [tearDown@1] INFO  c.b.v2.framework.TestNgFramework - checking Paths of files = C:\Users\MSUSERSL123\.browserstack\UploadedAttachments-1\HookLevel\BuildLevelHookEvent and abs path = C:\Users\MSUSERSL123\.browserstack\UploadedAttachments-1\HookLevel\BuildLevelHookEvent 
19:02:24.352 [tearDown@1] INFO  c.b.v2.framework.TestNgFramework - Processing BuildLevelHookEvent attachments from directory: C:\Users\MSUSERSL123\.browserstack\UploadedAttachments-1\HookLevel\BuildLevelHookEvent
19:02:24.353 [tearDown@1] INFO  c.b.v2.framework.TestNgFramework - Processing TestLevel attachments eventLogs: []
19:02:24.353 [tearDown@1] INFO  c.b.v2.framework.TestNgFramework - sendLogCreatedEvent: No Log Events to send
19:02:24.353 [tearDown@1] INFO  c.b.v2.framework.TestNgFramework - trackHookEvents: hook state=AFTER_CLASS.HookState.POST , hooks started={AFTER_METHOD=[], AFTER_CLASS=[]} , hooks finished={AFTER_METHOD=[{hook_name=quitDriver, hook_result=skipped, test_file_path=AppiumSession_Cloud\src\test\java\AndroidAppiumTests\E2EEcommTests_POM.java, event_started_at=2026-04-20T19:02:23.653617300, hook_id=eeddf481-e1e4-4456-90ec-ab2473639781, hook_logs=[], logs=[], key=AFTER_METHOD, custom_metadata={}, event_ended_at=2026-04-20T19:02:23.897168200, test_location=AppiumSession_Cloud\src\test\java\AndroidAppiumTests\E2EEcommTests_POM.java}], AFTER_CLASS=[{hook_name=tearDown, hook_result=skipped, test_file_path=AppiumSession_Cloud\src\test\java\AndroidAppiumTests\E2EEcommTests_POM.java, event_started_at=2026-04-20T19:02:24.129014700, hook_id=fdcd7484-21ed-4ac3-9f3c-4fb06c5008d2, hook_logs=[], logs=[], key=AFTER_CLASS, custom_metadata={}, event_ended_at=2026-04-20T19:02:24.351047300, test_location=AppiumSession_Cloud\src\test\java\AndroidAppiumTests\E2EEcommTests_POM.java}]}
19:02:24.371 [tearDown@1] INFO  c.b.v2.module.TestHubModule - sendTestFrameworkEvent: event=com.browserstack.v2.eventBus.Event@681ce890, response=success: true

19:02:24.441 [tearDown@0] INFO  c.b.v2.framework.TestNgFramework - args CHECK = [TestResult name=tearDown status=SKIP method=EcommBaseTest.tearDown()[pri:0, instance:AndroidAppiumTests.E2EEcommTests_POM@7d78f3d5] output={null}]
19:02:24.442 [tearDown@0] INFO  c.b.v2.framework.TestNgFramework - Hook List in Post [{hook_name=tearDown, hook_result=pending, test_file_path=AppiumSession_Cloud\src\test\java\AndroidAppiumTests\E2EEcommTests_POM.java, event_started_at=2026-04-20T19:02:24.231732, hook_id=0292bd98-4e64-488e-b261-77ef078d1590, hook_logs=[], key=AFTER_CLASS, custom_metadata={}, test_location=AppiumSession_Cloud\src\test\java\AndroidAppiumTests\E2EEcommTests_POM.java}] and args = [[TestResult name=tearDown status=SKIP method=EcommBaseTest.tearDown()[pri:0, instance:AndroidAppiumTests.E2EEcommTests_POM@7d78f3d5] output={null}], EcommBaseTest.tearDown()[pri:0, instance:AndroidAppiumTests.E2EEcommTests_POM@7d78f3d5]]
19:02:24.442 [tearDown@0] INFO  c.b.v2.framework.TestNgFramework - Processing HookLevel attachments from directory: C:\Users\MSUSERSL123\.browserstack\UploadedAttachments-0\HookLevel
19:02:24.442 [tearDown@0] INFO  c.b.v2.framework.TestNgFramework - Checking hookLevelFiles: []
19:02:24.443 [tearDown@0] INFO  c.b.v2.framework.TestNgFramework - checking Paths of files = C:\Users\MSUSERSL123\.browserstack\UploadedAttachments-0\HookLevel\BuildLevelHookEvent and abs path = C:\Users\MSUSERSL123\.browserstack\UploadedAttachments-0\HookLevel\BuildLevelHookEvent 
19:02:24.443 [tearDown@0] INFO  c.b.v2.framework.TestNgFramework - Processing BuildLevelHookEvent attachments from directory: C:\Users\MSUSERSL123\.browserstack\UploadedAttachments-0\HookLevel\BuildLevelHookEvent
19:02:24.443 [tearDown@0] INFO  c.b.v2.framework.TestNgFramework - Processing TestLevel attachments eventLogs: []
19:02:24.443 [tearDown@0] INFO  c.b.v2.framework.TestNgFramework - sendLogCreatedEvent: No Log Events to send
19:02:24.444 [tearDown@0] INFO  c.b.v2.framework.TestNgFramework - trackHookEvents: hook state=AFTER_CLASS.HookState.POST , hooks started={AFTER_METHOD=[], AFTER_CLASS=[]} , hooks finished={AFTER_METHOD=[{hook_name=quitDriver, hook_result=skipped, test_file_path=AppiumSession_Cloud\src\test\java\AndroidAppiumTests\E2EEcommTests_POM.java, event_started_at=2026-04-20T19:02:23.724880500, hook_id=c5caa406-9479-400a-9e22-ace851ad3095, hook_logs=[], logs=[], key=AFTER_METHOD, custom_metadata={}, event_ended_at=2026-04-20T19:02:23.968397200, test_location=AppiumSession_Cloud\src\test\java\AndroidAppiumTests\E2EEcommTests_POM.java}], AFTER_CLASS=[{hook_name=tearDown, hook_result=skipped, test_file_path=AppiumSession_Cloud\src\test\java\AndroidAppiumTests\E2EEcommTests_POM.java, event_started_at=2026-04-20T19:02:24.231732, hook_id=0292bd98-4e64-488e-b261-77ef078d1590, hook_logs=[], logs=[], key=AFTER_CLASS, custom_metadata={}, event_ended_at=2026-04-20T19:02:24.442318300, test_location=AppiumSession_Cloud\src\test\java\AndroidAppiumTests\E2EEcommTests_POM.java}]}
19:02:24.456 [tearDown@0] INFO  c.b.v2.module.TestHubModule - sendTestFrameworkEvent: event=com.browserstack.v2.eventBus.Event@3b970117, response=success: true

19:02:27.017 [tearDown@2] DEBUG c.browserstack.utils.UtilityMethods - quitWebDriverForCLIFlow: [Instance: 1332:52] Starting single instance quit process
19:02:27.017 [tearDown@2] DEBUG c.browserstack.utils.UtilityMethods - quitWebDriverForCLIFlow: [Instance: 1332:52] SdkCLI is running, getting tracked instance
19:02:27.018 [tearDown@2] DEBUG c.browserstack.utils.UtilityMethods - quitWebDriverForCLIFlow: [Instance: 1332:52] Found tracked instance, getting driver
19:02:27.018 [tearDown@2] DEBUG c.browserstack.utils.UtilityMethods - quitWebDriverForCLIFlow: [Instance: 1332:52] Driver is null, nothing to quit
19:02:27.051 [tearDown@0] DEBUG c.browserstack.utils.UtilityMethods - quitWebDriverForCLIFlow: [Instance: 1332:50] Starting single instance quit process
19:02:27.051 [tearDown@0] DEBUG c.browserstack.utils.UtilityMethods - quitWebDriverForCLIFlow: [Instance: 1332:50] SdkCLI is running, getting tracked instance
19:02:27.051 [tearDown@0] DEBUG c.browserstack.utils.UtilityMethods - quitWebDriverForCLIFlow: [Instance: 1332:50] Found tracked instance, getting driver
19:02:27.051 [tearDown@0] DEBUG c.browserstack.utils.UtilityMethods - quitWebDriverForCLIFlow: [Instance: 1332:50] Driver is null, nothing to quit
19:02:27.085 [tearDown@1] DEBUG c.browserstack.utils.UtilityMethods - quitWebDriverForCLIFlow: [Instance: 1332:51] Starting single instance quit process
19:02:27.085 [tearDown@1] DEBUG c.browserstack.utils.UtilityMethods - quitWebDriverForCLIFlow: [Instance: 1332:51] SdkCLI is running, getting tracked instance
19:02:27.085 [tearDown@1] DEBUG c.browserstack.utils.UtilityMethods - quitWebDriverForCLIFlow: [Instance: 1332:51] Found tracked instance, getting driver
19:02:27.085 [tearDown@1] DEBUG c.browserstack.utils.UtilityMethods - quitWebDriverForCLIFlow: [Instance: 1332:51] Driver is null, nothing to quit
19:02:27.240 [main] INFO  com.browserstack.testOps.Listener - logCreated: CLI is active
19:02:27.241 [main] INFO  com.browserstack.testOps.Listener - logCreated: CLI is active
19:02:27.241 [main] INFO  com.browserstack.testOps.Listener - logCreated: CLI is active
19:02:27.242 [main] INFO  com.browserstack.testOps.Listener - logCreated: CLI is active
19:02:27.242 [main] INFO  com.browserstack.testOps.Listener - logCreated: CLI is active
19:02:27.242 [main] INFO  com.browserstack.testOps.Listener - logCreated: CLI is active
19:02:27.257 [main] INFO  com.browserstack.testOps.Listener - logCreated: CLI is active
19:02:27.257 [main] INFO  com.browserstack.testOps.Listener - logCreated: CLI is active
19:02:27.257 [main] INFO  com.browserstack.testOps.Listener - logCreated: CLI is active
19:02:27.257 [main] INFO  com.browserstack.testOps.Listener - logCreated: CLI is active
19:02:27.257 [main] INFO  com.browserstack.testOps.Listener - logCreated: CLI is active
19:02:27.257 [main] INFO  com.browserstack.testOps.Listener - logCreated: CLI is active
19:02:27.260 [main] INFO  com.browserstack.testOps.Listener - logCreated: CLI is active
19:02:27.260 [main] INFO  com.browserstack.testOps.Listener - logCreated: CLI is active
19:02:27.260 [main] INFO  com.browserstack.testOps.Listener - logCreated: CLI is active
19:02:27.261 [main] INFO  com.browserstack.testOps.Listener - logCreated: CLI is active
19:02:27.261 [main] INFO  com.browserstack.testOps.Listener - logCreated: CLI is active
19:02:27.261 [main] INFO  com.browserstack.testOps.Listener - logCreated: CLI is active
19:02:27.692 [Thread-0] INFO  com.browserstack.testOps.Listener - onComplete: CLI is active
19:02:27.719 [Thread-0] INFO  com.browserstack.v2.SdkCLI - stop: cli stop triggered
19:02:29.460 [Thread-0] INFO  com.browserstack.v2.SdkCLI - stop: shutting down CLI
19:02:29.469 [Thread-0] INFO  com.browserstack.v2.SdkCLI - Attempting to delete directory: C:\Users\MSUSERSL123\.browserstack\UploadedAttachments-0
19:02:29.473 [Thread-0] INFO  com.browserstack.v2.SdkCLI - Deleted directory: C:\Users\MSUSERSL123\.browserstack\UploadedAttachments-0
19:02:29.473 [Thread-0] INFO  com.browserstack.v2.SdkCLI - Attempting to delete directory: C:\Users\MSUSERSL123\.browserstack\UploadedAttachments-1
19:02:29.474 [Thread-0] INFO  com.browserstack.v2.SdkCLI - Deleted directory: C:\Users\MSUSERSL123\.browserstack\UploadedAttachments-1
19:02:29.475 [Thread-0] INFO  com.browserstack.v2.SdkCLI - Attempting to delete directory: C:\Users\MSUSERSL123\.browserstack\UploadedAttachments-2
19:02:29.476 [Thread-0] INFO  com.browserstack.v2.SdkCLI - Deleted directory: C:\Users\MSUSERSL123\.browserstack\UploadedAttachments-2
19:02:30.690 [Thread-0] DEBUG c.browserstack.utils.UtilityMethods - Browserstack yml path passed - C:\Users\MSUSERSL123\eclipse-workspace\AppiumSession_Cloud\browserstack.yml
19:02:33.187 [Thread-0] DEBUG c.browserstack.utils.UtilityMethods - unable to delete debug log: java.nio.file.FileSystemException: C:\Users\MSUSERSL123\eclipse-workspace\AppiumSession_Cloud\log\browserstack-javaagent.debug.log: The process cannot access the file because it is being used by another process
	at java.base/sun.nio.fs.WindowsException.translateToIOException(WindowsException.java:92)
	at java.base/sun.nio.fs.WindowsException.rethrowAsIOException(WindowsException.java:103)
	at java.base/sun.nio.fs.WindowsException.rethrowAsIOException(WindowsException.java:108)
	at java.base/sun.nio.fs.WindowsFileSystemProvider.implDelete(WindowsFileSystemProvider.java:273)
	at java.base/sun.nio.fs.AbstractFileSystemProvider.deleteIfExists(AbstractFileSystemProvider.java:109)
	at java.base/java.nio.file.Files.deleteIfExists(Files.java:1191)
	at com.browserstack.utils.UtilityMethods.a(Unknown Source)
	at com.browserstack.utils.UtilityMethods.a(Unknown Source)
	at com.browserstack.utils.UtilityMethods.sendLogs(Unknown Source)
	at com.browserstack.BrowserStackJavaAgent$FinalExecution.a(Unknown Source)
	at com.browserstack.BrowserStackJavaAgent$FinalExecution.a(Unknown Source)
	at com.browserstack.BrowserStackJavaAgent$FinalExecution.run(Unknown Source)

19:02:33.188 [Thread-0] DEBUG c.browserstack.utils.UtilityMethods - Browserstack Gradle Config File does not exist.
19:02:33.190 [Thread-0] INFO  c.browserstack.BrowserStackJavaAgent - Visit https://automation.browserstack.com/builds/zerrekkj1n4tvejiqjjsd2en9kgd0pd9oq98skrf to view build report, insights, and many more debugging information all at one place!
19:02:33.190 [Thread-0] INFO  c.b.config.BrowserStackConfig - INFO
19:02:33.193 [Thread-0] INFO  c.browserstack.utils.UtilityMethods - View build on BrowserStack dashboard: 
19:02:33.193 [Thread-0] INFO  c.b.config.BrowserStackConfig - INFO
19:02:33.194 [Thread-0] DEBUG c.browserstack.utils.UtilityMethods - quitAllWebDriversForCLIFlow: Starting cleanup process
19:02:33.194 [Thread-0] DEBUG c.browserstack.utils.UtilityMethods - quitAllWebDriversForCLIFlow: No automation framework instances found to quit for CLI flow
19:02:33.195 [Thread-0] INFO  c.browserstack.BrowserStackJavaAgent - SDK run ended for id: 64bb7cb9-dca2-4909-9b57-16e61daeaadc, testhub id: zerrekkj1n4tvejiqjjsd2en9kgd0pd9oq98skrf
19:02:33.195 [Thread-0] INFO  c.b.config.BrowserStackConfig - INFO
