2026-04-20T13:14:01.632Z CLI info [main]     Server listening on port: 5400
2026-04-20T13:14:04.620Z CLI info     Config : {"userName":"[REDACTED]","accessKey":"[REDACTED]","projectName":"BrowserStack Sample","buildName":"browserstack build","buildIdentifier":"#${BUILD_NUMBER}","app":"bs://c04f78ea6bcf7d40da41abf7f2b26d867e4dad77","platforms":[{"deviceName":"Samsung Galaxy S22 Ultra","platformVersion":"12.0","platformName":"android"},{"deviceName":"Samsung Galaxy S21","platformVersion":"11.0","platformName":"android"},{"deviceName":"Google Pixel 6 Pro","platformVersion":"12.0","platformName":"android"}],"parallelsPerPlatform":1,"source":"java:appium-eclipse:v1.0.10","browserstackLocal":true,"debug":false,"networkLogs":false,"consoleLogs":"errors"}
2026-04-20T13:14:04.751Z CLI info     Should start debug utility: undefined
2026-04-20T13:14:04.772Z CLI info [testhub:module]  [poulamidatta_OM7YbZ]   [5ccb8831-4b9f-48ba-b939-a6c6a83b78f1]  Starting testhub from 620:0
2026-04-20T13:14:05.192Z CLI info  [poulamidatta_OM7YbZ]   [5ccb8831-4b9f-48ba-b939-a6c6a83b78f1]  [PRODUCTION] Making POST request to https://sdk.browserstack.com
2026-04-20T13:14:05.230Z CLI info  [poulamidatta_OM7YbZ]   [5ccb8831-4b9f-48ba-b939-a6c6a83b78f1]  [PRODUCTION] Making GET request to https://hub.browserstack.com
2026-04-20T13:14:06.024Z CLI info  [poulamidatta_OM7YbZ]   [5ccb8831-4b9f-48ba-b939-a6c6a83b78f1]  [PRODUCTION] Making GET request to https://hub-aps.browserstack.com
2026-04-20T13:14:06.026Z CLI info  [poulamidatta_OM7YbZ]   [5ccb8831-4b9f-48ba-b939-a6c6a83b78f1]  [PRODUCTION] Making GET request to https://hub-euw.browserstack.com
2026-04-20T13:14:06.027Z CLI info  [poulamidatta_OM7YbZ]   [5ccb8831-4b9f-48ba-b939-a6c6a83b78f1]  [PRODUCTION] Making GET request to https://hub-apse.browserstack.com
2026-04-20T13:14:07.069Z CLI info [testhub:module]  [poulamidatta_OM7YbZ]   [5ccb8831-4b9f-48ba-b939-a6c6a83b78f1]  startBuild: response=5umxmiipi7lom8eehenlegqydffelzrn4dgkjd08
2026-04-20T13:14:07.073Z CLI info  [poulamidatta_OM7YbZ]  [5umxmiipi7lom8eehenlegqydffelzrn4dgkjd08]  [5ccb8831-4b9f-48ba-b939-a6c6a83b78f1]  [PRODUCTION] Making POST request to https://api.browserstack.com
2026-04-20T13:14:08.163Z CLI info  [poulamidatta_OM7YbZ]  [5umxmiipi7lom8eehenlegqydffelzrn4dgkjd08]  [5ccb8831-4b9f-48ba-b939-a6c6a83b78f1]  [PRODUCTION] Making GET request to https://api.browserstack.com
2026-04-20T13:14:08.498Z CLI error  [poulamidatta_OM7YbZ]  [5umxmiipi7lom8eehenlegqydffelzrn4dgkjd08]  [5ccb8831-4b9f-48ba-b939-a6c6a83b78f1]  error invoking callback for eventName: {}
2026-04-20T13:14:08.498Z CLI error  [poulamidatta_OM7YbZ]  [5umxmiipi7lom8eehenlegqydffelzrn4dgkjd08]  [5ccb8831-4b9f-48ba-b939-a6c6a83b78f1]  Error: invalid percyToken=null
    at C:\snapshot\browserstack-binary\cli\dist\index.js
    at process.processTicksAndRejections (node:internal/process/task_queues:95:5)
2026-04-20T13:14:28.794Z CLI info [appautomate:service]  [poulamidatta_OM7YbZ]  [5umxmiipi7lom8eehenlegqydffelzrn4dgkjd08]  [5ccb8831-4b9f-48ba-b939-a6c6a83b78f1]  Using app: bs://c04f78ea6bcf7d40da41abf7f2b26d867e4dad77
2026-04-20T13:14:36.688Z CLI info [testhub:request-queue-handler]  [poulamidatta_OM7YbZ]  [5umxmiipi7lom8eehenlegqydffelzrn4dgkjd08]  [5ccb8831-4b9f-48ba-b939-a6c6a83b78f1]  Added the event {
  event_type: 'HookRunStarted',
  hook_run: {
    type: 'hook',
    hook_type: 'BEFORE_CLASS',
    framework: 'TestNG',
    uuid: '739b6403-a663-495f-a2eb-3d65c8d8e040',
    name: 'configureAppium',
    result: 'pending',
    test_run_id: '9a3b5a26-b48f-47e7-8ede-1bf8c5a132aa',
    body: { lang: 'java', code: null },
    scope: 'AppiumE2EEcommTest.AndroidAppiumTests.E2EEcommTests_POM',
    custom_metadata: {},
    tags: [],
    scopes: [ 'AppiumE2EEcommTest', 'AndroidAppiumTests.E2EEcommTests_POM' ],
    file_name: 'AppiumSession_Cloud\\src\\test\\java\\AndroidAppiumTests\\E2EEcommTests_POM.java',
    vc_filepath: 'eclipse-workspace\\AppiumSession_Cloud\\AppiumSession_Cloud\\src\\test\\java\\AndroidAppiumTests\\E2EEcommTests_POM.java',
    location: 'AppiumSession_Cloud\\src\\test\\java\\AndroidAppiumTests\\E2EEcommTests_POM.java',
    started_at: '2026-04-20T13:14:36.605Z'
  },
  logs: []
} to 620:0
2026-04-20T13:14:36.700Z CLI info [testhub:request-queue-handler]  [poulamidatta_OM7YbZ]  [5umxmiipi7lom8eehenlegqydffelzrn4dgkjd08]  [5ccb8831-4b9f-48ba-b939-a6c6a83b78f1]  Added the event {
  event_type: 'HookRunStarted',
  hook_run: {
    type: 'hook',
    hook_type: 'BEFORE_CLASS',
    framework: 'TestNG',
    uuid: '8033505f-e36e-43c2-92e8-cdbd8f8e04ab',
    name: 'configureAppium',
    result: 'pending',
    test_run_id: 'f6967f32-e0f2-4770-a07f-0597cf10e334',
    body: { lang: 'java', code: null },
    scope: 'AppiumE2EEcommTest.AndroidAppiumTests.E2EEcommTests_POM',
    custom_metadata: {},
    tags: [],
    scopes: [ 'AppiumE2EEcommTest', 'AndroidAppiumTests.E2EEcommTests_POM' ],
    file_name: 'AppiumSession_Cloud\\src\\test\\java\\AndroidAppiumTests\\E2EEcommTests_POM.java',
    vc_filepath: 'eclipse-workspace\\AppiumSession_Cloud\\AppiumSession_Cloud\\src\\test\\java\\AndroidAppiumTests\\E2EEcommTests_POM.java',
    location: 'AppiumSession_Cloud\\src\\test\\java\\AndroidAppiumTests\\E2EEcommTests_POM.java',
    started_at: '2026-04-20T13:14:36.605Z'
  },
  logs: []
} to 620:0
2026-04-20T13:14:36.703Z CLI info [testhub:request-queue-handler]  [poulamidatta_OM7YbZ]  [5umxmiipi7lom8eehenlegqydffelzrn4dgkjd08]  [5ccb8831-4b9f-48ba-b939-a6c6a83b78f1]  Added the event {
  event_type: 'HookRunStarted',
  hook_run: {
    type: 'hook',
    hook_type: 'BEFORE_CLASS',
    framework: 'TestNG',
    uuid: 'c0f247b9-b8b0-46d1-91c9-e3eca6758b27',
    name: 'configureAppium',
    result: 'pending',
    test_run_id: 'e0dff145-c3a6-4bc5-abc7-5a01abd36131',
    body: { lang: 'java', code: null },
    scope: 'AppiumE2EEcommTest.AndroidAppiumTests.E2EEcommTests_POM',
    custom_metadata: {},
    tags: [],
    scopes: [ 'AppiumE2EEcommTest', 'AndroidAppiumTests.E2EEcommTests_POM' ],
    file_name: 'AppiumSession_Cloud\\src\\test\\java\\AndroidAppiumTests\\E2EEcommTests_POM.java',
    vc_filepath: 'eclipse-workspace\\AppiumSession_Cloud\\AppiumSession_Cloud\\src\\test\\java\\AndroidAppiumTests\\E2EEcommTests_POM.java',
    location: 'AppiumSession_Cloud\\src\\test\\java\\AndroidAppiumTests\\E2EEcommTests_POM.java',
    started_at: '2026-04-20T13:14:36.605Z'
  },
  logs: []
} to 620:0
2026-04-20T13:14:37.794Z CLI info [testhub:request-queue-handler]  [poulamidatta_OM7YbZ]  [5umxmiipi7lom8eehenlegqydffelzrn4dgkjd08]  [5ccb8831-4b9f-48ba-b939-a6c6a83b78f1]  Processing batch event [
  {
    event_type: 'HookRunStarted',
    hook_run: {
      type: 'hook',
      hook_type: 'BEFORE_CLASS',
      framework: 'TestNG',
      uuid: '739b6403-a663-495f-a2eb-3d65c8d8e040',
      name: 'configureAppium',
      result: 'pending',
      test_run_id: '9a3b5a26-b48f-47e7-8ede-1bf8c5a132aa',
      body: { lang: 'java', code: null },
      scope: 'AppiumE2EEcommTest.AndroidAppiumTests.E2EEcommTests_POM',
      custom_metadata: {},
      tags: [],
      scopes: [ 'AppiumE2EEcommTest', 'AndroidAppiumTests.E2EEcommTests_POM' ],
      file_name: 'AppiumSession_Cloud\\src\\test\\java\\AndroidAppiumTests\\E2EEcommTests_POM.java',
      vc_filepath: 'eclipse-workspace\\AppiumSession_Cloud\\AppiumSession_Cloud\\src\\test\\java\\AndroidAppiumTests\\E2EEcommTests_POM.java',
      location: 'AppiumSession_Cloud\\src\\test\\java\\AndroidAppiumTests\\E2EEcommTests_POM.java',
      started_at: '2026-04-20T13:14:36.605Z'
    },
    logs: []
  },
  {
    event_type: 'HookRunStarted',
    hook_run: {
      type: 'hook',
      hook_type: 'BEFORE_CLASS',
      framework: 'TestNG',
      uuid: '8033505f-e36e-43c2-92e8-cdbd8f8e04ab',
      name: 'configureAppium',
      result: 'pending',
      test_run_id: 'f6967f32-e0f2-4770-a07f-0597cf10e334',
      body: { lang: 'java', code: null },
      scope: 'AppiumE2EEcommTest.AndroidAppiumTests.E2EEcommTests_POM',
      custom_metadata: {},
      tags: [],
      scopes: [ 'AppiumE2EEcommTest', 'AndroidAppiumTests.E2EEcommTests_POM' ],
      file_name: 'AppiumSession_Cloud\\src\\test\\java\\AndroidAppiumTests\\E2EEcommTests_POM.java',
      vc_filepath: 'eclipse-workspace\\AppiumSession_Cloud\\AppiumSession_Cloud\\src\\test\\java\\AndroidAppiumTests\\E2EEcommTests_POM.java',
      location: 'AppiumSession_Cloud\\src\\test\\java\\AndroidAppiumTests\\E2EEcommTests_POM.java',
      started_at: '2026-04-20T13:14:36.605Z'
    },
    logs: []
  },
  {
    event_type: 'HookRunStarted',
    hook_run: {
      type: 'hook',
      hook_type: 'BEFORE_CLASS',
      framework: 'TestNG',
      uuid: 'c0f247b9-b8b0-46d1-91c9-e3eca6758b27',
      name: 'configureAppium',
      result: 'pending',
      test_run_id: 'e0dff145-c3a6-4bc5-abc7-5a01abd36131',
      body: { lang: 'java', code: null },
      scope: 'AppiumE2EEcommTest.AndroidAppiumTests.E2EEcommTests_POM',
      custom_metadata: {},
      tags: [],
      scopes: [ 'AppiumE2EEcommTest', 'AndroidAppiumTests.E2EEcommTests_POM' ],
      file_name: 'AppiumSession_Cloud\\src\\test\\java\\AndroidAppiumTests\\E2EEcommTests_POM.java',
      vc_filepath: 'eclipse-workspace\\AppiumSession_Cloud\\AppiumSession_Cloud\\src\\test\\java\\AndroidAppiumTests\\E2EEcommTests_POM.java',
      location: 'AppiumSession_Cloud\\src\\test\\java\\AndroidAppiumTests\\E2EEcommTests_POM.java',
      started_at: '2026-04-20T13:14:36.605Z'
    },
    logs: []
  }
] to 620:0
2026-04-20T13:14:37.797Z CLI info  [poulamidatta_OM7YbZ]  [5umxmiipi7lom8eehenlegqydffelzrn4dgkjd08]  [5ccb8831-4b9f-48ba-b939-a6c6a83b78f1]  [PRODUCTION] Making POST request to https://collector-observability.browserstack.com
2026-04-20T13:14:39.360Z CLI info [testhub:request-queue-handler]  [poulamidatta_OM7YbZ]  [5umxmiipi7lom8eehenlegqydffelzrn4dgkjd08]  [5ccb8831-4b9f-48ba-b939-a6c6a83b78f1]  Added the event {
  event_type: 'HookRunFinished',
  hook_run: {
    type: 'hook',
    hook_type: 'BEFORE_CLASS',
    framework: 'TestNG',
    uuid: 'c0f247b9-b8b0-46d1-91c9-e3eca6758b27',
    name: 'configureAppium',
    result: 'passed',
    test_run_id: 'e0dff145-c3a6-4bc5-abc7-5a01abd36131',
    body: { lang: 'java', code: null },
    scope: 'AppiumE2EEcommTest.AndroidAppiumTests.E2EEcommTests_POM',
    custom_metadata: {},
    tags: [],
    scopes: [ 'AppiumE2EEcommTest', 'AndroidAppiumTests.E2EEcommTests_POM' ],
    file_name: 'AppiumSession_Cloud\\src\\test\\java\\AndroidAppiumTests\\E2EEcommTests_POM.java',
    vc_filepath: 'eclipse-workspace\\AppiumSession_Cloud\\AppiumSession_Cloud\\src\\test\\java\\AndroidAppiumTests\\E2EEcommTests_POM.java',
    location: 'AppiumSession_Cloud\\src\\test\\java\\AndroidAppiumTests\\E2EEcommTests_POM.java',
    started_at: '2026-04-20T13:14:36.605Z',
    finished_at: '2026-04-20T13:14:39.304Z'
  },
  logs: []
} to 620:0
2026-04-20T13:14:39.384Z CLI info [testhub:request-queue-handler]  [poulamidatta_OM7YbZ]  [5umxmiipi7lom8eehenlegqydffelzrn4dgkjd08]  [5ccb8831-4b9f-48ba-b939-a6c6a83b78f1]  Added the event {
  event_type: 'HookRunFinished',
  hook_run: {
    type: 'hook',
    hook_type: 'BEFORE_CLASS',
    framework: 'TestNG',
    uuid: '739b6403-a663-495f-a2eb-3d65c8d8e040',
    name: 'configureAppium',
    result: 'passed',
    test_run_id: '9a3b5a26-b48f-47e7-8ede-1bf8c5a132aa',
    body: { lang: 'java', code: null },
    scope: 'AppiumE2EEcommTest.AndroidAppiumTests.E2EEcommTests_POM',
    custom_metadata: {},
    tags: [],
    scopes: [ 'AppiumE2EEcommTest', 'AndroidAppiumTests.E2EEcommTests_POM' ],
    file_name: 'AppiumSession_Cloud\\src\\test\\java\\AndroidAppiumTests\\E2EEcommTests_POM.java',
    vc_filepath: 'eclipse-workspace\\AppiumSession_Cloud\\AppiumSession_Cloud\\src\\test\\java\\AndroidAppiumTests\\E2EEcommTests_POM.java',
    location: 'AppiumSession_Cloud\\src\\test\\java\\AndroidAppiumTests\\E2EEcommTests_POM.java',
    started_at: '2026-04-20T13:14:36.605Z',
    finished_at: '2026-04-20T13:14:39.326Z'
  },
  logs: []
} to 620:0
2026-04-20T13:14:39.390Z CLI info [testhub:request-queue-handler]  [poulamidatta_OM7YbZ]  [5umxmiipi7lom8eehenlegqydffelzrn4dgkjd08]  [5ccb8831-4b9f-48ba-b939-a6c6a83b78f1]  Added the event {
  event_type: 'HookRunFinished',
  hook_run: {
    type: 'hook',
    hook_type: 'BEFORE_CLASS',
    framework: 'TestNG',
    uuid: '8033505f-e36e-43c2-92e8-cdbd8f8e04ab',
    name: 'configureAppium',
    result: 'passed',
    test_run_id: 'f6967f32-e0f2-4770-a07f-0597cf10e334',
    body: { lang: 'java', code: null },
    scope: 'AppiumE2EEcommTest.AndroidAppiumTests.E2EEcommTests_POM',
    custom_metadata: {},
    tags: [],
    scopes: [ 'AppiumE2EEcommTest', 'AndroidAppiumTests.E2EEcommTests_POM' ],
    file_name: 'AppiumSession_Cloud\\src\\test\\java\\AndroidAppiumTests\\E2EEcommTests_POM.java',
    vc_filepath: 'eclipse-workspace\\AppiumSession_Cloud\\AppiumSession_Cloud\\src\\test\\java\\AndroidAppiumTests\\E2EEcommTests_POM.java',
    location: 'AppiumSession_Cloud\\src\\test\\java\\AndroidAppiumTests\\E2EEcommTests_POM.java',
    started_at: '2026-04-20T13:14:36.605Z',
    finished_at: '2026-04-20T13:14:39.347Z'
  },
  logs: []
} to 620:0
2026-04-20T13:14:39.821Z CLI info [testhub:request-queue-handler]  [poulamidatta_OM7YbZ]  [5umxmiipi7lom8eehenlegqydffelzrn4dgkjd08]  [5ccb8831-4b9f-48ba-b939-a6c6a83b78f1]  Added the event {
  event_type: 'HookRunStarted',
  hook_run: {
    type: 'hook',
    hook_type: 'BEFORE_METHOD',
    framework: 'TestNG',
    uuid: 'aeb73d93-51ff-472b-877f-d8fb86e85a74',
    name: 'setUpDriver',
    result: 'pending',
    test_run_id: '9a3b5a26-b48f-47e7-8ede-1bf8c5a132aa',
    body: { lang: 'java', code: null },
    scope: 'AppiumE2EEcommTest.AndroidAppiumTests.E2EEcommTests_POM',
    custom_metadata: {},
    tags: [],
    scopes: [ 'AppiumE2EEcommTest', 'AndroidAppiumTests.E2EEcommTests_POM' ],
    file_name: 'AppiumSession_Cloud\\src\\test\\java\\AndroidAppiumTests\\E2EEcommTests_POM.java',
    vc_filepath: 'eclipse-workspace\\AppiumSession_Cloud\\AppiumSession_Cloud\\src\\test\\java\\AndroidAppiumTests\\E2EEcommTests_POM.java',
    location: 'AppiumSession_Cloud\\src\\test\\java\\AndroidAppiumTests\\E2EEcommTests_POM.java',
    started_at: '2026-04-20T13:14:39.772Z'
  },
  logs: []
} to 620:0
2026-04-20T13:14:39.828Z CLI info [testhub:request-queue-handler]  [poulamidatta_OM7YbZ]  [5umxmiipi7lom8eehenlegqydffelzrn4dgkjd08]  [5ccb8831-4b9f-48ba-b939-a6c6a83b78f1]  Processing batch event [
  {
    event_type: 'HookRunFinished',
    hook_run: {
      type: 'hook',
      hook_type: 'BEFORE_CLASS',
      framework: 'TestNG',
      uuid: 'c0f247b9-b8b0-46d1-91c9-e3eca6758b27',
      name: 'configureAppium',
      result: 'passed',
      test_run_id: 'e0dff145-c3a6-4bc5-abc7-5a01abd36131',
      body: { lang: 'java', code: null },
      scope: 'AppiumE2EEcommTest.AndroidAppiumTests.E2EEcommTests_POM',
      custom_metadata: {},
      tags: [],
      scopes: [ 'AppiumE2EEcommTest', 'AndroidAppiumTests.E2EEcommTests_POM' ],
      file_name: 'AppiumSession_Cloud\\src\\test\\java\\AndroidAppiumTests\\E2EEcommTests_POM.java',
      vc_filepath: 'eclipse-workspace\\AppiumSession_Cloud\\AppiumSession_Cloud\\src\\test\\java\\AndroidAppiumTests\\E2EEcommTests_POM.java',
      location: 'AppiumSession_Cloud\\src\\test\\java\\AndroidAppiumTests\\E2EEcommTests_POM.java',
      started_at: '2026-04-20T13:14:36.605Z',
      finished_at: '2026-04-20T13:14:39.304Z'
    },
    logs: []
  },
  {
    event_type: 'HookRunFinished',
    hook_run: {
      type: 'hook',
      hook_type: 'BEFORE_CLASS',
      framework: 'TestNG',
      uuid: '739b6403-a663-495f-a2eb-3d65c8d8e040',
      name: 'configureAppium',
      result: 'passed',
      test_run_id: '9a3b5a26-b48f-47e7-8ede-1bf8c5a132aa',
      body: { lang: 'java', code: null },
      scope: 'AppiumE2EEcommTest.AndroidAppiumTests.E2EEcommTests_POM',
      custom_metadata: {},
      tags: [],
      scopes: [ 'AppiumE2EEcommTest', 'AndroidAppiumTests.E2EEcommTests_POM' ],
      file_name: 'AppiumSession_Cloud\\src\\test\\java\\AndroidAppiumTests\\E2EEcommTests_POM.java',
      vc_filepath: 'eclipse-workspace\\AppiumSession_Cloud\\AppiumSession_Cloud\\src\\test\\java\\AndroidAppiumTests\\E2EEcommTests_POM.java',
      location: 'AppiumSession_Cloud\\src\\test\\java\\AndroidAppiumTests\\E2EEcommTests_POM.java',
      started_at: '2026-04-20T13:14:36.605Z',
      finished_at: '2026-04-20T13:14:39.326Z'
    },
    logs: []
  },
  {
    event_type: 'HookRunFinished',
    hook_run: {
      type: 'hook',
      hook_type: 'BEFORE_CLASS',
      framework: 'TestNG',
      uuid: '8033505f-e36e-43c2-92e8-cdbd8f8e04ab',
      name: 'configureAppium',
      result: 'passed',
      test_run_id: 'f6967f32-e0f2-4770-a07f-0597cf10e334',
      body: { lang: 'java', code: null },
      scope: 'AppiumE2EEcommTest.AndroidAppiumTests.E2EEcommTests_POM',
      custom_metadata: {},
      tags: [],
      scopes: [ 'AppiumE2EEcommTest', 'AndroidAppiumTests.E2EEcommTests_POM' ],
      file_name: 'AppiumSession_Cloud\\src\\test\\java\\AndroidAppiumTests\\E2EEcommTests_POM.java',
      vc_filepath: 'eclipse-workspace\\AppiumSession_Cloud\\AppiumSession_Cloud\\src\\test\\java\\AndroidAppiumTests\\E2EEcommTests_POM.java',
      location: 'AppiumSession_Cloud\\src\\test\\java\\AndroidAppiumTests\\E2EEcommTests_POM.java',
      started_at: '2026-04-20T13:14:36.605Z',
      finished_at: '2026-04-20T13:14:39.347Z'
    },
    logs: []
  },
  {
    event_type: 'HookRunStarted',
    hook_run: {
      type: 'hook',
      hook_type: 'BEFORE_METHOD',
      framework: 'TestNG',
      uuid: 'aeb73d93-51ff-472b-877f-d8fb86e85a74',
      name: 'setUpDriver',
      result: 'pending',
      test_run_id: '9a3b5a26-b48f-47e7-8ede-1bf8c5a132aa',
      body: { lang: 'java', code: null },
      scope: 'AppiumE2EEcommTest.AndroidAppiumTests.E2EEcommTests_POM',
      custom_metadata: {},
      tags: [],
      scopes: [ 'AppiumE2EEcommTest', 'AndroidAppiumTests.E2EEcommTests_POM' ],
      file_name: 'AppiumSession_Cloud\\src\\test\\java\\AndroidAppiumTests\\E2EEcommTests_POM.java',
      vc_filepath: 'eclipse-workspace\\AppiumSession_Cloud\\AppiumSession_Cloud\\src\\test\\java\\AndroidAppiumTests\\E2EEcommTests_POM.java',
      location: 'AppiumSession_Cloud\\src\\test\\java\\AndroidAppiumTests\\E2EEcommTests_POM.java',
      started_at: '2026-04-20T13:14:39.772Z'
    },
    logs: []
  }
] to 620:0
2026-04-20T13:14:39.837Z CLI info  [poulamidatta_OM7YbZ]  [5umxmiipi7lom8eehenlegqydffelzrn4dgkjd08]  [5ccb8831-4b9f-48ba-b939-a6c6a83b78f1]  [PRODUCTION] Making POST request to https://collector-observability.browserstack.com
2026-04-20T13:14:39.872Z CLI info [testhub:request-queue-handler]  [poulamidatta_OM7YbZ]  [5umxmiipi7lom8eehenlegqydffelzrn4dgkjd08]  [5ccb8831-4b9f-48ba-b939-a6c6a83b78f1]  Added the event {
  event_type: 'HookRunStarted',
  hook_run: {
    type: 'hook',
    hook_type: 'BEFORE_METHOD',
    framework: 'TestNG',
    uuid: '440c92b8-ad78-4e9d-95d3-ddd7ed6e3b43',
    name: 'setUpDriver',
    result: 'pending',
    test_run_id: 'f6967f32-e0f2-4770-a07f-0597cf10e334',
    body: { lang: 'java', code: null },
    scope: 'AppiumE2EEcommTest.AndroidAppiumTests.E2EEcommTests_POM',
    custom_metadata: {},
    tags: [],
    scopes: [ 'AppiumE2EEcommTest', 'AndroidAppiumTests.E2EEcommTests_POM' ],
    file_name: 'AppiumSession_Cloud\\src\\test\\java\\AndroidAppiumTests\\E2EEcommTests_POM.java',
    vc_filepath: 'eclipse-workspace\\AppiumSession_Cloud\\AppiumSession_Cloud\\src\\test\\java\\AndroidAppiumTests\\E2EEcommTests_POM.java',
    location: 'AppiumSession_Cloud\\src\\test\\java\\AndroidAppiumTests\\E2EEcommTests_POM.java',
    started_at: '2026-04-20T13:14:39.791Z'
  },
  logs: []
} to 620:0
2026-04-20T13:14:39.878Z CLI info [testhub:request-queue-handler]  [poulamidatta_OM7YbZ]  [5umxmiipi7lom8eehenlegqydffelzrn4dgkjd08]  [5ccb8831-4b9f-48ba-b939-a6c6a83b78f1]  Added the event {
  event_type: 'HookRunStarted',
  hook_run: {
    type: 'hook',
    hook_type: 'BEFORE_METHOD',
    framework: 'TestNG',
    uuid: 'bd011313-280e-499d-9944-057e9fa83b6d',
    name: 'setUpDriver',
    result: 'pending',
    test_run_id: 'e0dff145-c3a6-4bc5-abc7-5a01abd36131',
    body: { lang: 'java', code: null },
    scope: 'AppiumE2EEcommTest.AndroidAppiumTests.E2EEcommTests_POM',
    custom_metadata: {},
    tags: [],
    scopes: [ 'AppiumE2EEcommTest', 'AndroidAppiumTests.E2EEcommTests_POM' ],
    file_name: 'AppiumSession_Cloud\\src\\test\\java\\AndroidAppiumTests\\E2EEcommTests_POM.java',
    vc_filepath: 'eclipse-workspace\\AppiumSession_Cloud\\AppiumSession_Cloud\\src\\test\\java\\AndroidAppiumTests\\E2EEcommTests_POM.java',
    location: 'AppiumSession_Cloud\\src\\test\\java\\AndroidAppiumTests\\E2EEcommTests_POM.java',
    started_at: '2026-04-20T13:14:39.818Z'
  },
  logs: []
} to 620:0
2026-04-20T13:14:41.947Z CLI info [testhub:request-queue-handler]  [poulamidatta_OM7YbZ]  [5umxmiipi7lom8eehenlegqydffelzrn4dgkjd08]  [5ccb8831-4b9f-48ba-b939-a6c6a83b78f1]  Processing batch event [
  {
    event_type: 'HookRunStarted',
    hook_run: {
      type: 'hook',
      hook_type: 'BEFORE_METHOD',
      framework: 'TestNG',
      uuid: '440c92b8-ad78-4e9d-95d3-ddd7ed6e3b43',
      name: 'setUpDriver',
      result: 'pending',
      test_run_id: 'f6967f32-e0f2-4770-a07f-0597cf10e334',
      body: { lang: 'java', code: null },
      scope: 'AppiumE2EEcommTest.AndroidAppiumTests.E2EEcommTests_POM',
      custom_metadata: {},
      tags: [],
      scopes: [ 'AppiumE2EEcommTest', 'AndroidAppiumTests.E2EEcommTests_POM' ],
      file_name: 'AppiumSession_Cloud\\src\\test\\java\\AndroidAppiumTests\\E2EEcommTests_POM.java',
      vc_filepath: 'eclipse-workspace\\AppiumSession_Cloud\\AppiumSession_Cloud\\src\\test\\java\\AndroidAppiumTests\\E2EEcommTests_POM.java',
      location: 'AppiumSession_Cloud\\src\\test\\java\\AndroidAppiumTests\\E2EEcommTests_POM.java',
      started_at: '2026-04-20T13:14:39.791Z'
    },
    logs: []
  },
  {
    event_type: 'HookRunStarted',
    hook_run: {
      type: 'hook',
      hook_type: 'BEFORE_METHOD',
      framework: 'TestNG',
      uuid: 'bd011313-280e-499d-9944-057e9fa83b6d',
      name: 'setUpDriver',
      result: 'pending',
      test_run_id: 'e0dff145-c3a6-4bc5-abc7-5a01abd36131',
      body: { lang: 'java', code: null },
      scope: 'AppiumE2EEcommTest.AndroidAppiumTests.E2EEcommTests_POM',
      custom_metadata: {},
      tags: [],
      scopes: [ 'AppiumE2EEcommTest', 'AndroidAppiumTests.E2EEcommTests_POM' ],
      file_name: 'AppiumSession_Cloud\\src\\test\\java\\AndroidAppiumTests\\E2EEcommTests_POM.java',
      vc_filepath: 'eclipse-workspace\\AppiumSession_Cloud\\AppiumSession_Cloud\\src\\test\\java\\AndroidAppiumTests\\E2EEcommTests_POM.java',
      location: 'AppiumSession_Cloud\\src\\test\\java\\AndroidAppiumTests\\E2EEcommTests_POM.java',
      started_at: '2026-04-20T13:14:39.818Z'
    },
    logs: []
  }
] to 620:0
2026-04-20T13:14:41.988Z CLI info  [poulamidatta_OM7YbZ]  [5umxmiipi7lom8eehenlegqydffelzrn4dgkjd08]  [5ccb8831-4b9f-48ba-b939-a6c6a83b78f1]  [PRODUCTION] Making POST request to https://collector-observability.browserstack.com
2026-04-20T13:14:44.065Z CLI info [testhub:request-queue-handler]  [poulamidatta_OM7YbZ]  [5umxmiipi7lom8eehenlegqydffelzrn4dgkjd08]  [5ccb8831-4b9f-48ba-b939-a6c6a83b78f1]  Added the event {
  event_type: 'HookRunFinished',
  hook_run: {
    type: 'hook',
    hook_type: 'BEFORE_METHOD',
    framework: 'TestNG',
    uuid: '440c92b8-ad78-4e9d-95d3-ddd7ed6e3b43',
    name: 'setUpDriver',
    result: 'failed',
    test_run_id: 'f6967f32-e0f2-4770-a07f-0597cf10e334',
    body: { lang: 'java', code: null },
    scope: 'AppiumE2EEcommTest.AndroidAppiumTests.E2EEcommTests_POM',
    custom_metadata: {},
    tags: [],
    scopes: [ 'AppiumE2EEcommTest', 'AndroidAppiumTests.E2EEcommTests_POM' ],
    file_name: 'AppiumSession_Cloud\\src\\test\\java\\AndroidAppiumTests\\E2EEcommTests_POM.java',
    vc_filepath: 'eclipse-workspace\\AppiumSession_Cloud\\AppiumSession_Cloud\\src\\test\\java\\AndroidAppiumTests\\E2EEcommTests_POM.java',
    location: 'AppiumSession_Cloud\\src\\test\\java\\AndroidAppiumTests\\E2EEcommTests_POM.java',
    started_at: '2026-04-20T13:14:39.791Z',
    finished_at: '2026-04-20T13:14:44.027Z'
  },
  logs: []
} to 620:0
2026-04-20T13:14:44.085Z CLI info [testhub:request-queue-handler]  [poulamidatta_OM7YbZ]  [5umxmiipi7lom8eehenlegqydffelzrn4dgkjd08]  [5ccb8831-4b9f-48ba-b939-a6c6a83b78f1]  Added the event {
  event_type: 'HookRunFinished',
  hook_run: {
    type: 'hook',
    hook_type: 'BEFORE_METHOD',
    framework: 'TestNG',
    uuid: 'aeb73d93-51ff-472b-877f-d8fb86e85a74',
    name: 'setUpDriver',
    result: 'failed',
    test_run_id: '9a3b5a26-b48f-47e7-8ede-1bf8c5a132aa',
    body: { lang: 'java', code: null },
    scope: 'AppiumE2EEcommTest.AndroidAppiumTests.E2EEcommTests_POM',
    custom_metadata: {},
    tags: [],
    scopes: [ 'AppiumE2EEcommTest', 'AndroidAppiumTests.E2EEcommTests_POM' ],
    file_name: 'AppiumSession_Cloud\\src\\test\\java\\AndroidAppiumTests\\E2EEcommTests_POM.java',
    vc_filepath: 'eclipse-workspace\\AppiumSession_Cloud\\AppiumSession_Cloud\\src\\test\\java\\AndroidAppiumTests\\E2EEcommTests_POM.java',
    location: 'AppiumSession_Cloud\\src\\test\\java\\AndroidAppiumTests\\E2EEcommTests_POM.java',
    started_at: '2026-04-20T13:14:39.772Z',
    finished_at: '2026-04-20T13:14:44.047Z'
  },
  logs: []
} to 620:0
2026-04-20T13:14:44.087Z CLI info [testhub:request-queue-handler]  [poulamidatta_OM7YbZ]  [5umxmiipi7lom8eehenlegqydffelzrn4dgkjd08]  [5ccb8831-4b9f-48ba-b939-a6c6a83b78f1]  Added the event {
  event_type: 'HookRunFinished',
  hook_run: {
    type: 'hook',
    hook_type: 'BEFORE_METHOD',
    framework: 'TestNG',
    uuid: 'bd011313-280e-499d-9944-057e9fa83b6d',
    name: 'setUpDriver',
    result: 'failed',
    test_run_id: 'e0dff145-c3a6-4bc5-abc7-5a01abd36131',
    body: { lang: 'java', code: null },
    scope: 'AppiumE2EEcommTest.AndroidAppiumTests.E2EEcommTests_POM',
    custom_metadata: {},
    tags: [],
    scopes: [ 'AppiumE2EEcommTest', 'AndroidAppiumTests.E2EEcommTests_POM' ],
    file_name: 'AppiumSession_Cloud\\src\\test\\java\\AndroidAppiumTests\\E2EEcommTests_POM.java',
    vc_filepath: 'eclipse-workspace\\AppiumSession_Cloud\\AppiumSession_Cloud\\src\\test\\java\\AndroidAppiumTests\\E2EEcommTests_POM.java',
    location: 'AppiumSession_Cloud\\src\\test\\java\\AndroidAppiumTests\\E2EEcommTests_POM.java',
    started_at: '2026-04-20T13:14:39.818Z',
    finished_at: '2026-04-20T13:14:44.039Z'
  },
  logs: []
} to 620:0
2026-04-20T13:14:44.837Z CLI warn [TEST REPORTING AND ANALYTICS:java]  [poulamidatta_OM7YbZ]  [5umxmiipi7lom8eehenlegqydffelzrn4dgkjd08]  [5ccb8831-4b9f-48ba-b939-a6c6a83b78f1]  onTestSessionEvent: empty capabilities for driver=616923940
2026-04-20T13:14:44.843Z CLI warn [TEST REPORTING AND ANALYTICS:java]  [poulamidatta_OM7YbZ]  [5umxmiipi7lom8eehenlegqydffelzrn4dgkjd08]  [5ccb8831-4b9f-48ba-b939-a6c6a83b78f1]  onTestSessionEvent: empty capabilities for driver=616923941
2026-04-20T13:14:44.845Z CLI warn [TEST REPORTING AND ANALYTICS:java]  [poulamidatta_OM7YbZ]  [5umxmiipi7lom8eehenlegqydffelzrn4dgkjd08]  [5ccb8831-4b9f-48ba-b939-a6c6a83b78f1]  onTestSessionEvent: empty capabilities for driver=616923963
2026-04-20T13:14:44.898Z CLI warn [TEST REPORTING AND ANALYTICS:java:testng]  [poulamidatta_OM7YbZ]  [5umxmiipi7lom8eehenlegqydffelzrn4dgkjd08]  [5ccb8831-4b9f-48ba-b939-a6c6a83b78f1]  makeIntegrations: empty capabilities for driver=616923963
2026-04-20T13:14:44.903Z CLI info [testhub:request-queue-handler]  [poulamidatta_OM7YbZ]  [5umxmiipi7lom8eehenlegqydffelzrn4dgkjd08]  [5ccb8831-4b9f-48ba-b939-a6c6a83b78f1]  Added the event {
  event_type: 'TestRunStarted',
  test_run: {
    type: 'test',
    framework: 'TestNG',
    uuid: '09762bfa-6d2c-4a91-9624-a95a3e9d877c',
    name: 'validateToastMessage',
    body: {
      lang: 'java',
      code: 'public void AndroidAppiumTests.E2EEcommTests_POM.validateToastMessage()'
    },
    identifier: 'validateToastMessage',
    scope: 'AppiumE2EEcommTest.AndroidAppiumTests.E2EEcommTests_POM',
    scopes: [ 'AppiumE2EEcommTest', 'AndroidAppiumTests.E2EEcommTests_POM' ],
    file_name: 'src\\test\\java\\AndroidAppiumTests\\E2EEcommTests_POM.java',
    vc_filepath: 'eclipse-workspace\\AppiumSession_Cloud\\src\\test\\java\\AndroidAppiumTests\\E2EEcommTests_POM.java',
    location: 'src\\test\\java\\AndroidAppiumTests\\E2EEcommTests_POM.java',
    meta: {},
    result: 'pending',
    duration_in_ms: null,
    started_at: '2026-04-20T13:14:44.494Z',
    failure: undefined,
    failure_type: undefined,
    failure_reason: undefined,
    retry_of: null,
    custom_metadata: {},
    tags: [],
    customRerunParam: { rerun_name: 'LongPressTest-2' },
    hooks: [],
    product_map: {
      observability: true,
      accessibility: false,
      percy: false,
      automate: false,
      app_automate: true,
      lts: false
    }
  },
  logs: []
} to 620:0
2026-04-20T13:14:44.916Z CLI warn [TEST REPORTING AND ANALYTICS:java:testng]  [poulamidatta_OM7YbZ]  [5umxmiipi7lom8eehenlegqydffelzrn4dgkjd08]  [5ccb8831-4b9f-48ba-b939-a6c6a83b78f1]  makeIntegrations: empty capabilities for driver=616923940
2026-04-20T13:14:44.918Z CLI info [testhub:request-queue-handler]  [poulamidatta_OM7YbZ]  [5umxmiipi7lom8eehenlegqydffelzrn4dgkjd08]  [5ccb8831-4b9f-48ba-b939-a6c6a83b78f1]  Added the event {
  event_type: 'TestRunStarted',
  test_run: {
    type: 'test',
    framework: 'TestNG',
    uuid: '56aab7a8-fe86-41ea-adf8-85a150157b1b',
    name: 'validateToastMessage',
    body: {
      lang: 'java',
      code: 'public void AndroidAppiumTests.E2EEcommTests_POM.validateToastMessage()'
    },
    identifier: 'validateToastMessage',
    scope: 'AppiumE2EEcommTest.AndroidAppiumTests.E2EEcommTests_POM',
    scopes: [ 'AppiumE2EEcommTest', 'AndroidAppiumTests.E2EEcommTests_POM' ],
    file_name: 'src\\test\\java\\AndroidAppiumTests\\E2EEcommTests_POM.java',
    vc_filepath: 'eclipse-workspace\\AppiumSession_Cloud\\src\\test\\java\\AndroidAppiumTests\\E2EEcommTests_POM.java',
    location: 'src\\test\\java\\AndroidAppiumTests\\E2EEcommTests_POM.java',
    meta: {},
    result: 'pending',
    duration_in_ms: null,
    started_at: '2026-04-20T13:14:44.497Z',
    failure: undefined,
    failure_type: undefined,
    failure_reason: undefined,
    retry_of: null,
    custom_metadata: {},
    tags: [],
    customRerunParam: { rerun_name: 'LongPressTest-0' },
    hooks: [],
    product_map: {
      observability: true,
      accessibility: false,
      percy: false,
      automate: false,
      app_automate: true,
      lts: false
    }
  },
  logs: []
} to 620:0
2026-04-20T13:14:44.924Z CLI warn [TEST REPORTING AND ANALYTICS:java:testng]  [poulamidatta_OM7YbZ]  [5umxmiipi7lom8eehenlegqydffelzrn4dgkjd08]  [5ccb8831-4b9f-48ba-b939-a6c6a83b78f1]  makeIntegrations: empty capabilities for driver=616923941
2026-04-20T13:14:44.924Z CLI info [testhub:request-queue-handler]  [poulamidatta_OM7YbZ]  [5umxmiipi7lom8eehenlegqydffelzrn4dgkjd08]  [5ccb8831-4b9f-48ba-b939-a6c6a83b78f1]  Added the event {
  event_type: 'TestRunStarted',
  test_run: {
    type: 'test',
    framework: 'TestNG',
    uuid: '6f106a1a-9a6c-4e02-98b1-d67b9ecb4ffc',
    name: 'validateToastMessage',
    body: {
      lang: 'java',
      code: 'public void AndroidAppiumTests.E2EEcommTests_POM.validateToastMessage()'
    },
    identifier: 'validateToastMessage',
    scope: 'AppiumE2EEcommTest.AndroidAppiumTests.E2EEcommTests_POM',
    scopes: [ 'AppiumE2EEcommTest', 'AndroidAppiumTests.E2EEcommTests_POM' ],
    file_name: 'src\\test\\java\\AndroidAppiumTests\\E2EEcommTests_POM.java',
    vc_filepath: 'eclipse-workspace\\AppiumSession_Cloud\\src\\test\\java\\AndroidAppiumTests\\E2EEcommTests_POM.java',
    location: 'src\\test\\java\\AndroidAppiumTests\\E2EEcommTests_POM.java',
    meta: {},
    result: 'pending',
    duration_in_ms: null,
    started_at: '2026-04-20T13:14:44.532Z',
    failure: undefined,
    failure_type: undefined,
    failure_reason: undefined,
    retry_of: null,
    custom_metadata: {},
    tags: [],
    customRerunParam: { rerun_name: 'LongPressTest-1' },
    hooks: [],
    product_map: {
      observability: true,
      accessibility: false,
      percy: false,
      automate: false,
      app_automate: true,
      lts: false
    }
  },
  logs: []
} to 620:0
2026-04-20T13:14:45.042Z CLI info [testhub:request-queue-handler]  [poulamidatta_OM7YbZ]  [5umxmiipi7lom8eehenlegqydffelzrn4dgkjd08]  [5ccb8831-4b9f-48ba-b939-a6c6a83b78f1]  Added the event {
  event_type: 'LogCreated',
  logs: [
    {
      testFrameworkName: 'TestNG',
      testFrameworkVersion: '7.12.0',
      testFrameworkState: 'LOG',
      timestamp: '2026-04-20T13:14:44.979Z',
      uuid: '56aab7a8-fe86-41ea-adf8-85a150157b1b',
      kind: 'TEST_LOG',
      message: '"Test Skipped validateToastMessage"',
      level: 'INFO',
      test_run_uuid: '56aab7a8-fe86-41ea-adf8-85a150157b1b'
    }
  ]
} to 620:0
2026-04-20T13:14:45.079Z CLI info [testhub:request-queue-handler]  [poulamidatta_OM7YbZ]  [5umxmiipi7lom8eehenlegqydffelzrn4dgkjd08]  [5ccb8831-4b9f-48ba-b939-a6c6a83b78f1]  Added the event {
  event_type: 'LogCreated',
  logs: [
    {
      testFrameworkName: 'TestNG',
      testFrameworkVersion: '7.12.0',
      testFrameworkState: 'LOG',
      timestamp: '2026-04-20T13:14:45.055Z',
      uuid: '09762bfa-6d2c-4a91-9624-a95a3e9d877c',
      kind: 'TEST_LOG',
      message: '"Test Skipped validateToastMessage"',
      level: 'INFO',
      test_run_uuid: '09762bfa-6d2c-4a91-9624-a95a3e9d877c'
    }
  ]
} to 620:0
2026-04-20T13:14:45.114Z CLI info [testhub:request-queue-handler]  [poulamidatta_OM7YbZ]  [5umxmiipi7lom8eehenlegqydffelzrn4dgkjd08]  [5ccb8831-4b9f-48ba-b939-a6c6a83b78f1]  Added the event {
  event_type: 'LogCreated',
  logs: [
    {
      testFrameworkName: 'TestNG',
      testFrameworkVersion: '7.12.0',
      testFrameworkState: 'LOG',
      timestamp: '2026-04-20T13:14:45.094Z',
      uuid: '6f106a1a-9a6c-4e02-98b1-d67b9ecb4ffc',
      kind: 'TEST_LOG',
      message: '"Test Skipped validateToastMessage"',
      level: 'INFO',
      test_run_uuid: '6f106a1a-9a6c-4e02-98b1-d67b9ecb4ffc'
    }
  ]
} to 620:0
2026-04-20T13:14:45.904Z CLI warn [TEST REPORTING AND ANALYTICS:java:testng]  [poulamidatta_OM7YbZ]  [5umxmiipi7lom8eehenlegqydffelzrn4dgkjd08]  [5ccb8831-4b9f-48ba-b939-a6c6a83b78f1]  TestRunFinished: event={"test_hook_last_started":"BEFORE_METHOD","test_failure_type":"UnhandledError","test_rerun_name":"LongPressTest-0","test_result_at":"2026-04-20T18:44:45.057177600","test_scope":"AppiumE2EEcommTest.AndroidAppiumTests.E2EEcommTests_POM","test_framework_name":"TestNG","test_tags":"","cbt_session_created":true,"test_started_at":"2026-04-20T18:44:44.497772100","platform_index":0,"test_failure":[{"backtrace":["org.openqa.selenium.SessionNotCreatedException: Could not start a new session. Possible causes are invalid address of the remote server or browser start-up failure. ","Host info: host: 'DESKTOP-FRC4SK8', ip: '192.168.1.8'","Build info: version: '4.43.0', revision: 'dd0f534'","System info: os.name: 'Windows 11', os.arch: 'amd64', os.version: '10.0', java.version: '21.0.8'","Driver info: io.appium.java_client.android.AndroidDriver","Command: [null, newSession {capabilities=[null]}]","Capabilities {}\r","\tat org.openqa.selenium.remote.RemoteWebDriver.execute(RemoteWebDriver.java:627)\r","\tat io.appium.java_client.AppiumDriver.startSession(AppiumDriver.java:308)\r","\tat org.openqa.selenium.remote.RemoteWebDriver.<init>(RemoteWebDriver.java:213)\r","\tat org.openqa.selenium.remote.RemoteWebDriver.<init>(RemoteWebDriver.java:199)\r","\tat io.appium.java_client.AppiumDriver.<init>(AppiumDriver.java:98)\r","\tat io.appium.java_client.AppiumDriver.<init>(AppiumDriver.java:109)\r","\tat io.appium.java_client.android.AndroidDriver.<init>(AndroidDriver.java:108)\r","\tat BaseTests.EcommBaseTest.setUpDriver(EcommBaseTest.java:65)\r","\tat java.base/jdk.internal.reflect.DirectMethodHandleAccessor.invoke(DirectMethodHandleAccessor.java:103)\r","\tat java.base/java.lang.reflect.Method.invoke(Method.java:580)\r","\tat org.testng.internal.invokers.MethodInvocationHelper.invokeMethod(MethodInvocationHelper.java:141)\r","\tat org.testng.internal.invokers.MethodInvocationHelper.invokeMethodConsideringTimeout(MethodInvocationHelper.java:71)\r","\tat org.testng.internal.invokers.ConfigInvoker.invokeConfigurationMethod(ConfigInvoker.java:400)\r","\tat org.testng.internal.invokers.ConfigInvoker.invokeConfigurations(ConfigInvoker.java:333)\r","\tat org.testng.internal.invokers.TestInvoker.runConfigMethods(TestInvoker.java:846)\r","\tat org.testng.internal.invokers.TestInvoker.invokeMethod(TestInvoker.java:611)\r","\tat org.testng.internal.invokers.TestInvoker.invokeTestMethod(TestInvoker.java:230)\r","\tat org.testng.internal.invokers.MethodRunner.runInSequence(MethodRunner.java:63)\r","\tat org.testng.internal.invokers.TestInvoker$MethodInvocationAgent.invoke(TestInvoker.java:1005)\r","\tat org.testng.internal.invokers.TestInvoker.invokeTestMethods(TestInvoker.java:203)\r","\tat org.testng.internal.invokers.TestMethodWorker.invokeTestMethods(TestMethodWorker.java:154)\r","\tat org.testng.internal.invokers.TestMethodWorker.run(TestMethodWorker.java:134)\r","\tat java.base/java.util.ArrayList.forEach(ArrayList.java:1596)\r","\tat org.testng.TestRunner.privateRun(TestRunner.java:744)\r","\tat org.testng.TestRunner.run(TestRunner.java:616)\r","\tat org.testng.SuiteRunner.runTest(SuiteRunner.java:421)\r","\tat org.testng.SuiteRunner$SuiteWorker.run(SuiteRunner.java:463)\r","\tat org.testng.internal.thread.ThreadUtil.lambda$execute$0(ThreadUtil.java:64)\r","\tat java.base/java.util.concurrent.FutureTask.run(FutureTask.java:317)\r","\tat java.base/java.util.concurrent.ThreadPoolExecutor.runWorker(ThreadPoolExecutor.java:1144)\r","\tat java.base/java.util.concurrent.ThreadPoolExecutor$Worker.run(ThreadPoolExecutor.java:642)\r","\tat java.base/java.lang.Thread.run(Thread.java:1583)\r","Caused by: java.lang.NullPointerException\r","\tat java.base/java.util.stream.ReferencePipeline$3$1.accept(ReferencePipeline.java:197)\r","\tat java.base/java.util.Collections$2.tryAdvance(Collections.java:5073)\r","\tat java.base/java.util.Collections$2.forEachRemaining(Collections.java:5081)\r","\tat java.base/java.util.stream.AbstractPipeline.copyInto(AbstractPipeline.java:509)\r","\tat java.base/java.util.stream.AbstractPipeline.wrapAndCopyInto(AbstractPipeline.java:499)\r","\tat java.base/java.util.stream.ReduceOps$ReduceOp.evaluateSequential(ReduceOps.java:921)\r","\tat java.base/java.util.stream.AbstractPipeline.evaluate(AbstractPipeline.java:234)\r","\tat java.base/java.util.stream.ReferencePipeline.collect(ReferencePipeline.java:682)\r","\tat org.openqa.selenium.remote.NewSessionPayload.create(NewSessionPayload.java:89)\r","\tat org.openqa.selenium.remote.ProtocolHandshake.createSession(ProtocolHandshake.java:60)\r","\tat io.appium.java_client.remote.AppiumCommandExecutor.createSession(AppiumCommandExecutor.java:178)\r","\tat io.appium.java_client.remote.AppiumCommandExecutor.execute(AppiumCommandExecutor.java:243)\r","\tat org.openqa.selenium.remote.RemoteWebDriver.execute(RemoteWebDriver.java:606)\r","\t... 31 more\r"]}],"test_framework_version":"7.12.0","test_logs":[],"test_scopes":["AppiumE2EEcommTest","AndroidAppiumTests.E2EEcommTests_POM"],"test_code":"public void AndroidAppiumTests.E2EEcommTests_POM.validateToastMessage()","test_id":"LongPressTest-0@0","test_uuid":"56aab7a8-fe86-41ea-adf8-85a150157b1b","test_ended_at":"2026-04-20T18:44:45.064724800","automate_session_name":"LongPressTest-00","test_hook_last_finished":"BEFORE_METHOD","test_session_name":"AndroidAppiumTests.E2EEcommTests_POM-validateToastMessage","accumulated_error_messages":[],"custom_metadata":{},"test_failure_reason":"org.openqa.selenium.SessionNotCreatedException: Could not start a new session. Possible causes are invalid address of the remote server or browser start-up failure. \nHost info: host: 'DESKTOP-FRC4SK8', ip: '192.168.1.8'\nBuild info: version: '4.43.0', revision: 'dd0f534'\nSystem info: os.name: 'Windows 11', os.arch: 'amd64', os.version: '10.0', java.version: '21.0.8'\nDriver info: io.appium.java_client.android.AndroidDriver\nCommand: [null, newSession {capabilities=[null]}]\nCapabilities {}","test_location":"src\\test\\java\\AndroidAppiumTests\\E2EEcommTests_POM.java","test_hooks_started":{"BEFORE_METHOD":[],"BEFORE_CLASS":[]},"test_file_path":"src\\test\\java\\AndroidAppiumTests\\E2EEcommTests_POM.java","test_result":"skipped","test_hooks_finished":{"BEFORE_METHOD":[{"hook_name":"setUpDriver","hook_result":"failed","test_file_path":"AppiumSession_Cloud\\src\\test\\java\\AndroidAppiumTests\\E2EEcommTests_POM.java","event_started_at":"2026-04-20T18:44:39.818547100","hook_id":"bd011313-280e-499d-9944-057e9fa83b6d","hook_logs":[],"logs":[],"key":"BEFORE_METHOD","custom_metadata":{},"event_ended_at":"2026-04-20T18:44:44.039283","test_location":"AppiumSession_Cloud\\src\\test\\java\\AndroidAppiumTests\\E2EEcommTests_POM.java"}],"BEFORE_CLASS":[{"hook_name":"configureAppium","hook_result":"passed","test_file_path":"AppiumSession_Cloud\\src\\test\\java\\AndroidAppiumTests\\E2EEcommTests_POM.java","event_started_at":"2026-04-20T18:44:36.605589800","hook_id":"c0f247b9-b8b0-46d1-91c9-e3eca6758b27","hook_logs":[],"logs":[],"key":"BEFORE_CLASS","custom_metadata":{},"event_ended_at":"2026-04-20T18:44:39.304765300","test_location":"AppiumSession_Cloud\\src\\test\\java\\AndroidAppiumTests\\E2EEcommTests_POM.java"}]},"hook_id":"bd011313-280e-499d-9944-057e9fa83b6d","test_meta":{},"isBrowserstackAutomationSession":true,"test_name":"validateToastMessage","accumulated_session_status":null,"logs":[]}
2026-04-20T13:14:45.908Z CLI info [testhub:request-queue-handler]  [poulamidatta_OM7YbZ]  [5umxmiipi7lom8eehenlegqydffelzrn4dgkjd08]  [5ccb8831-4b9f-48ba-b939-a6c6a83b78f1]  Added the event {
  event_type: 'TestRunFinished',
  test_run: {
    type: 'test',
    framework: 'TestNG',
    uuid: '56aab7a8-fe86-41ea-adf8-85a150157b1b',
    name: 'validateToastMessage',
    body: {
      lang: 'java',
      code: 'public void AndroidAppiumTests.E2EEcommTests_POM.validateToastMessage()'
    },
    identifier: 'validateToastMessage',
    scope: 'AppiumE2EEcommTest.AndroidAppiumTests.E2EEcommTests_POM',
    scopes: [ 'AppiumE2EEcommTest', 'AndroidAppiumTests.E2EEcommTests_POM' ],
    file_name: 'src\\test\\java\\AndroidAppiumTests\\E2EEcommTests_POM.java',
    vc_filepath: 'eclipse-workspace\\AppiumSession_Cloud\\src\\test\\java\\AndroidAppiumTests\\E2EEcommTests_POM.java',
    location: 'src\\test\\java\\AndroidAppiumTests\\E2EEcommTests_POM.java',
    meta: {},
    result: 'skipped',
    duration_in_ms: 567,
    started_at: '2026-04-20T13:14:44.497Z',
    finished_at: '2026-04-20T13:14:45.064Z',
    failure: [ [Object] ],
    failure_type: 'UnhandledError',
    failure_reason: 'org.openqa.selenium.SessionNotCreatedException: Could not start a new session. Possible causes are invalid address of the remote server or browser start-up failure. \n' +
      "Host info: host: 'DESKTOP-FRC4SK8', ip: '192.168.1.8'\n" +
      "Build info: version: '4.43.0', revision: 'dd0f534'\n" +
      "System info: os.name: 'Windows 11', os.arch: 'amd64', os.version: '10.0', java.version: '21.0.8'\n" +
      'Driver info: io.appium.java_client.android.AndroidDriver\n' +
      'Command: [null, newSession {capabilities=[null]}]\n' +
      'Capabilities {}',
    retry_of: null,
    custom_metadata: {},
    tags: [],
    customRerunParam: { rerun_name: 'LongPressTest-0' },
    hooks: [
      'bd011313-280e-499d-9944-057e9fa83b6d',
      'c0f247b9-b8b0-46d1-91c9-e3eca6758b27'
    ],
    product_map: {
      observability: true,
      accessibility: false,
      percy: false,
      automate: false,
      app_automate: true,
      lts: false
    }
  },
  logs: []
} to 620:0
2026-04-20T13:14:45.929Z CLI warn [TEST REPORTING AND ANALYTICS:java:testng]  [poulamidatta_OM7YbZ]  [5umxmiipi7lom8eehenlegqydffelzrn4dgkjd08]  [5ccb8831-4b9f-48ba-b939-a6c6a83b78f1]  TestRunFinished: event={"test_hook_last_started":"BEFORE_METHOD","test_failure_type":"UnhandledError","test_rerun_name":"LongPressTest-2","test_result_at":"2026-04-20T18:44:45.101732300","test_scope":"AppiumE2EEcommTest.AndroidAppiumTests.E2EEcommTests_POM","test_framework_name":"TestNG","test_tags":"","cbt_session_created":true,"test_started_at":"2026-04-20T18:44:44.494077700","platform_index":0,"test_failure":[{"backtrace":["org.openqa.selenium.SessionNotCreatedException: Could not start a new session. Possible causes are invalid address of the remote server or browser start-up failure. ","Host info: host: 'DESKTOP-FRC4SK8', ip: '192.168.1.8'","Build info: version: '4.43.0', revision: 'dd0f534'","System info: os.name: 'Windows 11', os.arch: 'amd64', os.version: '10.0', java.version: '21.0.8'","Driver info: io.appium.java_client.android.AndroidDriver","Command: [null, newSession {capabilities=[null]}]","Capabilities {}\r","\tat org.openqa.selenium.remote.RemoteWebDriver.execute(RemoteWebDriver.java:627)\r","\tat io.appium.java_client.AppiumDriver.startSession(AppiumDriver.java:308)\r","\tat org.openqa.selenium.remote.RemoteWebDriver.<init>(RemoteWebDriver.java:213)\r","\tat org.openqa.selenium.remote.RemoteWebDriver.<init>(RemoteWebDriver.java:199)\r","\tat io.appium.java_client.AppiumDriver.<init>(AppiumDriver.java:98)\r","\tat io.appium.java_client.AppiumDriver.<init>(AppiumDriver.java:109)\r","\tat io.appium.java_client.android.AndroidDriver.<init>(AndroidDriver.java:108)\r","\tat BaseTests.EcommBaseTest.setUpDriver(EcommBaseTest.java:65)\r","\tat java.base/jdk.internal.reflect.DirectMethodHandleAccessor.invoke(DirectMethodHandleAccessor.java:103)\r","\tat java.base/java.lang.reflect.Method.invoke(Method.java:580)\r","\tat org.testng.internal.invokers.MethodInvocationHelper.invokeMethod(MethodInvocationHelper.java:141)\r","\tat org.testng.internal.invokers.MethodInvocationHelper.invokeMethodConsideringTimeout(MethodInvocationHelper.java:71)\r","\tat org.testng.internal.invokers.ConfigInvoker.invokeConfigurationMethod(ConfigInvoker.java:400)\r","\tat org.testng.internal.invokers.ConfigInvoker.invokeConfigurations(ConfigInvoker.java:333)\r","\tat org.testng.internal.invokers.TestInvoker.runConfigMethods(TestInvoker.java:846)\r","\tat org.testng.internal.invokers.TestInvoker.invokeMethod(TestInvoker.java:611)\r","\tat org.testng.internal.invokers.TestInvoker.invokeTestMethod(TestInvoker.java:230)\r","\tat org.testng.internal.invokers.MethodRunner.runInSequence(MethodRunner.java:63)\r","\tat org.testng.internal.invokers.TestInvoker$MethodInvocationAgent.invoke(TestInvoker.java:1005)\r","\tat org.testng.internal.invokers.TestInvoker.invokeTestMethods(TestInvoker.java:203)\r","\tat org.testng.internal.invokers.TestMethodWorker.invokeTestMethods(TestMethodWorker.java:154)\r","\tat org.testng.internal.invokers.TestMethodWorker.run(TestMethodWorker.java:134)\r","\tat java.base/java.util.ArrayList.forEach(ArrayList.java:1596)\r","\tat org.testng.TestRunner.privateRun(TestRunner.java:744)\r","\tat org.testng.TestRunner.run(TestRunner.java:616)\r","\tat org.testng.SuiteRunner.runTest(SuiteRunner.java:421)\r","\tat org.testng.SuiteRunner$SuiteWorker.run(SuiteRunner.java:463)\r","\tat org.testng.internal.thread.ThreadUtil.lambda$execute$0(ThreadUtil.java:64)\r","\tat java.base/java.util.concurrent.FutureTask.run(FutureTask.java:317)\r","\tat java.base/java.util.concurrent.ThreadPoolExecutor.runWorker(ThreadPoolExecutor.java:1144)\r","\tat java.base/java.util.concurrent.ThreadPoolExecutor$Worker.run(ThreadPoolExecutor.java:642)\r","\tat java.base/java.lang.Thread.run(Thread.java:1583)\r","Caused by: java.lang.NullPointerException\r","\tat java.base/java.util.stream.ReferencePipeline$3$1.accept(ReferencePipeline.java:197)\r","\tat java.base/java.util.Collections$2.tryAdvance(Collections.java:5073)\r","\tat java.base/java.util.Collections$2.forEachRemaining(Collections.java:5081)\r","\tat java.base/java.util.stream.AbstractPipeline.copyInto(AbstractPipeline.java:509)\r","\tat java.base/java.util.stream.AbstractPipeline.wrapAndCopyInto(AbstractPipeline.java:499)\r","\tat java.base/java.util.stream.ReduceOps$ReduceOp.evaluateSequential(ReduceOps.java:921)\r","\tat java.base/java.util.stream.AbstractPipeline.evaluate(AbstractPipeline.java:234)\r","\tat java.base/java.util.stream.ReferencePipeline.collect(ReferencePipeline.java:682)\r","\tat org.openqa.selenium.remote.NewSessionPayload.create(NewSessionPayload.java:89)\r","\tat org.openqa.selenium.remote.ProtocolHandshake.createSession(ProtocolHandshake.java:60)\r","\tat io.appium.java_client.remote.AppiumCommandExecutor.createSession(AppiumCommandExecutor.java:178)\r","\tat io.appium.java_client.remote.AppiumCommandExecutor.execute(AppiumCommandExecutor.java:243)\r","\tat org.openqa.selenium.remote.RemoteWebDriver.execute(RemoteWebDriver.java:606)\r","\t... 31 more\r"]}],"test_framework_version":"7.12.0","test_logs":[],"test_scopes":["AppiumE2EEcommTest","AndroidAppiumTests.E2EEcommTests_POM"],"test_code":"public void AndroidAppiumTests.E2EEcommTests_POM.validateToastMessage()","test_id":"LongPressTest-2@2","test_uuid":"09762bfa-6d2c-4a91-9624-a95a3e9d877c","test_ended_at":"2026-04-20T18:44:45.113347600","automate_session_name":"LongPressTest-22","test_hook_last_finished":"BEFORE_METHOD","test_session_name":"AndroidAppiumTests.E2EEcommTests_POM-validateToastMessage","accumulated_error_messages":[],"custom_metadata":{},"test_failure_reason":"org.openqa.selenium.SessionNotCreatedException: Could not start a new session. Possible causes are invalid address of the remote server or browser start-up failure. \nHost info: host: 'DESKTOP-FRC4SK8', ip: '192.168.1.8'\nBuild info: version: '4.43.0', revision: 'dd0f534'\nSystem info: os.name: 'Windows 11', os.arch: 'amd64', os.version: '10.0', java.version: '21.0.8'\nDriver info: io.appium.java_client.android.AndroidDriver\nCommand: [null, newSession {capabilities=[null]}]\nCapabilities {}","test_location":"src\\test\\java\\AndroidAppiumTests\\E2EEcommTests_POM.java","test_hooks_started":{"BEFORE_METHOD":[],"BEFORE_CLASS":[]},"test_file_path":"src\\test\\java\\AndroidAppiumTests\\E2EEcommTests_POM.java","test_result":"skipped","test_hooks_finished":{"BEFORE_METHOD":[{"hook_name":"setUpDriver","hook_result":"failed","test_file_path":"AppiumSession_Cloud\\src\\test\\java\\AndroidAppiumTests\\E2EEcommTests_POM.java","event_started_at":"2026-04-20T18:44:39.772388","hook_id":"aeb73d93-51ff-472b-877f-d8fb86e85a74","hook_logs":[],"logs":[],"key":"BEFORE_METHOD","custom_metadata":{},"event_ended_at":"2026-04-20T18:44:44.047484400","test_location":"AppiumSession_Cloud\\src\\test\\java\\AndroidAppiumTests\\E2EEcommTests_POM.java"}],"BEFORE_CLASS":[{"hook_name":"configureAppium","hook_result":"passed","test_file_path":"AppiumSession_Cloud\\src\\test\\java\\AndroidAppiumTests\\E2EEcommTests_POM.java","event_started_at":"2026-04-20T18:44:36.605589800","hook_id":"739b6403-a663-495f-a2eb-3d65c8d8e040","hook_logs":[],"logs":[],"key":"BEFORE_CLASS","custom_metadata":{},"event_ended_at":"2026-04-20T18:44:39.326691200","test_location":"AppiumSession_Cloud\\src\\test\\java\\AndroidAppiumTests\\E2EEcommTests_POM.java"}]},"hook_id":"aeb73d93-51ff-472b-877f-d8fb86e85a74","test_meta":{},"isBrowserstackAutomationSession":true,"test_name":"validateToastMessage","accumulated_session_status":null,"logs":[]}
2026-04-20T13:14:45.930Z CLI info [testhub:request-queue-handler]  [poulamidatta_OM7YbZ]  [5umxmiipi7lom8eehenlegqydffelzrn4dgkjd08]  [5ccb8831-4b9f-48ba-b939-a6c6a83b78f1]  Added the event {
  event_type: 'TestRunFinished',
  test_run: {
    type: 'test',
    framework: 'TestNG',
    uuid: '09762bfa-6d2c-4a91-9624-a95a3e9d877c',
    name: 'validateToastMessage',
    body: {
      lang: 'java',
      code: 'public void AndroidAppiumTests.E2EEcommTests_POM.validateToastMessage()'
    },
    identifier: 'validateToastMessage',
    scope: 'AppiumE2EEcommTest.AndroidAppiumTests.E2EEcommTests_POM',
    scopes: [ 'AppiumE2EEcommTest', 'AndroidAppiumTests.E2EEcommTests_POM' ],
    file_name: 'src\\test\\java\\AndroidAppiumTests\\E2EEcommTests_POM.java',
    vc_filepath: 'eclipse-workspace\\AppiumSession_Cloud\\src\\test\\java\\AndroidAppiumTests\\E2EEcommTests_POM.java',
    location: 'src\\test\\java\\AndroidAppiumTests\\E2EEcommTests_POM.java',
    meta: {},
    result: 'skipped',
    duration_in_ms: 619,
    started_at: '2026-04-20T13:14:44.494Z',
    finished_at: '2026-04-20T13:14:45.113Z',
    failure: [ [Object] ],
    failure_type: 'UnhandledError',
    failure_reason: 'org.openqa.selenium.SessionNotCreatedException: Could not start a new session. Possible causes are invalid address of the remote server or browser start-up failure. \n' +
      "Host info: host: 'DESKTOP-FRC4SK8', ip: '192.168.1.8'\n" +
      "Build info: version: '4.43.0', revision: 'dd0f534'\n" +
      "System info: os.name: 'Windows 11', os.arch: 'amd64', os.version: '10.0', java.version: '21.0.8'\n" +
      'Driver info: io.appium.java_client.android.AndroidDriver\n' +
      'Command: [null, newSession {capabilities=[null]}]\n' +
      'Capabilities {}',
    retry_of: null,
    custom_metadata: {},
    tags: [],
    customRerunParam: { rerun_name: 'LongPressTest-2' },
    hooks: [
      'aeb73d93-51ff-472b-877f-d8fb86e85a74',
      '739b6403-a663-495f-a2eb-3d65c8d8e040'
    ],
    product_map: {
      observability: true,
      accessibility: false,
      percy: false,
      automate: false,
      app_automate: true,
      lts: false
    }
  },
  logs: []
} to 620:0
2026-04-20T13:14:45.978Z CLI info [testhub:request-queue-handler]  [poulamidatta_OM7YbZ]  [5umxmiipi7lom8eehenlegqydffelzrn4dgkjd08]  [5ccb8831-4b9f-48ba-b939-a6c6a83b78f1]  Processing batch event [
  {
    event_type: 'HookRunFinished',
    hook_run: {
      type: 'hook',
      hook_type: 'BEFORE_METHOD',
      framework: 'TestNG',
      uuid: '440c92b8-ad78-4e9d-95d3-ddd7ed6e3b43',
      name: 'setUpDriver',
      result: 'failed',
      test_run_id: 'f6967f32-e0f2-4770-a07f-0597cf10e334',
      body: { lang: 'java', code: null },
      scope: 'AppiumE2EEcommTest.AndroidAppiumTests.E2EEcommTests_POM',
      custom_metadata: {},
      tags: [],
      scopes: [ 'AppiumE2EEcommTest', 'AndroidAppiumTests.E2EEcommTests_POM' ],
      file_name: 'AppiumSession_Cloud\\src\\test\\java\\AndroidAppiumTests\\E2EEcommTests_POM.java',
      vc_filepath: 'eclipse-workspace\\AppiumSession_Cloud\\AppiumSession_Cloud\\src\\test\\java\\AndroidAppiumTests\\E2EEcommTests_POM.java',
      location: 'AppiumSession_Cloud\\src\\test\\java\\AndroidAppiumTests\\E2EEcommTests_POM.java',
      started_at: '2026-04-20T13:14:39.791Z',
      finished_at: '2026-04-20T13:14:44.027Z'
    },
    logs: []
  },
  {
    event_type: 'HookRunFinished',
    hook_run: {
      type: 'hook',
      hook_type: 'BEFORE_METHOD',
      framework: 'TestNG',
      uuid: 'aeb73d93-51ff-472b-877f-d8fb86e85a74',
      name: 'setUpDriver',
      result: 'failed',
      test_run_id: '9a3b5a26-b48f-47e7-8ede-1bf8c5a132aa',
      body: { lang: 'java', code: null },
      scope: 'AppiumE2EEcommTest.AndroidAppiumTests.E2EEcommTests_POM',
      custom_metadata: {},
      tags: [],
      scopes: [ 'AppiumE2EEcommTest', 'AndroidAppiumTests.E2EEcommTests_POM' ],
      file_name: 'AppiumSession_Cloud\\src\\test\\java\\AndroidAppiumTests\\E2EEcommTests_POM.java',
      vc_filepath: 'eclipse-workspace\\AppiumSession_Cloud\\AppiumSession_Cloud\\src\\test\\java\\AndroidAppiumTests\\E2EEcommTests_POM.java',
      location: 'AppiumSession_Cloud\\src\\test\\java\\AndroidAppiumTests\\E2EEcommTests_POM.java',
      started_at: '2026-04-20T13:14:39.772Z',
      finished_at: '2026-04-20T13:14:44.047Z'
    },
    logs: []
  },
  {
    event_type: 'HookRunFinished',
    hook_run: {
      type: 'hook',
      hook_type: 'BEFORE_METHOD',
      framework: 'TestNG',
      uuid: 'bd011313-280e-499d-9944-057e9fa83b6d',
      name: 'setUpDriver',
      result: 'failed',
      test_run_id: 'e0dff145-c3a6-4bc5-abc7-5a01abd36131',
      body: { lang: 'java', code: null },
      scope: 'AppiumE2EEcommTest.AndroidAppiumTests.E2EEcommTests_POM',
      custom_metadata: {},
      tags: [],
      scopes: [ 'AppiumE2EEcommTest', 'AndroidAppiumTests.E2EEcommTests_POM' ],
      file_name: 'AppiumSession_Cloud\\src\\test\\java\\AndroidAppiumTests\\E2EEcommTests_POM.java',
      vc_filepath: 'eclipse-workspace\\AppiumSession_Cloud\\AppiumSession_Cloud\\src\\test\\java\\AndroidAppiumTests\\E2EEcommTests_POM.java',
      location: 'AppiumSession_Cloud\\src\\test\\java\\AndroidAppiumTests\\E2EEcommTests_POM.java',
      started_at: '2026-04-20T13:14:39.818Z',
      finished_at: '2026-04-20T13:14:44.039Z'
    },
    logs: []
  },
  {
    event_type: 'TestRunStarted',
    test_run: {
      type: 'test',
      framework: 'TestNG',
      uuid: '09762bfa-6d2c-4a91-9624-a95a3e9d877c',
      name: 'validateToastMessage',
      body: {
        lang: 'java',
        code: 'public void AndroidAppiumTests.E2EEcommTests_POM.validateToastMessage()'
      },
      identifier: 'validateToastMessage',
      scope: 'AppiumE2EEcommTest.AndroidAppiumTests.E2EEcommTests_POM',
      scopes: [ 'AppiumE2EEcommTest', 'AndroidAppiumTests.E2EEcommTests_POM' ],
      file_name: 'src\\test\\java\\AndroidAppiumTests\\E2EEcommTests_POM.java',
      vc_filepath: 'eclipse-workspace\\AppiumSession_Cloud\\src\\test\\java\\AndroidAppiumTests\\E2EEcommTests_POM.java',
      location: 'src\\test\\java\\AndroidAppiumTests\\E2EEcommTests_POM.java',
      meta: {},
      result: 'pending',
      duration_in_ms: null,
      started_at: '2026-04-20T13:14:44.494Z',
      failure: undefined,
      failure_type: undefined,
      failure_reason: undefined,
      retry_of: null,
      custom_metadata: {},
      tags: [],
      customRerunParam: { rerun_name: 'LongPressTest-2' },
      hooks: [],
      product_map: {
        observability: true,
        accessibility: false,
        percy: false,
        automate: false,
        app_automate: true,
        lts: false
      }
    },
    logs: []
  },
  {
    event_type: 'TestRunStarted',
    test_run: {
      type: 'test',
      framework: 'TestNG',
      uuid: '56aab7a8-fe86-41ea-adf8-85a150157b1b',
      name: 'validateToastMessage',
      body: {
        lang: 'java',
        code: 'public void AndroidAppiumTests.E2EEcommTests_POM.validateToastMessage()'
      },
      identifier: 'validateToastMessage',
      scope: 'AppiumE2EEcommTest.AndroidAppiumTests.E2EEcommTests_POM',
      scopes: [ 'AppiumE2EEcommTest', 'AndroidAppiumTests.E2EEcommTests_POM' ],
      file_name: 'src\\test\\java\\AndroidAppiumTests\\E2EEcommTests_POM.java',
      vc_filepath: 'eclipse-workspace\\AppiumSession_Cloud\\src\\test\\java\\AndroidAppiumTests\\E2EEcommTests_POM.java',
      location: 'src\\test\\java\\AndroidAppiumTests\\E2EEcommTests_POM.java',
      meta: {},
      result: 'pending',
      duration_in_ms: null,
      started_at: '2026-04-20T13:14:44.497Z',
      failure: undefined,
      failure_type: undefined,
      failure_reason: undefined,
      retry_of: null,
      custom_metadata: {},
      tags: [],
      customRerunParam: { rerun_name: 'LongPressTest-0' },
      hooks: [],
      product_map: {
        observability: true,
        accessibility: false,
        percy: false,
        automate: false,
        app_automate: true,
        lts: false
      }
    },
    logs: []
  },
  {
    event_type: 'TestRunStarted',
    test_run: {
      type: 'test',
      framework: 'TestNG',
      uuid: '6f106a1a-9a6c-4e02-98b1-d67b9ecb4ffc',
      name: 'validateToastMessage',
      body: {
        lang: 'java',
        code: 'public void AndroidAppiumTests.E2EEcommTests_POM.validateToastMessage()'
      },
      identifier: 'validateToastMessage',
      scope: 'AppiumE2EEcommTest.AndroidAppiumTests.E2EEcommTests_POM',
      scopes: [ 'AppiumE2EEcommTest', 'AndroidAppiumTests.E2EEcommTests_POM' ],
      file_name: 'src\\test\\java\\AndroidAppiumTests\\E2EEcommTests_POM.java',
      vc_filepath: 'eclipse-workspace\\AppiumSession_Cloud\\src\\test\\java\\AndroidAppiumTests\\E2EEcommTests_POM.java',
      location: 'src\\test\\java\\AndroidAppiumTests\\E2EEcommTests_POM.java',
      meta: {},
      result: 'pending',
      duration_in_ms: null,
      started_at: '2026-04-20T13:14:44.532Z',
      failure: undefined,
      failure_type: undefined,
      failure_reason: undefined,
      retry_of: null,
      custom_metadata: {},
      tags: [],
      customRerunParam: { rerun_name: 'LongPressTest-1' },
      hooks: [],
      product_map: {
        observability: true,
        accessibility: false,
        percy: false,
        automate: false,
        app_automate: true,
        lts: false
      }
    },
    logs: []
  },
  {
    event_type: 'LogCreated',
    logs: [
      {
        testFrameworkName: 'TestNG',
        testFrameworkVersion: '7.12.0',
        testFrameworkState: 'LOG',
        timestamp: '2026-04-20T13:14:44.979Z',
        uuid: '56aab7a8-fe86-41ea-adf8-85a150157b1b',
        kind: 'TEST_LOG',
        message: '"Test Skipped validateToastMessage"',
        level: 'INFO',
        test_run_uuid: '56aab7a8-fe86-41ea-adf8-85a150157b1b'
      }
    ]
  },
  {
    event_type: 'LogCreated',
    logs: [
      {
        testFrameworkName: 'TestNG',
        testFrameworkVersion: '7.12.0',
        testFrameworkState: 'LOG',
        timestamp: '2026-04-20T13:14:45.055Z',
        uuid: '09762bfa-6d2c-4a91-9624-a95a3e9d877c',
        kind: 'TEST_LOG',
        message: '"Test Skipped validateToastMessage"',
        level: 'INFO',
        test_run_uuid: '09762bfa-6d2c-4a91-9624-a95a3e9d877c'
      }
    ]
  },
  {
    event_type: 'LogCreated',
    logs: [
      {
        testFrameworkName: 'TestNG',
        testFrameworkVersion: '7.12.0',
        testFrameworkState: 'LOG',
        timestamp: '2026-04-20T13:14:45.094Z',
        uuid: '6f106a1a-9a6c-4e02-98b1-d67b9ecb4ffc',
        kind: 'TEST_LOG',
        message: '"Test Skipped validateToastMessage"',
        level: 'INFO',
        test_run_uuid: '6f106a1a-9a6c-4e02-98b1-d67b9ecb4ffc'
      }
    ]
  },
  {
    event_type: 'TestRunFinished',
    test_run: {
      type: 'test',
      framework: 'TestNG',
      uuid: '56aab7a8-fe86-41ea-adf8-85a150157b1b',
      name: 'validateToastMessage',
      body: {
        lang: 'java',
        code: 'public void AndroidAppiumTests.E2EEcommTests_POM.validateToastMessage()'
      },
      identifier: 'validateToastMessage',
      scope: 'AppiumE2EEcommTest.AndroidAppiumTests.E2EEcommTests_POM',
      scopes: [ 'AppiumE2EEcommTest', 'AndroidAppiumTests.E2EEcommTests_POM' ],
      file_name: 'src\\test\\java\\AndroidAppiumTests\\E2EEcommTests_POM.java',
      vc_filepath: 'eclipse-workspace\\AppiumSession_Cloud\\src\\test\\java\\AndroidAppiumTests\\E2EEcommTests_POM.java',
      location: 'src\\test\\java\\AndroidAppiumTests\\E2EEcommTests_POM.java',
      meta: {},
      result: 'skipped',
      duration_in_ms: 567,
      started_at: '2026-04-20T13:14:44.497Z',
      finished_at: '2026-04-20T13:14:45.064Z',
      failure: [
        {
          backtrace: [
            'org.openqa.selenium.SessionNotCreatedException: Could not start a new session. Possible causes are invalid address of the remote server or browser start-up failure. ',
            "Host info: host: 'DESKTOP-FRC4SK8', ip: '192.168.1.8'",
            "Build info: version: '4.43.0', revision: 'dd0f534'",
            "System info: os.name: 'Windows 11', os.arch: 'amd64', os.version: '10.0', java.version: '21.0.8'",
            'Driver info: io.appium.java_client.android.AndroidDriver',
            'Command: [null, newSession {capabilities=[null]}]',
            'Capabilities {}\r',
            '\tat org.openqa.selenium.remote.RemoteWebDriver.execute(RemoteWebDriver.java:627)\r',
            '\tat io.appium.java_client.AppiumDriver.startSession(AppiumDriver.java:308)\r',
            '\tat org.openqa.selenium.remote.RemoteWebDriver.<init>(RemoteWebDriver.java:213)\r',
            '\tat org.openqa.selenium.remote.RemoteWebDriver.<init>(RemoteWebDriver.java:199)\r',
            '\tat io.appium.java_client.AppiumDriver.<init>(AppiumDriver.java:98)\r',
            '\tat io.appium.java_client.AppiumDriver.<init>(AppiumDriver.java:109)\r',
            '\tat io.appium.java_client.android.AndroidDriver.<init>(AndroidDriver.java:108)\r',
            '\tat BaseTests.EcommBaseTest.setUpDriver(EcommBaseTest.java:65)\r',
            '\tat java.base/jdk.internal.reflect.DirectMethodHandleAccessor.invoke(DirectMethodHandleAccessor.java:103)\r',
            '\tat java.base/java.lang.reflect.Method.invoke(Method.java:580)\r',
            '\tat org.testng.internal.invokers.MethodInvocationHelper.invokeMethod(MethodInvocationHelper.java:141)\r',
            '\tat org.testng.internal.invokers.MethodInvocationHelper.invokeMethodConsideringTimeout(MethodInvocationHelper.java:71)\r',
            '\tat org.testng.internal.invokers.ConfigInvoker.invokeConfigurationMethod(ConfigInvoker.java:400)\r',
            '\tat org.testng.internal.invokers.ConfigInvoker.invokeConfigurations(ConfigInvoker.java:333)\r',
            '\tat org.testng.internal.invokers.TestInvoker.runConfigMethods(TestInvoker.java:846)\r',
            '\tat org.testng.internal.invokers.TestInvoker.invokeMethod(TestInvoker.java:611)\r',
            '\tat org.testng.internal.invokers.TestInvoker.invokeTestMethod(TestInvoker.java:230)\r',
            '\tat org.testng.internal.invokers.MethodRunner.runInSequence(MethodRunner.java:63)\r',
            '\tat org.testng.internal.invokers.TestInvoker$MethodInvocationAgent.invoke(TestInvoker.java:1005)\r',
            '\tat org.testng.internal.invokers.TestInvoker.invokeTestMethods(TestInvoker.java:203)\r',
            '\tat org.testng.internal.invokers.TestMethodWorker.invokeTestMethods(TestMethodWorker.java:154)\r',
            '\tat org.testng.internal.invokers.TestMethodWorker.run(TestMethodWorker.java:134)\r',
            '\tat java.base/java.util.ArrayList.forEach(ArrayList.java:1596)\r',
            '\tat org.testng.TestRunner.privateRun(TestRunner.java:744)\r',
            '\tat org.testng.TestRunner.run(TestRunner.java:616)\r',
            '\tat org.testng.SuiteRunner.runTest(SuiteRunner.java:421)\r',
            '\tat org.testng.SuiteRunner$SuiteWorker.run(SuiteRunner.java:463)\r',
            '\tat org.testng.internal.thread.ThreadUtil.lambda$execute$0(ThreadUtil.java:64)\r',
            '\tat java.base/java.util.concurrent.FutureTask.run(FutureTask.java:317)\r',
            '\tat java.base/java.util.concurrent.ThreadPoolExecutor.runWorker(ThreadPoolExecutor.java:1144)\r',
            '\tat java.base/java.util.concurrent.ThreadPoolExecutor$Worker.run(ThreadPoolExecutor.java:642)\r',
            '\tat java.base/java.lang.Thread.run(Thread.java:1583)\r',
            'Caused by: java.lang.NullPointerException\r',
            '\tat java.base/java.util.stream.ReferencePipeline$3$1.accept(ReferencePipeline.java:197)\r',
            '\tat java.base/java.util.Collections$2.tryAdvance(Collections.java:5073)\r',
            '\tat java.base/java.util.Collections$2.forEachRemaining(Collections.java:5081)\r',
            '\tat java.base/java.util.stream.AbstractPipeline.copyInto(AbstractPipeline.java:509)\r',
            '\tat java.base/java.util.stream.AbstractPipeline.wrapAndCopyInto(AbstractPipeline.java:499)\r',
            '\tat java.base/java.util.stream.ReduceOps$ReduceOp.evaluateSequential(ReduceOps.java:921)\r',
            '\tat java.base/java.util.stream.AbstractPipeline.evaluate(AbstractPipeline.java:234)\r',
            '\tat java.base/java.util.stream.ReferencePipeline.collect(ReferencePipeline.java:682)\r',
            '\tat org.openqa.selenium.remote.NewSessionPayload.create(NewSessionPayload.java:89)\r',
            '\tat org.openqa.selenium.remote.ProtocolHandshake.createSession(ProtocolHandshake.java:60)\r',
            '\tat io.appium.java_client.remote.AppiumCommandExecutor.createSession(AppiumCommandExecutor.java:178)\r',
            '\tat io.appium.java_client.remote.AppiumCommandExecutor.execute(AppiumCommandExecutor.java:243)\r',
            '\tat org.openqa.selenium.remote.RemoteWebDriver.execute(RemoteWebDriver.java:606)\r',
            '\t... 31 more\r'
          ]
        }
      ],
      failure_type: 'UnhandledError',
      failure_reason: 'org.openqa.selenium.SessionNotCreatedException: Could not start a new session. Possible causes are invalid address of the remote server or browser start-up failure. \n' +
        "Host info: host: 'DESKTOP-FRC4SK8', ip: '192.168.1.8'\n" +
        "Build info: version: '4.43.0', revision: 'dd0f534'\n" +
        "System info: os.name: 'Windows 11', os.arch: 'amd64', os.version: '10.0', java.version: '21.0.8'\n" +
        'Driver info: io.appium.java_client.android.AndroidDriver\n' +
        'Command: [null, newSession {capabilities=[null]}]\n' +
        'Capabilities {}',
      retry_of: null,
      custom_metadata: {},
      tags: [],
      customRerunParam: { rerun_name: 'LongPressTest-0' },
      hooks: [
        'bd011313-280e-499d-9944-057e9fa83b6d',
        'c0f247b9-b8b0-46d1-91c9-e3eca6758b27'
      ],
      product_map: {
        observability: true,
        accessibility: false,
        percy: false,
        automate: false,
        app_automate: true,
        lts: false
      }
    },
    logs: []
  },
  {
    event_type: 'TestRunFinished',
    test_run: {
      type: 'test',
      framework: 'TestNG',
      uuid: '09762bfa-6d2c-4a91-9624-a95a3e9d877c',
      name: 'validateToastMessage',
      body: {
        lang: 'java',
        code: 'public void AndroidAppiumTests.E2EEcommTests_POM.validateToastMessage()'
      },
      identifier: 'validateToastMessage',
      scope: 'AppiumE2EEcommTest.AndroidAppiumTests.E2EEcommTests_POM',
      scopes: [ 'AppiumE2EEcommTest', 'AndroidAppiumTests.E2EEcommTests_POM' ],
      file_name: 'src\\test\\java\\AndroidAppiumTests\\E2EEcommTests_POM.java',
      vc_filepath: 'eclipse-workspace\\AppiumSession_Cloud\\src\\test\\java\\AndroidAppiumTests\\E2EEcommTests_POM.java',
      location: 'src\\test\\java\\AndroidAppiumTests\\E2EEcommTests_POM.java',
      meta: {},
      result: 'skipped',
      duration_in_ms: 619,
      started_at: '2026-04-20T13:14:44.494Z',
      finished_at: '2026-04-20T13:14:45.113Z',
      failure: [
        {
          backtrace: [
            'org.openqa.selenium.SessionNotCreatedException: Could not start a new session. Possible causes are invalid address of the remote server or browser start-up failure. ',
            "Host info: host: 'DESKTOP-FRC4SK8', ip: '192.168.1.8'",
            "Build info: version: '4.43.0', revision: 'dd0f534'",
            "System info: os.name: 'Windows 11', os.arch: 'amd64', os.version: '10.0', java.version: '21.0.8'",
            'Driver info: io.appium.java_client.android.AndroidDriver',
            'Command: [null, newSession {capabilities=[null]}]',
            'Capabilities {}\r',
            '\tat org.openqa.selenium.remote.RemoteWebDriver.execute(RemoteWebDriver.java:627)\r',
            '\tat io.appium.java_client.AppiumDriver.startSession(AppiumDriver.java:308)\r',
            '\tat org.openqa.selenium.remote.RemoteWebDriver.<init>(RemoteWebDriver.java:213)\r',
            '\tat org.openqa.selenium.remote.RemoteWebDriver.<init>(RemoteWebDriver.java:199)\r',
            '\tat io.appium.java_client.AppiumDriver.<init>(AppiumDriver.java:98)\r',
            '\tat io.appium.java_client.AppiumDriver.<init>(AppiumDriver.java:109)\r',
            '\tat io.appium.java_client.android.AndroidDriver.<init>(AndroidDriver.java:108)\r',
            '\tat BaseTests.EcommBaseTest.setUpDriver(EcommBaseTest.java:65)\r',
            '\tat java.base/jdk.internal.reflect.DirectMethodHandleAccessor.invoke(DirectMethodHandleAccessor.java:103)\r',
            '\tat java.base/java.lang.reflect.Method.invoke(Method.java:580)\r',
            '\tat org.testng.internal.invokers.MethodInvocationHelper.invokeMethod(MethodInvocationHelper.java:141)\r',
            '\tat org.testng.internal.invokers.MethodInvocationHelper.invokeMethodConsideringTimeout(MethodInvocationHelper.java:71)\r',
            '\tat org.testng.internal.invokers.ConfigInvoker.invokeConfigurationMethod(ConfigInvoker.java:400)\r',
            '\tat org.testng.internal.invokers.ConfigInvoker.invokeConfigurations(ConfigInvoker.java:333)\r',
            '\tat org.testng.internal.invokers.TestInvoker.runConfigMethods(TestInvoker.java:846)\r',
            '\tat org.testng.internal.invokers.TestInvoker.invokeMethod(TestInvoker.java:611)\r',
            '\tat org.testng.internal.invokers.TestInvoker.invokeTestMethod(TestInvoker.java:230)\r',
            '\tat org.testng.internal.invokers.MethodRunner.runInSequence(MethodRunner.java:63)\r',
            '\tat org.testng.internal.invokers.TestInvoker$MethodInvocationAgent.invoke(TestInvoker.java:1005)\r',
            '\tat org.testng.internal.invokers.TestInvoker.invokeTestMethods(TestInvoker.java:203)\r',
            '\tat org.testng.internal.invokers.TestMethodWorker.invokeTestMethods(TestMethodWorker.java:154)\r',
            '\tat org.testng.internal.invokers.TestMethodWorker.run(TestMethodWorker.java:134)\r',
            '\tat java.base/java.util.ArrayList.forEach(ArrayList.java:1596)\r',
            '\tat org.testng.TestRunner.privateRun(TestRunner.java:744)\r',
            '\tat org.testng.TestRunner.run(TestRunner.java:616)\r',
            '\tat org.testng.SuiteRunner.runTest(SuiteRunner.java:421)\r',
            '\tat org.testng.SuiteRunner$SuiteWorker.run(SuiteRunner.java:463)\r',
            '\tat org.testng.internal.thread.ThreadUtil.lambda$execute$0(ThreadUtil.java:64)\r',
            '\tat java.base/java.util.concurrent.FutureTask.run(FutureTask.java:317)\r',
            '\tat java.base/java.util.concurrent.ThreadPoolExecutor.runWorker(ThreadPoolExecutor.java:1144)\r',
            '\tat java.base/java.util.concurrent.ThreadPoolExecutor$Worker.run(ThreadPoolExecutor.java:642)\r',
            '\tat java.base/java.lang.Thread.run(Thread.java:1583)\r',
            'Caused by: java.lang.NullPointerException\r',
            '\tat java.base/java.util.stream.ReferencePipeline$3$1.accept(ReferencePipeline.java:197)\r',
            '\tat java.base/java.util.Collections$2.tryAdvance(Collections.java:5073)\r',
            '\tat java.base/java.util.Collections$2.forEachRemaining(Collections.java:5081)\r',
            '\tat java.base/java.util.stream.AbstractPipeline.copyInto(AbstractPipeline.java:509)\r',
            '\tat java.base/java.util.stream.AbstractPipeline.wrapAndCopyInto(AbstractPipeline.java:499)\r',
            '\tat java.base/java.util.stream.ReduceOps$ReduceOp.evaluateSequential(ReduceOps.java:921)\r',
            '\tat java.base/java.util.stream.AbstractPipeline.evaluate(AbstractPipeline.java:234)\r',
            '\tat java.base/java.util.stream.ReferencePipeline.collect(ReferencePipeline.java:682)\r',
            '\tat org.openqa.selenium.remote.NewSessionPayload.create(NewSessionPayload.java:89)\r',
            '\tat org.openqa.selenium.remote.ProtocolHandshake.createSession(ProtocolHandshake.java:60)\r',
            '\tat io.appium.java_client.remote.AppiumCommandExecutor.createSession(AppiumCommandExecutor.java:178)\r',
            '\tat io.appium.java_client.remote.AppiumCommandExecutor.execute(AppiumCommandExecutor.java:243)\r',
            '\tat org.openqa.selenium.remote.RemoteWebDriver.execute(RemoteWebDriver.java:606)\r',
            '\t... 31 more\r'
          ]
        }
      ],
      failure_type: 'UnhandledError',
      failure_reason: 'org.openqa.selenium.SessionNotCreatedException: Could not start a new session. Possible causes are invalid address of the remote server or browser start-up failure. \n' +
        "Host info: host: 'DESKTOP-FRC4SK8', ip: '192.168.1.8'\n" +
        "Build info: version: '4.43.0', revision: 'dd0f534'\n" +
        "System info: os.name: 'Windows 11', os.arch: 'amd64', os.version: '10.0', java.version: '21.0.8'\n" +
        'Driver info: io.appium.java_client.android.AndroidDriver\n' +
        'Command: [null, newSession {capabilities=[null]}]\n' +
        'Capabilities {}',
      retry_of: null,
      custom_metadata: {},
      tags: [],
      customRerunParam: { rerun_name: 'LongPressTest-2' },
      hooks: [
        'aeb73d93-51ff-472b-877f-d8fb86e85a74',
        '739b6403-a663-495f-a2eb-3d65c8d8e040'
      ],
      product_map: {
        observability: true,
        accessibility: false,
        percy: false,
        automate: false,
        app_automate: true,
        lts: false
      }
    },
    logs: []
  }
] to 620:0
2026-04-20T13:14:45.987Z CLI info  [poulamidatta_OM7YbZ]  [5umxmiipi7lom8eehenlegqydffelzrn4dgkjd08]  [5ccb8831-4b9f-48ba-b939-a6c6a83b78f1]  [PRODUCTION] Making POST request to https://collector-observability.browserstack.com
2026-04-20T13:14:46.006Z CLI warn [TEST REPORTING AND ANALYTICS:java:testng]  [poulamidatta_OM7YbZ]  [5umxmiipi7lom8eehenlegqydffelzrn4dgkjd08]  [5ccb8831-4b9f-48ba-b939-a6c6a83b78f1]  TestRunFinished: event={"test_hook_last_started":"BEFORE_METHOD","test_failure_type":"UnhandledError","test_rerun_name":"LongPressTest-1","test_result_at":"2026-04-20T18:44:45.141837400","test_scope":"AppiumE2EEcommTest.AndroidAppiumTests.E2EEcommTests_POM","test_framework_name":"TestNG","test_tags":"","cbt_session_created":true,"test_started_at":"2026-04-20T18:44:44.532097400","platform_index":0,"test_failure":[{"backtrace":["org.openqa.selenium.SessionNotCreatedException: Could not start a new session. Possible causes are invalid address of the remote server or browser start-up failure. ","Host info: host: 'DESKTOP-FRC4SK8', ip: '192.168.1.8'","Build info: version: '4.43.0', revision: 'dd0f534'","System info: os.name: 'Windows 11', os.arch: 'amd64', os.version: '10.0', java.version: '21.0.8'","Driver info: io.appium.java_client.android.AndroidDriver","Command: [null, newSession {capabilities=[null]}]","Capabilities {}\r","\tat org.openqa.selenium.remote.RemoteWebDriver.execute(RemoteWebDriver.java:627)\r","\tat io.appium.java_client.AppiumDriver.startSession(AppiumDriver.java:308)\r","\tat org.openqa.selenium.remote.RemoteWebDriver.<init>(RemoteWebDriver.java:213)\r","\tat org.openqa.selenium.remote.RemoteWebDriver.<init>(RemoteWebDriver.java:199)\r","\tat io.appium.java_client.AppiumDriver.<init>(AppiumDriver.java:98)\r","\tat io.appium.java_client.AppiumDriver.<init>(AppiumDriver.java:109)\r","\tat io.appium.java_client.android.AndroidDriver.<init>(AndroidDriver.java:108)\r","\tat BaseTests.EcommBaseTest.setUpDriver(EcommBaseTest.java:65)\r","\tat java.base/jdk.internal.reflect.DirectMethodHandleAccessor.invoke(DirectMethodHandleAccessor.java:103)\r","\tat java.base/java.lang.reflect.Method.invoke(Method.java:580)\r","\tat org.testng.internal.invokers.MethodInvocationHelper.invokeMethod(MethodInvocationHelper.java:141)\r","\tat org.testng.internal.invokers.MethodInvocationHelper.invokeMethodConsideringTimeout(MethodInvocationHelper.java:71)\r","\tat org.testng.internal.invokers.ConfigInvoker.invokeConfigurationMethod(ConfigInvoker.java:400)\r","\tat org.testng.internal.invokers.ConfigInvoker.invokeConfigurations(ConfigInvoker.java:333)\r","\tat org.testng.internal.invokers.TestInvoker.runConfigMethods(TestInvoker.java:846)\r","\tat org.testng.internal.invokers.TestInvoker.invokeMethod(TestInvoker.java:611)\r","\tat org.testng.internal.invokers.TestInvoker.invokeTestMethod(TestInvoker.java:230)\r","\tat org.testng.internal.invokers.MethodRunner.runInSequence(MethodRunner.java:63)\r","\tat org.testng.internal.invokers.TestInvoker$MethodInvocationAgent.invoke(TestInvoker.java:1005)\r","\tat org.testng.internal.invokers.TestInvoker.invokeTestMethods(TestInvoker.java:203)\r","\tat org.testng.internal.invokers.TestMethodWorker.invokeTestMethods(TestMethodWorker.java:154)\r","\tat org.testng.internal.invokers.TestMethodWorker.run(TestMethodWorker.java:134)\r","\tat java.base/java.util.ArrayList.forEach(ArrayList.java:1596)\r","\tat org.testng.TestRunner.privateRun(TestRunner.java:744)\r","\tat org.testng.TestRunner.run(TestRunner.java:616)\r","\tat org.testng.SuiteRunner.runTest(SuiteRunner.java:421)\r","\tat org.testng.SuiteRunner$SuiteWorker.run(SuiteRunner.java:463)\r","\tat org.testng.internal.thread.ThreadUtil.lambda$execute$0(ThreadUtil.java:64)\r","\tat java.base/java.util.concurrent.FutureTask.run(FutureTask.java:317)\r","\tat java.base/java.util.concurrent.ThreadPoolExecutor.runWorker(ThreadPoolExecutor.java:1144)\r","\tat java.base/java.util.concurrent.ThreadPoolExecutor$Worker.run(ThreadPoolExecutor.java:642)\r","\tat java.base/java.lang.Thread.run(Thread.java:1583)\r","Caused by: java.lang.NullPointerException\r","\tat java.base/java.util.stream.ReferencePipeline$3$1.accept(ReferencePipeline.java:197)\r","\tat java.base/java.util.Collections$2.tryAdvance(Collections.java:5073)\r","\tat java.base/java.util.Collections$2.forEachRemaining(Collections.java:5081)\r","\tat java.base/java.util.stream.AbstractPipeline.copyInto(AbstractPipeline.java:509)\r","\tat java.base/java.util.stream.AbstractPipeline.wrapAndCopyInto(AbstractPipeline.java:499)\r","\tat java.base/java.util.stream.ReduceOps$ReduceOp.evaluateSequential(ReduceOps.java:921)\r","\tat java.base/java.util.stream.AbstractPipeline.evaluate(AbstractPipeline.java:234)\r","\tat java.base/java.util.stream.ReferencePipeline.collect(ReferencePipeline.java:682)\r","\tat org.openqa.selenium.remote.NewSessionPayload.create(NewSessionPayload.java:89)\r","\tat org.openqa.selenium.remote.ProtocolHandshake.createSession(ProtocolHandshake.java:60)\r","\tat io.appium.java_client.remote.AppiumCommandExecutor.createSession(AppiumCommandExecutor.java:178)\r","\tat io.appium.java_client.remote.AppiumCommandExecutor.execute(AppiumCommandExecutor.java:243)\r","\tat org.openqa.selenium.remote.RemoteWebDriver.execute(RemoteWebDriver.java:606)\r","\t... 31 more\r"]}],"test_framework_version":"7.12.0","test_logs":[],"test_scopes":["AppiumE2EEcommTest","AndroidAppiumTests.E2EEcommTests_POM"],"test_code":"public void AndroidAppiumTests.E2EEcommTests_POM.validateToastMessage()","test_id":"LongPressTest-1@1","test_uuid":"6f106a1a-9a6c-4e02-98b1-d67b9ecb4ffc","test_ended_at":"2026-04-20T18:44:45.157503800","automate_session_name":"LongPressTest-11","test_hook_last_finished":"BEFORE_METHOD","test_session_name":"AndroidAppiumTests.E2EEcommTests_POM-validateToastMessage","accumulated_error_messages":[],"custom_metadata":{},"test_failure_reason":"org.openqa.selenium.SessionNotCreatedException: Could not start a new session. Possible causes are invalid address of the remote server or browser start-up failure. \nHost info: host: 'DESKTOP-FRC4SK8', ip: '192.168.1.8'\nBuild info: version: '4.43.0', revision: 'dd0f534'\nSystem info: os.name: 'Windows 11', os.arch: 'amd64', os.version: '10.0', java.version: '21.0.8'\nDriver info: io.appium.java_client.android.AndroidDriver\nCommand: [null, newSession {capabilities=[null]}]\nCapabilities {}","test_location":"src\\test\\java\\AndroidAppiumTests\\E2EEcommTests_POM.java","test_hooks_started":{"BEFORE_METHOD":[],"BEFORE_CLASS":[]},"test_file_path":"src\\test\\java\\AndroidAppiumTests\\E2EEcommTests_POM.java","test_result":"skipped","test_hooks_finished":{"BEFORE_METHOD":[{"hook_name":"setUpDriver","hook_result":"failed","test_file_path":"AppiumSession_Cloud\\src\\test\\java\\AndroidAppiumTests\\E2EEcommTests_POM.java","event_started_at":"2026-04-20T18:44:39.791298100","hook_id":"440c92b8-ad78-4e9d-95d3-ddd7ed6e3b43","hook_logs":[],"logs":[],"key":"BEFORE_METHOD","custom_metadata":{},"event_ended_at":"2026-04-20T18:44:44.027690300","test_location":"AppiumSession_Cloud\\src\\test\\java\\AndroidAppiumTests\\E2EEcommTests_POM.java"}],"BEFORE_CLASS":[{"hook_name":"configureAppium","hook_result":"passed","test_file_path":"AppiumSession_Cloud\\src\\test\\java\\AndroidAppiumTests\\E2EEcommTests_POM.java","event_started_at":"2026-04-20T18:44:36.605589800","hook_id":"8033505f-e36e-43c2-92e8-cdbd8f8e04ab","hook_logs":[],"logs":[],"key":"BEFORE_CLASS","custom_metadata":{},"event_ended_at":"2026-04-20T18:44:39.347822600","test_location":"AppiumSession_Cloud\\src\\test\\java\\AndroidAppiumTests\\E2EEcommTests_POM.java"}]},"hook_id":"440c92b8-ad78-4e9d-95d3-ddd7ed6e3b43","test_meta":{},"isBrowserstackAutomationSession":true,"test_name":"validateToastMessage","accumulated_session_status":null,"logs":[]}
2026-04-20T13:14:46.010Z CLI info [testhub:request-queue-handler]  [poulamidatta_OM7YbZ]  [5umxmiipi7lom8eehenlegqydffelzrn4dgkjd08]  [5ccb8831-4b9f-48ba-b939-a6c6a83b78f1]  Added the event {
  event_type: 'TestRunFinished',
  test_run: {
    type: 'test',
    framework: 'TestNG',
    uuid: '6f106a1a-9a6c-4e02-98b1-d67b9ecb4ffc',
    name: 'validateToastMessage',
    body: {
      lang: 'java',
      code: 'public void AndroidAppiumTests.E2EEcommTests_POM.validateToastMessage()'
    },
    identifier: 'validateToastMessage',
    scope: 'AppiumE2EEcommTest.AndroidAppiumTests.E2EEcommTests_POM',
    scopes: [ 'AppiumE2EEcommTest', 'AndroidAppiumTests.E2EEcommTests_POM' ],
    file_name: 'src\\test\\java\\AndroidAppiumTests\\E2EEcommTests_POM.java',
    vc_filepath: 'eclipse-workspace\\AppiumSession_Cloud\\src\\test\\java\\AndroidAppiumTests\\E2EEcommTests_POM.java',
    location: 'src\\test\\java\\AndroidAppiumTests\\E2EEcommTests_POM.java',
    meta: {},
    result: 'skipped',
    duration_in_ms: 625,
    started_at: '2026-04-20T13:14:44.532Z',
    finished_at: '2026-04-20T13:14:45.157Z',
    failure: [ [Object] ],
    failure_type: 'UnhandledError',
    failure_reason: 'org.openqa.selenium.SessionNotCreatedException: Could not start a new session. Possible causes are invalid address of the remote server or browser start-up failure. \n' +
      "Host info: host: 'DESKTOP-FRC4SK8', ip: '192.168.1.8'\n" +
      "Build info: version: '4.43.0', revision: 'dd0f534'\n" +
      "System info: os.name: 'Windows 11', os.arch: 'amd64', os.version: '10.0', java.version: '21.0.8'\n" +
      'Driver info: io.appium.java_client.android.AndroidDriver\n' +
      'Command: [null, newSession {capabilities=[null]}]\n' +
      'Capabilities {}',
    retry_of: null,
    custom_metadata: {},
    tags: [],
    customRerunParam: { rerun_name: 'LongPressTest-1' },
    hooks: [
      '440c92b8-ad78-4e9d-95d3-ddd7ed6e3b43',
      '8033505f-e36e-43c2-92e8-cdbd8f8e04ab'
    ],
    product_map: {
      observability: true,
      accessibility: false,
      percy: false,
      automate: false,
      app_automate: true,
      lts: false
    }
  },
  logs: []
} to 620:0
2026-04-20T13:14:46.258Z CLI warn [TEST REPORTING AND ANALYTICS:java]  [poulamidatta_OM7YbZ]  [5umxmiipi7lom8eehenlegqydffelzrn4dgkjd08]  [5ccb8831-4b9f-48ba-b939-a6c6a83b78f1]  onTestSessionEvent: empty capabilities for driver=616923963
2026-04-20T13:14:46.310Z CLI warn [TEST REPORTING AND ANALYTICS:java]  [poulamidatta_OM7YbZ]  [5umxmiipi7lom8eehenlegqydffelzrn4dgkjd08]  [5ccb8831-4b9f-48ba-b939-a6c6a83b78f1]  onTestSessionEvent: empty capabilities for driver=616923940
2026-04-20T13:14:46.339Z CLI info [testhub:request-queue-handler]  [poulamidatta_OM7YbZ]  [5umxmiipi7lom8eehenlegqydffelzrn4dgkjd08]  [5ccb8831-4b9f-48ba-b939-a6c6a83b78f1]  Added the event {
  event_type: 'HookRunStarted',
  hook_run: {
    type: 'hook',
    hook_type: 'AFTER_METHOD',
    framework: 'TestNG',
    uuid: '66d39be5-2cb3-407d-ad4b-ddcbcd56034a',
    name: 'quitDriver',
    result: 'pending',
    test_run_id: '09762bfa-6d2c-4a91-9624-a95a3e9d877c',
    body: { lang: 'java', code: null },
    scope: 'AppiumE2EEcommTest.AndroidAppiumTests.E2EEcommTests_POM',
    custom_metadata: {},
    tags: [],
    scopes: [ 'AppiumE2EEcommTest', 'AndroidAppiumTests.E2EEcommTests_POM' ],
    file_name: 'AppiumSession_Cloud\\src\\test\\java\\AndroidAppiumTests\\E2EEcommTests_POM.java',
    vc_filepath: 'eclipse-workspace\\AppiumSession_Cloud\\AppiumSession_Cloud\\src\\test\\java\\AndroidAppiumTests\\E2EEcommTests_POM.java',
    location: 'AppiumSession_Cloud\\src\\test\\java\\AndroidAppiumTests\\E2EEcommTests_POM.java',
    started_at: '2026-04-20T13:14:46.236Z'
  },
  logs: []
} to 620:0
2026-04-20T13:14:46.383Z CLI info [testhub:request-queue-handler]  [poulamidatta_OM7YbZ]  [5umxmiipi7lom8eehenlegqydffelzrn4dgkjd08]  [5ccb8831-4b9f-48ba-b939-a6c6a83b78f1]  Added the event {
  event_type: 'HookRunStarted',
  hook_run: {
    type: 'hook',
    hook_type: 'AFTER_METHOD',
    framework: 'TestNG',
    uuid: '2bd0eaff-a6ab-406c-b77b-601ba9102fe6',
    name: 'quitDriver',
    result: 'pending',
    test_run_id: '56aab7a8-fe86-41ea-adf8-85a150157b1b',
    body: { lang: 'java', code: null },
    scope: 'AppiumE2EEcommTest.AndroidAppiumTests.E2EEcommTests_POM',
    custom_metadata: {},
    tags: [],
    scopes: [ 'AppiumE2EEcommTest', 'AndroidAppiumTests.E2EEcommTests_POM' ],
    file_name: 'AppiumSession_Cloud\\src\\test\\java\\AndroidAppiumTests\\E2EEcommTests_POM.java',
    vc_filepath: 'eclipse-workspace\\AppiumSession_Cloud\\AppiumSession_Cloud\\src\\test\\java\\AndroidAppiumTests\\E2EEcommTests_POM.java',
    location: 'AppiumSession_Cloud\\src\\test\\java\\AndroidAppiumTests\\E2EEcommTests_POM.java',
    started_at: '2026-04-20T13:14:46.274Z'
  },
  logs: []
} to 620:0
2026-04-20T13:14:46.457Z CLI warn [TEST REPORTING AND ANALYTICS:java]  [poulamidatta_OM7YbZ]  [5umxmiipi7lom8eehenlegqydffelzrn4dgkjd08]  [5ccb8831-4b9f-48ba-b939-a6c6a83b78f1]  onTestSessionEvent: empty capabilities for driver=616923941
2026-04-20T13:14:46.505Z CLI info [testhub:request-queue-handler]  [poulamidatta_OM7YbZ]  [5umxmiipi7lom8eehenlegqydffelzrn4dgkjd08]  [5ccb8831-4b9f-48ba-b939-a6c6a83b78f1]  Added the event {
  event_type: 'HookRunStarted',
  hook_run: {
    type: 'hook',
    hook_type: 'AFTER_METHOD',
    framework: 'TestNG',
    uuid: 'cab96e3f-bb86-4943-92dd-a5822bf513b2',
    name: 'quitDriver',
    result: 'pending',
    test_run_id: '6f106a1a-9a6c-4e02-98b1-d67b9ecb4ffc',
    body: { lang: 'java', code: null },
    scope: 'AppiumE2EEcommTest.AndroidAppiumTests.E2EEcommTests_POM',
    custom_metadata: {},
    tags: [],
    scopes: [ 'AppiumE2EEcommTest', 'AndroidAppiumTests.E2EEcommTests_POM' ],
    file_name: 'AppiumSession_Cloud\\src\\test\\java\\AndroidAppiumTests\\E2EEcommTests_POM.java',
    vc_filepath: 'eclipse-workspace\\AppiumSession_Cloud\\AppiumSession_Cloud\\src\\test\\java\\AndroidAppiumTests\\E2EEcommTests_POM.java',
    location: 'AppiumSession_Cloud\\src\\test\\java\\AndroidAppiumTests\\E2EEcommTests_POM.java',
    started_at: '2026-04-20T13:14:46.427Z'
  },
  logs: []
} to 620:0
2026-04-20T13:14:46.712Z CLI info [testhub:request-queue-handler]  [poulamidatta_OM7YbZ]  [5umxmiipi7lom8eehenlegqydffelzrn4dgkjd08]  [5ccb8831-4b9f-48ba-b939-a6c6a83b78f1]  Added the event {
  event_type: 'HookRunFinished',
  hook_run: {
    type: 'hook',
    hook_type: 'AFTER_METHOD',
    framework: 'TestNG',
    uuid: '66d39be5-2cb3-407d-ad4b-ddcbcd56034a',
    name: 'quitDriver',
    result: 'skipped',
    test_run_id: '09762bfa-6d2c-4a91-9624-a95a3e9d877c',
    body: { lang: 'java', code: null },
    scope: 'AppiumE2EEcommTest.AndroidAppiumTests.E2EEcommTests_POM',
    custom_metadata: {},
    tags: [],
    scopes: [ 'AppiumE2EEcommTest', 'AndroidAppiumTests.E2EEcommTests_POM' ],
    file_name: 'AppiumSession_Cloud\\src\\test\\java\\AndroidAppiumTests\\E2EEcommTests_POM.java',
    vc_filepath: 'eclipse-workspace\\AppiumSession_Cloud\\AppiumSession_Cloud\\src\\test\\java\\AndroidAppiumTests\\E2EEcommTests_POM.java',
    location: 'AppiumSession_Cloud\\src\\test\\java\\AndroidAppiumTests\\E2EEcommTests_POM.java',
    started_at: '2026-04-20T13:14:46.236Z',
    finished_at: '2026-04-20T13:14:46.690Z'
  },
  logs: []
} to 620:0
2026-04-20T13:14:46.764Z CLI info [testhub:request-queue-handler]  [poulamidatta_OM7YbZ]  [5umxmiipi7lom8eehenlegqydffelzrn4dgkjd08]  [5ccb8831-4b9f-48ba-b939-a6c6a83b78f1]  Added the event {
  event_type: 'HookRunFinished',
  hook_run: {
    type: 'hook',
    hook_type: 'AFTER_METHOD',
    framework: 'TestNG',
    uuid: '2bd0eaff-a6ab-406c-b77b-601ba9102fe6',
    name: 'quitDriver',
    result: 'skipped',
    test_run_id: '56aab7a8-fe86-41ea-adf8-85a150157b1b',
    body: { lang: 'java', code: null },
    scope: 'AppiumE2EEcommTest.AndroidAppiumTests.E2EEcommTests_POM',
    custom_metadata: {},
    tags: [],
    scopes: [ 'AppiumE2EEcommTest', 'AndroidAppiumTests.E2EEcommTests_POM' ],
    file_name: 'AppiumSession_Cloud\\src\\test\\java\\AndroidAppiumTests\\E2EEcommTests_POM.java',
    vc_filepath: 'eclipse-workspace\\AppiumSession_Cloud\\AppiumSession_Cloud\\src\\test\\java\\AndroidAppiumTests\\E2EEcommTests_POM.java',
    location: 'AppiumSession_Cloud\\src\\test\\java\\AndroidAppiumTests\\E2EEcommTests_POM.java',
    started_at: '2026-04-20T13:14:46.274Z',
    finished_at: '2026-04-20T13:14:46.690Z'
  },
  logs: []
} to 620:0
2026-04-20T13:14:46.855Z CLI info [testhub:request-queue-handler]  [poulamidatta_OM7YbZ]  [5umxmiipi7lom8eehenlegqydffelzrn4dgkjd08]  [5ccb8831-4b9f-48ba-b939-a6c6a83b78f1]  Added the event {
  event_type: 'HookRunFinished',
  hook_run: {
    type: 'hook',
    hook_type: 'AFTER_METHOD',
    framework: 'TestNG',
    uuid: 'cab96e3f-bb86-4943-92dd-a5822bf513b2',
    name: 'quitDriver',
    result: 'skipped',
    test_run_id: '6f106a1a-9a6c-4e02-98b1-d67b9ecb4ffc',
    body: { lang: 'java', code: null },
    scope: 'AppiumE2EEcommTest.AndroidAppiumTests.E2EEcommTests_POM',
    custom_metadata: {},
    tags: [],
    scopes: [ 'AppiumE2EEcommTest', 'AndroidAppiumTests.E2EEcommTests_POM' ],
    file_name: 'AppiumSession_Cloud\\src\\test\\java\\AndroidAppiumTests\\E2EEcommTests_POM.java',
    vc_filepath: 'eclipse-workspace\\AppiumSession_Cloud\\AppiumSession_Cloud\\src\\test\\java\\AndroidAppiumTests\\E2EEcommTests_POM.java',
    location: 'AppiumSession_Cloud\\src\\test\\java\\AndroidAppiumTests\\E2EEcommTests_POM.java',
    started_at: '2026-04-20T13:14:46.427Z',
    finished_at: '2026-04-20T13:14:46.831Z'
  },
  logs: []
} to 620:0
2026-04-20T13:14:47.069Z CLI info [testhub:request-queue-handler]  [poulamidatta_OM7YbZ]  [5umxmiipi7lom8eehenlegqydffelzrn4dgkjd08]  [5ccb8831-4b9f-48ba-b939-a6c6a83b78f1]  Added the event {
  event_type: 'HookRunStarted',
  hook_run: {
    type: 'hook',
    hook_type: 'BEFORE_METHOD',
    framework: 'TestNG',
    uuid: '00ddb2cb-9df1-4e70-b037-43f5ce343ddd',
    name: 'setUpDriver',
    result: 'pending',
    test_run_id: 'ea3bd093-9663-469a-9de3-7a34cc24b4e8',
    body: { lang: 'java', code: null },
    scope: 'AppiumE2EEcommTest.AndroidAppiumTests.E2EEcommTests_POM',
    custom_metadata: {},
    tags: [],
    scopes: [ 'AppiumE2EEcommTest', 'AndroidAppiumTests.E2EEcommTests_POM' ],
    file_name: 'AppiumSession_Cloud\\src\\test\\java\\AndroidAppiumTests\\E2EEcommTests_POM.java',
    vc_filepath: 'eclipse-workspace\\AppiumSession_Cloud\\AppiumSession_Cloud\\src\\test\\java\\AndroidAppiumTests\\E2EEcommTests_POM.java',
    location: 'AppiumSession_Cloud\\src\\test\\java\\AndroidAppiumTests\\E2EEcommTests_POM.java',
    started_at: '2026-04-20T13:14:47.043Z'
  },
  logs: []
} to 620:0
2026-04-20T13:14:47.076Z CLI info [testhub:request-queue-handler]  [poulamidatta_OM7YbZ]  [5umxmiipi7lom8eehenlegqydffelzrn4dgkjd08]  [5ccb8831-4b9f-48ba-b939-a6c6a83b78f1]  Added the event {
  event_type: 'HookRunStarted',
  hook_run: {
    type: 'hook',
    hook_type: 'BEFORE_METHOD',
    framework: 'TestNG',
    uuid: '534244fa-23df-4941-951a-90ba241003df',
    name: 'setUpDriver',
    result: 'pending',
    test_run_id: '5e66b343-3bea-44e0-a3d7-dc9184572040',
    body: { lang: 'java', code: null },
    scope: 'AppiumE2EEcommTest.AndroidAppiumTests.E2EEcommTests_POM',
    custom_metadata: {},
    tags: [],
    scopes: [ 'AppiumE2EEcommTest', 'AndroidAppiumTests.E2EEcommTests_POM' ],
    file_name: 'AppiumSession_Cloud\\src\\test\\java\\AndroidAppiumTests\\E2EEcommTests_POM.java',
    vc_filepath: 'eclipse-workspace\\AppiumSession_Cloud\\AppiumSession_Cloud\\src\\test\\java\\AndroidAppiumTests\\E2EEcommTests_POM.java',
    location: 'AppiumSession_Cloud\\src\\test\\java\\AndroidAppiumTests\\E2EEcommTests_POM.java',
    started_at: '2026-04-20T13:14:47.046Z'
  },
  logs: []
} to 620:0
2026-04-20T13:14:47.343Z CLI info [testhub:request-queue-handler]  [poulamidatta_OM7YbZ]  [5umxmiipi7lom8eehenlegqydffelzrn4dgkjd08]  [5ccb8831-4b9f-48ba-b939-a6c6a83b78f1]  Added the event {
  event_type: 'HookRunStarted',
  hook_run: {
    type: 'hook',
    hook_type: 'BEFORE_METHOD',
    framework: 'TestNG',
    uuid: '82b2de37-e702-43a9-9668-1b0488912e4c',
    name: 'setUpDriver',
    result: 'pending',
    test_run_id: '0855d2a6-25e0-4249-b148-66fefd9386d6',
    body: { lang: 'java', code: null },
    scope: 'AppiumE2EEcommTest.AndroidAppiumTests.E2EEcommTests_POM',
    custom_metadata: {},
    tags: [],
    scopes: [ 'AppiumE2EEcommTest', 'AndroidAppiumTests.E2EEcommTests_POM' ],
    file_name: 'AppiumSession_Cloud\\src\\test\\java\\AndroidAppiumTests\\E2EEcommTests_POM.java',
    vc_filepath: 'eclipse-workspace\\AppiumSession_Cloud\\AppiumSession_Cloud\\src\\test\\java\\AndroidAppiumTests\\E2EEcommTests_POM.java',
    location: 'AppiumSession_Cloud\\src\\test\\java\\AndroidAppiumTests\\E2EEcommTests_POM.java',
    started_at: '2026-04-20T13:14:47.299Z'
  },
  logs: []
} to 620:0
2026-04-20T13:14:47.660Z CLI info [testhub:request-queue-handler]  [poulamidatta_OM7YbZ]  [5umxmiipi7lom8eehenlegqydffelzrn4dgkjd08]  [5ccb8831-4b9f-48ba-b939-a6c6a83b78f1]  Added the event {
  event_type: 'HookRunFinished',
  hook_run: {
    type: 'hook',
    hook_type: 'BEFORE_METHOD',
    framework: 'TestNG',
    uuid: '534244fa-23df-4941-951a-90ba241003df',
    name: 'setUpDriver',
    result: 'skipped',
    test_run_id: '5e66b343-3bea-44e0-a3d7-dc9184572040',
    body: { lang: 'java', code: null },
    scope: 'AppiumE2EEcommTest.AndroidAppiumTests.E2EEcommTests_POM',
    custom_metadata: {},
    tags: [],
    scopes: [ 'AppiumE2EEcommTest', 'AndroidAppiumTests.E2EEcommTests_POM' ],
    file_name: 'AppiumSession_Cloud\\src\\test\\java\\AndroidAppiumTests\\E2EEcommTests_POM.java',
    vc_filepath: 'eclipse-workspace\\AppiumSession_Cloud\\AppiumSession_Cloud\\src\\test\\java\\AndroidAppiumTests\\E2EEcommTests_POM.java',
    location: 'AppiumSession_Cloud\\src\\test\\java\\AndroidAppiumTests\\E2EEcommTests_POM.java',
    started_at: '2026-04-20T13:14:47.046Z',
    finished_at: '2026-04-20T13:14:47.595Z'
  },
  logs: []
} to 620:0
2026-04-20T13:14:47.719Z CLI info [testhub:request-queue-handler]  [poulamidatta_OM7YbZ]  [5umxmiipi7lom8eehenlegqydffelzrn4dgkjd08]  [5ccb8831-4b9f-48ba-b939-a6c6a83b78f1]  Added the event {
  event_type: 'HookRunFinished',
  hook_run: {
    type: 'hook',
    hook_type: 'BEFORE_METHOD',
    framework: 'TestNG',
    uuid: '00ddb2cb-9df1-4e70-b037-43f5ce343ddd',
    name: 'setUpDriver',
    result: 'skipped',
    test_run_id: 'ea3bd093-9663-469a-9de3-7a34cc24b4e8',
    body: { lang: 'java', code: null },
    scope: 'AppiumE2EEcommTest.AndroidAppiumTests.E2EEcommTests_POM',
    custom_metadata: {},
    tags: [],
    scopes: [ 'AppiumE2EEcommTest', 'AndroidAppiumTests.E2EEcommTests_POM' ],
    file_name: 'AppiumSession_Cloud\\src\\test\\java\\AndroidAppiumTests\\E2EEcommTests_POM.java',
    vc_filepath: 'eclipse-workspace\\AppiumSession_Cloud\\AppiumSession_Cloud\\src\\test\\java\\AndroidAppiumTests\\E2EEcommTests_POM.java',
    location: 'AppiumSession_Cloud\\src\\test\\java\\AndroidAppiumTests\\E2EEcommTests_POM.java',
    started_at: '2026-04-20T13:14:47.043Z',
    finished_at: '2026-04-20T13:14:47.613Z'
  },
  logs: []
} to 620:0
2026-04-20T13:14:47.937Z CLI info [testhub:request-queue-handler]  [poulamidatta_OM7YbZ]  [5umxmiipi7lom8eehenlegqydffelzrn4dgkjd08]  [5ccb8831-4b9f-48ba-b939-a6c6a83b78f1]  Added the event {
  event_type: 'HookRunFinished',
  hook_run: {
    type: 'hook',
    hook_type: 'BEFORE_METHOD',
    framework: 'TestNG',
    uuid: '82b2de37-e702-43a9-9668-1b0488912e4c',
    name: 'setUpDriver',
    result: 'skipped',
    test_run_id: '0855d2a6-25e0-4249-b148-66fefd9386d6',
    body: { lang: 'java', code: null },
    scope: 'AppiumE2EEcommTest.AndroidAppiumTests.E2EEcommTests_POM',
    custom_metadata: {},
    tags: [],
    scopes: [ 'AppiumE2EEcommTest', 'AndroidAppiumTests.E2EEcommTests_POM' ],
    file_name: 'AppiumSession_Cloud\\src\\test\\java\\AndroidAppiumTests\\E2EEcommTests_POM.java',
    vc_filepath: 'eclipse-workspace\\AppiumSession_Cloud\\AppiumSession_Cloud\\src\\test\\java\\AndroidAppiumTests\\E2EEcommTests_POM.java',
    location: 'AppiumSession_Cloud\\src\\test\\java\\AndroidAppiumTests\\E2EEcommTests_POM.java',
    started_at: '2026-04-20T13:14:47.299Z',
    finished_at: '2026-04-20T13:14:47.910Z'
  },
  logs: []
} to 620:0
2026-04-20T13:14:47.955Z CLI info [testhub:request-queue-handler]  [poulamidatta_OM7YbZ]  [5umxmiipi7lom8eehenlegqydffelzrn4dgkjd08]  [5ccb8831-4b9f-48ba-b939-a6c6a83b78f1]  Processing batch event [
  {
    event_type: 'TestRunFinished',
    test_run: {
      type: 'test',
      framework: 'TestNG',
      uuid: '6f106a1a-9a6c-4e02-98b1-d67b9ecb4ffc',
      name: 'validateToastMessage',
      body: {
        lang: 'java',
        code: 'public void AndroidAppiumTests.E2EEcommTests_POM.validateToastMessage()'
      },
      identifier: 'validateToastMessage',
      scope: 'AppiumE2EEcommTest.AndroidAppiumTests.E2EEcommTests_POM',
      scopes: [ 'AppiumE2EEcommTest', 'AndroidAppiumTests.E2EEcommTests_POM' ],
      file_name: 'src\\test\\java\\AndroidAppiumTests\\E2EEcommTests_POM.java',
      vc_filepath: 'eclipse-workspace\\AppiumSession_Cloud\\src\\test\\java\\AndroidAppiumTests\\E2EEcommTests_POM.java',
      location: 'src\\test\\java\\AndroidAppiumTests\\E2EEcommTests_POM.java',
      meta: {},
      result: 'skipped',
      duration_in_ms: 625,
      started_at: '2026-04-20T13:14:44.532Z',
      finished_at: '2026-04-20T13:14:45.157Z',
      failure: [
        {
          backtrace: [
            'org.openqa.selenium.SessionNotCreatedException: Could not start a new session. Possible causes are invalid address of the remote server or browser start-up failure. ',
            "Host info: host: 'DESKTOP-FRC4SK8', ip: '192.168.1.8'",
            "Build info: version: '4.43.0', revision: 'dd0f534'",
            "System info: os.name: 'Windows 11', os.arch: 'amd64', os.version: '10.0', java.version: '21.0.8'",
            'Driver info: io.appium.java_client.android.AndroidDriver',
            'Command: [null, newSession {capabilities=[null]}]',
            'Capabilities {}\r',
            '\tat org.openqa.selenium.remote.RemoteWebDriver.execute(RemoteWebDriver.java:627)\r',
            '\tat io.appium.java_client.AppiumDriver.startSession(AppiumDriver.java:308)\r',
            '\tat org.openqa.selenium.remote.RemoteWebDriver.<init>(RemoteWebDriver.java:213)\r',
            '\tat org.openqa.selenium.remote.RemoteWebDriver.<init>(RemoteWebDriver.java:199)\r',
            '\tat io.appium.java_client.AppiumDriver.<init>(AppiumDriver.java:98)\r',
            '\tat io.appium.java_client.AppiumDriver.<init>(AppiumDriver.java:109)\r',
            '\tat io.appium.java_client.android.AndroidDriver.<init>(AndroidDriver.java:108)\r',
            '\tat BaseTests.EcommBaseTest.setUpDriver(EcommBaseTest.java:65)\r',
            '\tat java.base/jdk.internal.reflect.DirectMethodHandleAccessor.invoke(DirectMethodHandleAccessor.java:103)\r',
            '\tat java.base/java.lang.reflect.Method.invoke(Method.java:580)\r',
            '\tat org.testng.internal.invokers.MethodInvocationHelper.invokeMethod(MethodInvocationHelper.java:141)\r',
            '\tat org.testng.internal.invokers.MethodInvocationHelper.invokeMethodConsideringTimeout(MethodInvocationHelper.java:71)\r',
            '\tat org.testng.internal.invokers.ConfigInvoker.invokeConfigurationMethod(ConfigInvoker.java:400)\r',
            '\tat org.testng.internal.invokers.ConfigInvoker.invokeConfigurations(ConfigInvoker.java:333)\r',
            '\tat org.testng.internal.invokers.TestInvoker.runConfigMethods(TestInvoker.java:846)\r',
            '\tat org.testng.internal.invokers.TestInvoker.invokeMethod(TestInvoker.java:611)\r',
            '\tat org.testng.internal.invokers.TestInvoker.invokeTestMethod(TestInvoker.java:230)\r',
            '\tat org.testng.internal.invokers.MethodRunner.runInSequence(MethodRunner.java:63)\r',
            '\tat org.testng.internal.invokers.TestInvoker$MethodInvocationAgent.invoke(TestInvoker.java:1005)\r',
            '\tat org.testng.internal.invokers.TestInvoker.invokeTestMethods(TestInvoker.java:203)\r',
            '\tat org.testng.internal.invokers.TestMethodWorker.invokeTestMethods(TestMethodWorker.java:154)\r',
            '\tat org.testng.internal.invokers.TestMethodWorker.run(TestMethodWorker.java:134)\r',
            '\tat java.base/java.util.ArrayList.forEach(ArrayList.java:1596)\r',
            '\tat org.testng.TestRunner.privateRun(TestRunner.java:744)\r',
            '\tat org.testng.TestRunner.run(TestRunner.java:616)\r',
            '\tat org.testng.SuiteRunner.runTest(SuiteRunner.java:421)\r',
            '\tat org.testng.SuiteRunner$SuiteWorker.run(SuiteRunner.java:463)\r',
            '\tat org.testng.internal.thread.ThreadUtil.lambda$execute$0(ThreadUtil.java:64)\r',
            '\tat java.base/java.util.concurrent.FutureTask.run(FutureTask.java:317)\r',
            '\tat java.base/java.util.concurrent.ThreadPoolExecutor.runWorker(ThreadPoolExecutor.java:1144)\r',
            '\tat java.base/java.util.concurrent.ThreadPoolExecutor$Worker.run(ThreadPoolExecutor.java:642)\r',
            '\tat java.base/java.lang.Thread.run(Thread.java:1583)\r',
            'Caused by: java.lang.NullPointerException\r',
            '\tat java.base/java.util.stream.ReferencePipeline$3$1.accept(ReferencePipeline.java:197)\r',
            '\tat java.base/java.util.Collections$2.tryAdvance(Collections.java:5073)\r',
            '\tat java.base/java.util.Collections$2.forEachRemaining(Collections.java:5081)\r',
            '\tat java.base/java.util.stream.AbstractPipeline.copyInto(AbstractPipeline.java:509)\r',
            '\tat java.base/java.util.stream.AbstractPipeline.wrapAndCopyInto(AbstractPipeline.java:499)\r',
            '\tat java.base/java.util.stream.ReduceOps$ReduceOp.evaluateSequential(ReduceOps.java:921)\r',
            '\tat java.base/java.util.stream.AbstractPipeline.evaluate(AbstractPipeline.java:234)\r',
            '\tat java.base/java.util.stream.ReferencePipeline.collect(ReferencePipeline.java:682)\r',
            '\tat org.openqa.selenium.remote.NewSessionPayload.create(NewSessionPayload.java:89)\r',
            '\tat org.openqa.selenium.remote.ProtocolHandshake.createSession(ProtocolHandshake.java:60)\r',
            '\tat io.appium.java_client.remote.AppiumCommandExecutor.createSession(AppiumCommandExecutor.java:178)\r',
            '\tat io.appium.java_client.remote.AppiumCommandExecutor.execute(AppiumCommandExecutor.java:243)\r',
            '\tat org.openqa.selenium.remote.RemoteWebDriver.execute(RemoteWebDriver.java:606)\r',
            '\t... 31 more\r'
          ]
        }
      ],
      failure_type: 'UnhandledError',
      failure_reason: 'org.openqa.selenium.SessionNotCreatedException: Could not start a new session. Possible causes are invalid address of the remote server or browser start-up failure. \n' +
        "Host info: host: 'DESKTOP-FRC4SK8', ip: '192.168.1.8'\n" +
        "Build info: version: '4.43.0', revision: 'dd0f534'\n" +
        "System info: os.name: 'Windows 11', os.arch: 'amd64', os.version: '10.0', java.version: '21.0.8'\n" +
        'Driver info: io.appium.java_client.android.AndroidDriver\n' +
        'Command: [null, newSession {capabilities=[null]}]\n' +
        'Capabilities {}',
      retry_of: null,
      custom_metadata: {},
      tags: [],
      customRerunParam: { rerun_name: 'LongPressTest-1' },
      hooks: [
        '440c92b8-ad78-4e9d-95d3-ddd7ed6e3b43',
        '8033505f-e36e-43c2-92e8-cdbd8f8e04ab'
      ],
      product_map: {
        observability: true,
        accessibility: false,
        percy: false,
        automate: false,
        app_automate: true,
        lts: false
      }
    },
    logs: []
  },
  {
    event_type: 'HookRunStarted',
    hook_run: {
      type: 'hook',
      hook_type: 'AFTER_METHOD',
      framework: 'TestNG',
      uuid: '66d39be5-2cb3-407d-ad4b-ddcbcd56034a',
      name: 'quitDriver',
      result: 'pending',
      test_run_id: '09762bfa-6d2c-4a91-9624-a95a3e9d877c',
      body: { lang: 'java', code: null },
      scope: 'AppiumE2EEcommTest.AndroidAppiumTests.E2EEcommTests_POM',
      custom_metadata: {},
      tags: [],
      scopes: [ 'AppiumE2EEcommTest', 'AndroidAppiumTests.E2EEcommTests_POM' ],
      file_name: 'AppiumSession_Cloud\\src\\test\\java\\AndroidAppiumTests\\E2EEcommTests_POM.java',
      vc_filepath: 'eclipse-workspace\\AppiumSession_Cloud\\AppiumSession_Cloud\\src\\test\\java\\AndroidAppiumTests\\E2EEcommTests_POM.java',
      location: 'AppiumSession_Cloud\\src\\test\\java\\AndroidAppiumTests\\E2EEcommTests_POM.java',
      started_at: '2026-04-20T13:14:46.236Z'
    },
    logs: []
  },
  {
    event_type: 'HookRunStarted',
    hook_run: {
      type: 'hook',
      hook_type: 'AFTER_METHOD',
      framework: 'TestNG',
      uuid: '2bd0eaff-a6ab-406c-b77b-601ba9102fe6',
      name: 'quitDriver',
      result: 'pending',
      test_run_id: '56aab7a8-fe86-41ea-adf8-85a150157b1b',
      body: { lang: 'java', code: null },
      scope: 'AppiumE2EEcommTest.AndroidAppiumTests.E2EEcommTests_POM',
      custom_metadata: {},
      tags: [],
      scopes: [ 'AppiumE2EEcommTest', 'AndroidAppiumTests.E2EEcommTests_POM' ],
      file_name: 'AppiumSession_Cloud\\src\\test\\java\\AndroidAppiumTests\\E2EEcommTests_POM.java',
      vc_filepath: 'eclipse-workspace\\AppiumSession_Cloud\\AppiumSession_Cloud\\src\\test\\java\\AndroidAppiumTests\\E2EEcommTests_POM.java',
      location: 'AppiumSession_Cloud\\src\\test\\java\\AndroidAppiumTests\\E2EEcommTests_POM.java',
      started_at: '2026-04-20T13:14:46.274Z'
    },
    logs: []
  },
  {
    event_type: 'HookRunStarted',
    hook_run: {
      type: 'hook',
      hook_type: 'AFTER_METHOD',
      framework: 'TestNG',
      uuid: 'cab96e3f-bb86-4943-92dd-a5822bf513b2',
      name: 'quitDriver',
      result: 'pending',
      test_run_id: '6f106a1a-9a6c-4e02-98b1-d67b9ecb4ffc',
      body: { lang: 'java', code: null },
      scope: 'AppiumE2EEcommTest.AndroidAppiumTests.E2EEcommTests_POM',
      custom_metadata: {},
      tags: [],
      scopes: [ 'AppiumE2EEcommTest', 'AndroidAppiumTests.E2EEcommTests_POM' ],
      file_name: 'AppiumSession_Cloud\\src\\test\\java\\AndroidAppiumTests\\E2EEcommTests_POM.java',
      vc_filepath: 'eclipse-workspace\\AppiumSession_Cloud\\AppiumSession_Cloud\\src\\test\\java\\AndroidAppiumTests\\E2EEcommTests_POM.java',
      location: 'AppiumSession_Cloud\\src\\test\\java\\AndroidAppiumTests\\E2EEcommTests_POM.java',
      started_at: '2026-04-20T13:14:46.427Z'
    },
    logs: []
  },
  {
    event_type: 'HookRunFinished',
    hook_run: {
      type: 'hook',
      hook_type: 'AFTER_METHOD',
      framework: 'TestNG',
      uuid: '66d39be5-2cb3-407d-ad4b-ddcbcd56034a',
      name: 'quitDriver',
      result: 'skipped',
      test_run_id: '09762bfa-6d2c-4a91-9624-a95a3e9d877c',
      body: { lang: 'java', code: null },
      scope: 'AppiumE2EEcommTest.AndroidAppiumTests.E2EEcommTests_POM',
      custom_metadata: {},
      tags: [],
      scopes: [ 'AppiumE2EEcommTest', 'AndroidAppiumTests.E2EEcommTests_POM' ],
      file_name: 'AppiumSession_Cloud\\src\\test\\java\\AndroidAppiumTests\\E2EEcommTests_POM.java',
      vc_filepath: 'eclipse-workspace\\AppiumSession_Cloud\\AppiumSession_Cloud\\src\\test\\java\\AndroidAppiumTests\\E2EEcommTests_POM.java',
      location: 'AppiumSession_Cloud\\src\\test\\java\\AndroidAppiumTests\\E2EEcommTests_POM.java',
      started_at: '2026-04-20T13:14:46.236Z',
      finished_at: '2026-04-20T13:14:46.690Z'
    },
    logs: []
  },
  {
    event_type: 'HookRunFinished',
    hook_run: {
      type: 'hook',
      hook_type: 'AFTER_METHOD',
      framework: 'TestNG',
      uuid: '2bd0eaff-a6ab-406c-b77b-601ba9102fe6',
      name: 'quitDriver',
      result: 'skipped',
      test_run_id: '56aab7a8-fe86-41ea-adf8-85a150157b1b',
      body: { lang: 'java', code: null },
      scope: 'AppiumE2EEcommTest.AndroidAppiumTests.E2EEcommTests_POM',
      custom_metadata: {},
      tags: [],
      scopes: [ 'AppiumE2EEcommTest', 'AndroidAppiumTests.E2EEcommTests_POM' ],
      file_name: 'AppiumSession_Cloud\\src\\test\\java\\AndroidAppiumTests\\E2EEcommTests_POM.java',
      vc_filepath: 'eclipse-workspace\\AppiumSession_Cloud\\AppiumSession_Cloud\\src\\test\\java\\AndroidAppiumTests\\E2EEcommTests_POM.java',
      location: 'AppiumSession_Cloud\\src\\test\\java\\AndroidAppiumTests\\E2EEcommTests_POM.java',
      started_at: '2026-04-20T13:14:46.274Z',
      finished_at: '2026-04-20T13:14:46.690Z'
    },
    logs: []
  },
  {
    event_type: 'HookRunFinished',
    hook_run: {
      type: 'hook',
      hook_type: 'AFTER_METHOD',
      framework: 'TestNG',
      uuid: 'cab96e3f-bb86-4943-92dd-a5822bf513b2',
      name: 'quitDriver',
      result: 'skipped',
      test_run_id: '6f106a1a-9a6c-4e02-98b1-d67b9ecb4ffc',
      body: { lang: 'java', code: null },
      scope: 'AppiumE2EEcommTest.AndroidAppiumTests.E2EEcommTests_POM',
      custom_metadata: {},
      tags: [],
      scopes: [ 'AppiumE2EEcommTest', 'AndroidAppiumTests.E2EEcommTests_POM' ],
      file_name: 'AppiumSession_Cloud\\src\\test\\java\\AndroidAppiumTests\\E2EEcommTests_POM.java',
      vc_filepath: 'eclipse-workspace\\AppiumSession_Cloud\\AppiumSession_Cloud\\src\\test\\java\\AndroidAppiumTests\\E2EEcommTests_POM.java',
      location: 'AppiumSession_Cloud\\src\\test\\java\\AndroidAppiumTests\\E2EEcommTests_POM.java',
      started_at: '2026-04-20T13:14:46.427Z',
      finished_at: '2026-04-20T13:14:46.831Z'
    },
    logs: []
  },
  {
    event_type: 'HookRunStarted',
    hook_run: {
      type: 'hook',
      hook_type: 'BEFORE_METHOD',
      framework: 'TestNG',
      uuid: '00ddb2cb-9df1-4e70-b037-43f5ce343ddd',
      name: 'setUpDriver',
      result: 'pending',
      test_run_id: 'ea3bd093-9663-469a-9de3-7a34cc24b4e8',
      body: { lang: 'java', code: null },
      scope: 'AppiumE2EEcommTest.AndroidAppiumTests.E2EEcommTests_POM',
      custom_metadata: {},
      tags: [],
      scopes: [ 'AppiumE2EEcommTest', 'AndroidAppiumTests.E2EEcommTests_POM' ],
      file_name: 'AppiumSession_Cloud\\src\\test\\java\\AndroidAppiumTests\\E2EEcommTests_POM.java',
      vc_filepath: 'eclipse-workspace\\AppiumSession_Cloud\\AppiumSession_Cloud\\src\\test\\java\\AndroidAppiumTests\\E2EEcommTests_POM.java',
      location: 'AppiumSession_Cloud\\src\\test\\java\\AndroidAppiumTests\\E2EEcommTests_POM.java',
      started_at: '2026-04-20T13:14:47.043Z'
    },
    logs: []
  },
  {
    event_type: 'HookRunStarted',
    hook_run: {
      type: 'hook',
      hook_type: 'BEFORE_METHOD',
      framework: 'TestNG',
      uuid: '534244fa-23df-4941-951a-90ba241003df',
      name: 'setUpDriver',
      result: 'pending',
      test_run_id: '5e66b343-3bea-44e0-a3d7-dc9184572040',
      body: { lang: 'java', code: null },
      scope: 'AppiumE2EEcommTest.AndroidAppiumTests.E2EEcommTests_POM',
      custom_metadata: {},
      tags: [],
      scopes: [ 'AppiumE2EEcommTest', 'AndroidAppiumTests.E2EEcommTests_POM' ],
      file_name: 'AppiumSession_Cloud\\src\\test\\java\\AndroidAppiumTests\\E2EEcommTests_POM.java',
      vc_filepath: 'eclipse-workspace\\AppiumSession_Cloud\\AppiumSession_Cloud\\src\\test\\java\\AndroidAppiumTests\\E2EEcommTests_POM.java',
      location: 'AppiumSession_Cloud\\src\\test\\java\\AndroidAppiumTests\\E2EEcommTests_POM.java',
      started_at: '2026-04-20T13:14:47.046Z'
    },
    logs: []
  },
  {
    event_type: 'HookRunStarted',
    hook_run: {
      type: 'hook',
      hook_type: 'BEFORE_METHOD',
      framework: 'TestNG',
      uuid: '82b2de37-e702-43a9-9668-1b0488912e4c',
      name: 'setUpDriver',
      result: 'pending',
      test_run_id: '0855d2a6-25e0-4249-b148-66fefd9386d6',
      body: { lang: 'java', code: null },
      scope: 'AppiumE2EEcommTest.AndroidAppiumTests.E2EEcommTests_POM',
      custom_metadata: {},
      tags: [],
      scopes: [ 'AppiumE2EEcommTest', 'AndroidAppiumTests.E2EEcommTests_POM' ],
      file_name: 'AppiumSession_Cloud\\src\\test\\java\\AndroidAppiumTests\\E2EEcommTests_POM.java',
      vc_filepath: 'eclipse-workspace\\AppiumSession_Cloud\\AppiumSession_Cloud\\src\\test\\java\\AndroidAppiumTests\\E2EEcommTests_POM.java',
      location: 'AppiumSession_Cloud\\src\\test\\java\\AndroidAppiumTests\\E2EEcommTests_POM.java',
      started_at: '2026-04-20T13:14:47.299Z'
    },
    logs: []
  },
  {
    event_type: 'HookRunFinished',
    hook_run: {
      type: 'hook',
      hook_type: 'BEFORE_METHOD',
      framework: 'TestNG',
      uuid: '534244fa-23df-4941-951a-90ba241003df',
      name: 'setUpDriver',
      result: 'skipped',
      test_run_id: '5e66b343-3bea-44e0-a3d7-dc9184572040',
      body: { lang: 'java', code: null },
      scope: 'AppiumE2EEcommTest.AndroidAppiumTests.E2EEcommTests_POM',
      custom_metadata: {},
      tags: [],
      scopes: [ 'AppiumE2EEcommTest', 'AndroidAppiumTests.E2EEcommTests_POM' ],
      file_name: 'AppiumSession_Cloud\\src\\test\\java\\AndroidAppiumTests\\E2EEcommTests_POM.java',
      vc_filepath: 'eclipse-workspace\\AppiumSession_Cloud\\AppiumSession_Cloud\\src\\test\\java\\AndroidAppiumTests\\E2EEcommTests_POM.java',
      location: 'AppiumSession_Cloud\\src\\test\\java\\AndroidAppiumTests\\E2EEcommTests_POM.java',
      started_at: '2026-04-20T13:14:47.046Z',
      finished_at: '2026-04-20T13:14:47.595Z'
    },
    logs: []
  },
  {
    event_type: 'HookRunFinished',
    hook_run: {
      type: 'hook',
      hook_type: 'BEFORE_METHOD',
      framework: 'TestNG',
      uuid: '00ddb2cb-9df1-4e70-b037-43f5ce343ddd',
      name: 'setUpDriver',
      result: 'skipped',
      test_run_id: 'ea3bd093-9663-469a-9de3-7a34cc24b4e8',
      body: { lang: 'java', code: null },
      scope: 'AppiumE2EEcommTest.AndroidAppiumTests.E2EEcommTests_POM',
      custom_metadata: {},
      tags: [],
      scopes: [ 'AppiumE2EEcommTest', 'AndroidAppiumTests.E2EEcommTests_POM' ],
      file_name: 'AppiumSession_Cloud\\src\\test\\java\\AndroidAppiumTests\\E2EEcommTests_POM.java',
      vc_filepath: 'eclipse-workspace\\AppiumSession_Cloud\\AppiumSession_Cloud\\src\\test\\java\\AndroidAppiumTests\\E2EEcommTests_POM.java',
      location: 'AppiumSession_Cloud\\src\\test\\java\\AndroidAppiumTests\\E2EEcommTests_POM.java',
      started_at: '2026-04-20T13:14:47.043Z',
      finished_at: '2026-04-20T13:14:47.613Z'
    },
    logs: []
  },
  {
    event_type: 'HookRunFinished',
    hook_run: {
      type: 'hook',
      hook_type: 'BEFORE_METHOD',
      framework: 'TestNG',
      uuid: '82b2de37-e702-43a9-9668-1b0488912e4c',
      name: 'setUpDriver',
      result: 'skipped',
      test_run_id: '0855d2a6-25e0-4249-b148-66fefd9386d6',
      body: { lang: 'java', code: null },
      scope: 'AppiumE2EEcommTest.AndroidAppiumTests.E2EEcommTests_POM',
      custom_metadata: {},
      tags: [],
      scopes: [ 'AppiumE2EEcommTest', 'AndroidAppiumTests.E2EEcommTests_POM' ],
      file_name: 'AppiumSession_Cloud\\src\\test\\java\\AndroidAppiumTests\\E2EEcommTests_POM.java',
      vc_filepath: 'eclipse-workspace\\AppiumSession_Cloud\\AppiumSession_Cloud\\src\\test\\java\\AndroidAppiumTests\\E2EEcommTests_POM.java',
      location: 'AppiumSession_Cloud\\src\\test\\java\\AndroidAppiumTests\\E2EEcommTests_POM.java',
      started_at: '2026-04-20T13:14:47.299Z',
      finished_at: '2026-04-20T13:14:47.910Z'
    },
    logs: []
  }
] to 620:0
2026-04-20T13:14:47.966Z CLI info  [poulamidatta_OM7YbZ]  [5umxmiipi7lom8eehenlegqydffelzrn4dgkjd08]  [5ccb8831-4b9f-48ba-b939-a6c6a83b78f1]  [PRODUCTION] Making POST request to https://collector-observability.browserstack.com
2026-04-20T13:14:48.054Z CLI warn [TEST REPORTING AND ANALYTICS:java]  [poulamidatta_OM7YbZ]  [5umxmiipi7lom8eehenlegqydffelzrn4dgkjd08]  [5ccb8831-4b9f-48ba-b939-a6c6a83b78f1]  onTestSessionEvent: empty capabilities for driver=616923963
2026-04-20T13:14:48.057Z CLI warn [TEST REPORTING AND ANALYTICS:java]  [poulamidatta_OM7YbZ]  [5umxmiipi7lom8eehenlegqydffelzrn4dgkjd08]  [5ccb8831-4b9f-48ba-b939-a6c6a83b78f1]  onTestSessionEvent: empty capabilities for driver=616923940
2026-04-20T13:14:48.092Z CLI warn [TEST REPORTING AND ANALYTICS:java:testng]  [poulamidatta_OM7YbZ]  [5umxmiipi7lom8eehenlegqydffelzrn4dgkjd08]  [5ccb8831-4b9f-48ba-b939-a6c6a83b78f1]  makeIntegrations: empty capabilities for driver=616923940
2026-04-20T13:14:48.096Z CLI info [testhub:request-queue-handler]  [poulamidatta_OM7YbZ]  [5umxmiipi7lom8eehenlegqydffelzrn4dgkjd08]  [5ccb8831-4b9f-48ba-b939-a6c6a83b78f1]  Added the event {
  event_type: 'TestRunStarted',
  test_run: {
    type: 'test',
    framework: 'TestNG',
    uuid: '59fae7ac-1a95-4132-ac69-472dd96d3f23',
    name: 'PurchaseProduct',
    body: {
      lang: 'java',
      code: 'public void AndroidAppiumTests.E2EEcommTests_POM.PurchaseProduct() throws java.lang.InterruptedException'
    },
    identifier: 'PurchaseProduct',
    scope: 'AppiumE2EEcommTest.AndroidAppiumTests.E2EEcommTests_POM',
    scopes: [ 'AppiumE2EEcommTest', 'AndroidAppiumTests.E2EEcommTests_POM' ],
    file_name: 'src\\test\\java\\AndroidAppiumTests\\E2EEcommTests_POM.java',
    vc_filepath: 'eclipse-workspace\\AppiumSession_Cloud\\src\\test\\java\\AndroidAppiumTests\\E2EEcommTests_POM.java',
    location: 'src\\test\\java\\AndroidAppiumTests\\E2EEcommTests_POM.java',
    meta: {},
    result: 'pending',
    duration_in_ms: null,
    started_at: '2026-04-20T13:14:48.037Z',
    failure: undefined,
    failure_type: undefined,
    failure_reason: undefined,
    retry_of: null,
    custom_metadata: {},
    tags: [],
    customRerunParam: { rerun_name: 'LongPressTest-0' },
    hooks: [],
    product_map: {
      observability: true,
      accessibility: false,
      percy: false,
      automate: false,
      app_automate: true,
      lts: false
    }
  },
  logs: []
} to 620:0
2026-04-20T13:14:48.108Z CLI warn [TEST REPORTING AND ANALYTICS:java:testng]  [poulamidatta_OM7YbZ]  [5umxmiipi7lom8eehenlegqydffelzrn4dgkjd08]  [5ccb8831-4b9f-48ba-b939-a6c6a83b78f1]  makeIntegrations: empty capabilities for driver=616923963
2026-04-20T13:14:48.110Z CLI info [testhub:request-queue-handler]  [poulamidatta_OM7YbZ]  [5umxmiipi7lom8eehenlegqydffelzrn4dgkjd08]  [5ccb8831-4b9f-48ba-b939-a6c6a83b78f1]  Added the event {
  event_type: 'TestRunStarted',
  test_run: {
    type: 'test',
    framework: 'TestNG',
    uuid: 'bbde5418-a5da-4f2d-a4d0-11004f9da2bd',
    name: 'PurchaseProduct',
    body: {
      lang: 'java',
      code: 'public void AndroidAppiumTests.E2EEcommTests_POM.PurchaseProduct() throws java.lang.InterruptedException'
    },
    identifier: 'PurchaseProduct',
    scope: 'AppiumE2EEcommTest.AndroidAppiumTests.E2EEcommTests_POM',
    scopes: [ 'AppiumE2EEcommTest', 'AndroidAppiumTests.E2EEcommTests_POM' ],
    file_name: 'src\\test\\java\\AndroidAppiumTests\\E2EEcommTests_POM.java',
    vc_filepath: 'eclipse-workspace\\AppiumSession_Cloud\\src\\test\\java\\AndroidAppiumTests\\E2EEcommTests_POM.java',
    location: 'src\\test\\java\\AndroidAppiumTests\\E2EEcommTests_POM.java',
    meta: {},
    result: 'pending',
    duration_in_ms: null,
    started_at: '2026-04-20T13:14:48.040Z',
    failure: undefined,
    failure_type: undefined,
    failure_reason: undefined,
    retry_of: null,
    custom_metadata: {},
    tags: [],
    customRerunParam: { rerun_name: 'LongPressTest-2' },
    hooks: [],
    product_map: {
      observability: true,
      accessibility: false,
      percy: false,
      automate: false,
      app_automate: true,
      lts: false
    }
  },
  logs: []
} to 620:0
2026-04-20T13:14:48.141Z CLI info [testhub:request-queue-handler]  [poulamidatta_OM7YbZ]  [5umxmiipi7lom8eehenlegqydffelzrn4dgkjd08]  [5ccb8831-4b9f-48ba-b939-a6c6a83b78f1]  Added the event {
  event_type: 'LogCreated',
  logs: [
    {
      testFrameworkName: 'TestNG',
      testFrameworkVersion: '7.12.0',
      testFrameworkState: 'LOG',
      timestamp: '2026-04-20T13:14:48.137Z',
      uuid: 'bbde5418-a5da-4f2d-a4d0-11004f9da2bd',
      kind: 'TEST_LOG',
      message: '"Test Skipped PurchaseProduct"',
      level: 'INFO',
      test_run_uuid: 'bbde5418-a5da-4f2d-a4d0-11004f9da2bd'
    }
  ]
} to 620:0
2026-04-20T13:14:48.157Z CLI info [testhub:request-queue-handler]  [poulamidatta_OM7YbZ]  [5umxmiipi7lom8eehenlegqydffelzrn4dgkjd08]  [5ccb8831-4b9f-48ba-b939-a6c6a83b78f1]  Added the event {
  event_type: 'LogCreated',
  logs: [
    {
      testFrameworkName: 'TestNG',
      testFrameworkVersion: '7.12.0',
      testFrameworkState: 'LOG',
      timestamp: '2026-04-20T13:14:48.151Z',
      uuid: '59fae7ac-1a95-4132-ac69-472dd96d3f23',
      kind: 'TEST_LOG',
      message: '"Test Skipped PurchaseProduct"',
      level: 'INFO',
      test_run_uuid: '59fae7ac-1a95-4132-ac69-472dd96d3f23'
    }
  ]
} to 620:0
2026-04-20T13:14:48.193Z CLI warn [TEST REPORTING AND ANALYTICS:java]  [poulamidatta_OM7YbZ]  [5umxmiipi7lom8eehenlegqydffelzrn4dgkjd08]  [5ccb8831-4b9f-48ba-b939-a6c6a83b78f1]  onTestSessionEvent: empty capabilities for driver=616923941
2026-04-20T13:14:48.215Z CLI warn [TEST REPORTING AND ANALYTICS:java:testng]  [poulamidatta_OM7YbZ]  [5umxmiipi7lom8eehenlegqydffelzrn4dgkjd08]  [5ccb8831-4b9f-48ba-b939-a6c6a83b78f1]  makeIntegrations: empty capabilities for driver=616923941
2026-04-20T13:14:48.216Z CLI info [testhub:request-queue-handler]  [poulamidatta_OM7YbZ]  [5umxmiipi7lom8eehenlegqydffelzrn4dgkjd08]  [5ccb8831-4b9f-48ba-b939-a6c6a83b78f1]  Added the event {
  event_type: 'TestRunStarted',
  test_run: {
    type: 'test',
    framework: 'TestNG',
    uuid: 'c9cb6ab3-e284-4e4b-8279-214927e29e39',
    name: 'PurchaseProduct',
    body: {
      lang: 'java',
      code: 'public void AndroidAppiumTests.E2EEcommTests_POM.PurchaseProduct() throws java.lang.InterruptedException'
    },
    identifier: 'PurchaseProduct',
    scope: 'AppiumE2EEcommTest.AndroidAppiumTests.E2EEcommTests_POM',
    scopes: [ 'AppiumE2EEcommTest', 'AndroidAppiumTests.E2EEcommTests_POM' ],
    file_name: 'src\\test\\java\\AndroidAppiumTests\\E2EEcommTests_POM.java',
    vc_filepath: 'eclipse-workspace\\AppiumSession_Cloud\\src\\test\\java\\AndroidAppiumTests\\E2EEcommTests_POM.java',
    location: 'src\\test\\java\\AndroidAppiumTests\\E2EEcommTests_POM.java',
    meta: {},
    result: 'pending',
    duration_in_ms: null,
    started_at: '2026-04-20T13:14:48.184Z',
    failure: undefined,
    failure_type: undefined,
    failure_reason: undefined,
    retry_of: null,
    custom_metadata: {},
    tags: [],
    customRerunParam: { rerun_name: 'LongPressTest-1' },
    hooks: [],
    product_map: {
      observability: true,
      accessibility: false,
      percy: false,
      automate: false,
      app_automate: true,
      lts: false
    }
  },
  logs: []
} to 620:0
2026-04-20T13:14:48.291Z CLI info [testhub:request-queue-handler]  [poulamidatta_OM7YbZ]  [5umxmiipi7lom8eehenlegqydffelzrn4dgkjd08]  [5ccb8831-4b9f-48ba-b939-a6c6a83b78f1]  Added the event {
  event_type: 'LogCreated',
  logs: [
    {
      testFrameworkName: 'TestNG',
      testFrameworkVersion: '7.12.0',
      testFrameworkState: 'LOG',
      timestamp: '2026-04-20T13:14:48.275Z',
      uuid: 'c9cb6ab3-e284-4e4b-8279-214927e29e39',
      kind: 'TEST_LOG',
      message: '"Test Skipped PurchaseProduct"',
      level: 'INFO',
      test_run_uuid: 'c9cb6ab3-e284-4e4b-8279-214927e29e39'
    }
  ]
} to 620:0
2026-04-20T13:14:48.930Z CLI warn [TEST REPORTING AND ANALYTICS:java:testng]  [poulamidatta_OM7YbZ]  [5umxmiipi7lom8eehenlegqydffelzrn4dgkjd08]  [5ccb8831-4b9f-48ba-b939-a6c6a83b78f1]  TestRunFinished: event={"test_hook_last_started":"BEFORE_METHOD","test_failure_type":"UnhandledError","test_rerun_name":"LongPressTest-2","test_result_at":"2026-04-20T18:44:48.153246600","test_scope":"AppiumE2EEcommTest.AndroidAppiumTests.E2EEcommTests_POM","test_framework_name":"TestNG","test_tags":"","cbt_session_created":true,"test_started_at":"2026-04-20T18:44:48.040636800","platform_index":2,"test_failure":[{"backtrace":["org.openqa.selenium.SessionNotCreatedException: Could not start a new session. Possible causes are invalid address of the remote server or browser start-up failure. ","Host info: host: 'DESKTOP-FRC4SK8', ip: '192.168.1.8'","Build info: version: '4.43.0', revision: 'dd0f534'","System info: os.name: 'Windows 11', os.arch: 'amd64', os.version: '10.0', java.version: '21.0.8'","Driver info: io.appium.java_client.android.AndroidDriver","Command: [null, newSession {capabilities=[null]}]","Capabilities {}\r","\tat org.openqa.selenium.remote.RemoteWebDriver.execute(RemoteWebDriver.java:627)\r","\tat io.appium.java_client.AppiumDriver.startSession(AppiumDriver.java:308)\r","\tat org.openqa.selenium.remote.RemoteWebDriver.<init>(RemoteWebDriver.java:213)\r","\tat org.openqa.selenium.remote.RemoteWebDriver.<init>(RemoteWebDriver.java:199)\r","\tat io.appium.java_client.AppiumDriver.<init>(AppiumDriver.java:98)\r","\tat io.appium.java_client.AppiumDriver.<init>(AppiumDriver.java:109)\r","\tat io.appium.java_client.android.AndroidDriver.<init>(AndroidDriver.java:108)\r","\tat BaseTests.EcommBaseTest.setUpDriver(EcommBaseTest.java:65)\r","\tat java.base/jdk.internal.reflect.DirectMethodHandleAccessor.invoke(DirectMethodHandleAccessor.java:103)\r","\tat java.base/java.lang.reflect.Method.invoke(Method.java:580)\r","\tat org.testng.internal.invokers.MethodInvocationHelper.invokeMethod(MethodInvocationHelper.java:141)\r","\tat org.testng.internal.invokers.MethodInvocationHelper.invokeMethodConsideringTimeout(MethodInvocationHelper.java:71)\r","\tat org.testng.internal.invokers.ConfigInvoker.invokeConfigurationMethod(ConfigInvoker.java:400)\r","\tat org.testng.internal.invokers.ConfigInvoker.invokeConfigurations(ConfigInvoker.java:333)\r","\tat org.testng.internal.invokers.TestInvoker.runConfigMethods(TestInvoker.java:846)\r","\tat org.testng.internal.invokers.TestInvoker.invokeMethod(TestInvoker.java:611)\r","\tat org.testng.internal.invokers.TestInvoker.invokeTestMethod(TestInvoker.java:230)\r","\tat org.testng.internal.invokers.MethodRunner.runInSequence(MethodRunner.java:63)\r","\tat org.testng.internal.invokers.TestInvoker$MethodInvocationAgent.invoke(TestInvoker.java:1005)\r","\tat org.testng.internal.invokers.TestInvoker.invokeTestMethods(TestInvoker.java:203)\r","\tat org.testng.internal.invokers.TestMethodWorker.invokeTestMethods(TestMethodWorker.java:154)\r","\tat org.testng.internal.invokers.TestMethodWorker.run(TestMethodWorker.java:134)\r","\tat java.base/java.util.ArrayList.forEach(ArrayList.java:1596)\r","\tat org.testng.TestRunner.privateRun(TestRunner.java:744)\r","\tat org.testng.TestRunner.run(TestRunner.java:616)\r","\tat org.testng.SuiteRunner.runTest(SuiteRunner.java:421)\r","\tat org.testng.SuiteRunner$SuiteWorker.run(SuiteRunner.java:463)\r","\tat org.testng.internal.thread.ThreadUtil.lambda$execute$0(ThreadUtil.java:64)\r","\tat java.base/java.util.concurrent.FutureTask.run(FutureTask.java:317)\r","\tat java.base/java.util.concurrent.ThreadPoolExecutor.runWorker(ThreadPoolExecutor.java:1144)\r","\tat java.base/java.util.concurrent.ThreadPoolExecutor$Worker.run(ThreadPoolExecutor.java:642)\r","\tat java.base/java.lang.Thread.run(Thread.java:1583)\r","Caused by: java.lang.NullPointerException\r","\tat java.base/java.util.stream.ReferencePipeline$3$1.accept(ReferencePipeline.java:197)\r","\tat java.base/java.util.Collections$2.tryAdvance(Collections.java:5073)\r","\tat java.base/java.util.Collections$2.forEachRemaining(Collections.java:5081)\r","\tat java.base/java.util.stream.AbstractPipeline.copyInto(AbstractPipeline.java:509)\r","\tat java.base/java.util.stream.AbstractPipeline.wrapAndCopyInto(AbstractPipeline.java:499)\r","\tat java.base/java.util.stream.ReduceOps$ReduceOp.evaluateSequential(ReduceOps.java:921)\r","\tat java.base/java.util.stream.AbstractPipeline.evaluate(AbstractPipeline.java:234)\r","\tat java.base/java.util.stream.ReferencePipeline.collect(ReferencePipeline.java:682)\r","\tat org.openqa.selenium.remote.NewSessionPayload.create(NewSessionPayload.java:89)\r","\tat org.openqa.selenium.remote.ProtocolHandshake.createSession(ProtocolHandshake.java:60)\r","\tat io.appium.java_client.remote.AppiumCommandExecutor.createSession(AppiumCommandExecutor.java:178)\r","\tat io.appium.java_client.remote.AppiumCommandExecutor.execute(AppiumCommandExecutor.java:243)\r","\tat org.openqa.selenium.remote.RemoteWebDriver.execute(RemoteWebDriver.java:606)\r","\t... 31 more\r"]}],"test_framework_version":"7.12.0","test_logs":[],"test_scopes":["AppiumE2EEcommTest","AndroidAppiumTests.E2EEcommTests_POM"],"test_code":"public void AndroidAppiumTests.E2EEcommTests_POM.PurchaseProduct() throws java.lang.InterruptedException","test_id":"LongPressTest-2@2","test_uuid":"bbde5418-a5da-4f2d-a4d0-11004f9da2bd","test_ended_at":"2026-04-20T18:44:48.159034200","automate_session_name":"LongPressTest-22","test_hook_last_finished":"BEFORE_METHOD","test_session_name":"AndroidAppiumTests.E2EEcommTests_POM-PurchaseProduct","custom_metadata":{},"test_failure_reason":"org.openqa.selenium.SessionNotCreatedException: Could not start a new session. Possible causes are invalid address of the remote server or browser start-up failure. \nHost info: host: 'DESKTOP-FRC4SK8', ip: '192.168.1.8'\nBuild info: version: '4.43.0', revision: 'dd0f534'\nSystem info: os.name: 'Windows 11', os.arch: 'amd64', os.version: '10.0', java.version: '21.0.8'\nDriver info: io.appium.java_client.android.AndroidDriver\nCommand: [null, newSession {capabilities=[null]}]\nCapabilities {}","test_location":"src\\test\\java\\AndroidAppiumTests\\E2EEcommTests_POM.java","test_hooks_started":{"BEFORE_METHOD":[]},"test_file_path":"src\\test\\java\\AndroidAppiumTests\\E2EEcommTests_POM.java","test_result":"skipped","test_hooks_finished":{"BEFORE_METHOD":[{"hook_name":"setUpDriver","hook_result":"skipped","test_file_path":"AppiumSession_Cloud\\src\\test\\java\\AndroidAppiumTests\\E2EEcommTests_POM.java","event_started_at":"2026-04-20T18:44:47.043600200","hook_id":"00ddb2cb-9df1-4e70-b037-43f5ce343ddd","hook_logs":[],"logs":[],"key":"BEFORE_METHOD","custom_metadata":{},"event_ended_at":"2026-04-20T18:44:47.613212100","test_location":"AppiumSession_Cloud\\src\\test\\java\\AndroidAppiumTests\\E2EEcommTests_POM.java"}]},"hook_id":"00ddb2cb-9df1-4e70-b037-43f5ce343ddd","test_meta":{},"isBrowserstackAutomationSession":true,"test_name":"PurchaseProduct","logs":[]}
2026-04-20T13:14:48.941Z CLI info [testhub:request-queue-handler]  [poulamidatta_OM7YbZ]  [5umxmiipi7lom8eehenlegqydffelzrn4dgkjd08]  [5ccb8831-4b9f-48ba-b939-a6c6a83b78f1]  Added the event {
  event_type: 'TestRunFinished',
  test_run: {
    type: 'test',
    framework: 'TestNG',
    uuid: 'bbde5418-a5da-4f2d-a4d0-11004f9da2bd',
    name: 'PurchaseProduct',
    body: {
      lang: 'java',
      code: 'public void AndroidAppiumTests.E2EEcommTests_POM.PurchaseProduct() throws java.lang.InterruptedException'
    },
    identifier: 'PurchaseProduct',
    scope: 'AppiumE2EEcommTest.AndroidAppiumTests.E2EEcommTests_POM',
    scopes: [ 'AppiumE2EEcommTest', 'AndroidAppiumTests.E2EEcommTests_POM' ],
    file_name: 'src\\test\\java\\AndroidAppiumTests\\E2EEcommTests_POM.java',
    vc_filepath: 'eclipse-workspace\\AppiumSession_Cloud\\src\\test\\java\\AndroidAppiumTests\\E2EEcommTests_POM.java',
    location: 'src\\test\\java\\AndroidAppiumTests\\E2EEcommTests_POM.java',
    meta: {},
    result: 'skipped',
    duration_in_ms: 119,
    started_at: '2026-04-20T13:14:48.040Z',
    finished_at: '2026-04-20T13:14:48.159Z',
    failure: [ [Object] ],
    failure_type: 'UnhandledError',
    failure_reason: 'org.openqa.selenium.SessionNotCreatedException: Could not start a new session. Possible causes are invalid address of the remote server or browser start-up failure. \n' +
      "Host info: host: 'DESKTOP-FRC4SK8', ip: '192.168.1.8'\n" +
      "Build info: version: '4.43.0', revision: 'dd0f534'\n" +
      "System info: os.name: 'Windows 11', os.arch: 'amd64', os.version: '10.0', java.version: '21.0.8'\n" +
      'Driver info: io.appium.java_client.android.AndroidDriver\n' +
      'Command: [null, newSession {capabilities=[null]}]\n' +
      'Capabilities {}',
    retry_of: null,
    custom_metadata: {},
    tags: [],
    customRerunParam: { rerun_name: 'LongPressTest-2' },
    hooks: [ '00ddb2cb-9df1-4e70-b037-43f5ce343ddd' ],
    product_map: {
      observability: true,
      accessibility: false,
      percy: false,
      automate: false,
      app_automate: true,
      lts: false
    }
  },
  logs: []
} to 620:0
2026-04-20T13:14:49.211Z CLI warn [TEST REPORTING AND ANALYTICS:java]  [poulamidatta_OM7YbZ]  [5umxmiipi7lom8eehenlegqydffelzrn4dgkjd08]  [5ccb8831-4b9f-48ba-b939-a6c6a83b78f1]  onTestSessionEvent: empty capabilities for driver=616923963
2026-04-20T13:14:49.231Z CLI info [testhub:request-queue-handler]  [poulamidatta_OM7YbZ]  [5umxmiipi7lom8eehenlegqydffelzrn4dgkjd08]  [5ccb8831-4b9f-48ba-b939-a6c6a83b78f1]  Added the event {
  event_type: 'HookRunStarted',
  hook_run: {
    type: 'hook',
    hook_type: 'AFTER_METHOD',
    framework: 'TestNG',
    uuid: '7ee78881-d1f0-4702-bfee-bc44f5eca648',
    name: 'quitDriver',
    result: 'pending',
    test_run_id: 'bbde5418-a5da-4f2d-a4d0-11004f9da2bd',
    body: { lang: 'java', code: null },
    scope: 'AppiumE2EEcommTest.AndroidAppiumTests.E2EEcommTests_POM',
    custom_metadata: {},
    tags: [],
    scopes: [ 'AppiumE2EEcommTest', 'AndroidAppiumTests.E2EEcommTests_POM' ],
    file_name: 'AppiumSession_Cloud\\src\\test\\java\\AndroidAppiumTests\\E2EEcommTests_POM.java',
    vc_filepath: 'eclipse-workspace\\AppiumSession_Cloud\\AppiumSession_Cloud\\src\\test\\java\\AndroidAppiumTests\\E2EEcommTests_POM.java',
    location: 'AppiumSession_Cloud\\src\\test\\java\\AndroidAppiumTests\\E2EEcommTests_POM.java',
    started_at: '2026-04-20T13:14:49.204Z'
  },
  logs: []
} to 620:0
2026-04-20T13:14:49.578Z CLI info [testhub:request-queue-handler]  [poulamidatta_OM7YbZ]  [5umxmiipi7lom8eehenlegqydffelzrn4dgkjd08]  [5ccb8831-4b9f-48ba-b939-a6c6a83b78f1]  Added the event {
  event_type: 'HookRunFinished',
  hook_run: {
    type: 'hook',
    hook_type: 'AFTER_METHOD',
    framework: 'TestNG',
    uuid: '7ee78881-d1f0-4702-bfee-bc44f5eca648',
    name: 'quitDriver',
    result: 'skipped',
    test_run_id: 'bbde5418-a5da-4f2d-a4d0-11004f9da2bd',
    body: { lang: 'java', code: null },
    scope: 'AppiumE2EEcommTest.AndroidAppiumTests.E2EEcommTests_POM',
    custom_metadata: {},
    tags: [],
    scopes: [ 'AppiumE2EEcommTest', 'AndroidAppiumTests.E2EEcommTests_POM' ],
    file_name: 'AppiumSession_Cloud\\src\\test\\java\\AndroidAppiumTests\\E2EEcommTests_POM.java',
    vc_filepath: 'eclipse-workspace\\AppiumSession_Cloud\\AppiumSession_Cloud\\src\\test\\java\\AndroidAppiumTests\\E2EEcommTests_POM.java',
    location: 'AppiumSession_Cloud\\src\\test\\java\\AndroidAppiumTests\\E2EEcommTests_POM.java',
    started_at: '2026-04-20T13:14:49.204Z',
    finished_at: '2026-04-20T13:14:49.543Z'
  },
  logs: []
} to 620:0
2026-04-20T13:14:49.775Z CLI warn [TEST REPORTING AND ANALYTICS:java:testng]  [poulamidatta_OM7YbZ]  [5umxmiipi7lom8eehenlegqydffelzrn4dgkjd08]  [5ccb8831-4b9f-48ba-b939-a6c6a83b78f1]  TestRunFinished: event={"test_hook_last_started":"BEFORE_METHOD","test_failure_type":"UnhandledError","test_rerun_name":"LongPressTest-0","test_result_at":"2026-04-20T18:44:48.172011700","test_scope":"AppiumE2EEcommTest.AndroidAppiumTests.E2EEcommTests_POM","test_framework_name":"TestNG","test_tags":"","cbt_session_created":true,"test_started_at":"2026-04-20T18:44:48.037625200","platform_index":0,"test_failure":[{"backtrace":["org.openqa.selenium.SessionNotCreatedException: Could not start a new session. Possible causes are invalid address of the remote server or browser start-up failure. ","Host info: host: 'DESKTOP-FRC4SK8', ip: '192.168.1.8'","Build info: version: '4.43.0', revision: 'dd0f534'","System info: os.name: 'Windows 11', os.arch: 'amd64', os.version: '10.0', java.version: '21.0.8'","Driver info: io.appium.java_client.android.AndroidDriver","Command: [null, newSession {capabilities=[null]}]","Capabilities {}\r","\tat org.openqa.selenium.remote.RemoteWebDriver.execute(RemoteWebDriver.java:627)\r","\tat io.appium.java_client.AppiumDriver.startSession(AppiumDriver.java:308)\r","\tat org.openqa.selenium.remote.RemoteWebDriver.<init>(RemoteWebDriver.java:213)\r","\tat org.openqa.selenium.remote.RemoteWebDriver.<init>(RemoteWebDriver.java:199)\r","\tat io.appium.java_client.AppiumDriver.<init>(AppiumDriver.java:98)\r","\tat io.appium.java_client.AppiumDriver.<init>(AppiumDriver.java:109)\r","\tat io.appium.java_client.android.AndroidDriver.<init>(AndroidDriver.java:108)\r","\tat BaseTests.EcommBaseTest.setUpDriver(EcommBaseTest.java:65)\r","\tat java.base/jdk.internal.reflect.DirectMethodHandleAccessor.invoke(DirectMethodHandleAccessor.java:103)\r","\tat java.base/java.lang.reflect.Method.invoke(Method.java:580)\r","\tat org.testng.internal.invokers.MethodInvocationHelper.invokeMethod(MethodInvocationHelper.java:141)\r","\tat org.testng.internal.invokers.MethodInvocationHelper.invokeMethodConsideringTimeout(MethodInvocationHelper.java:71)\r","\tat org.testng.internal.invokers.ConfigInvoker.invokeConfigurationMethod(ConfigInvoker.java:400)\r","\tat org.testng.internal.invokers.ConfigInvoker.invokeConfigurations(ConfigInvoker.java:333)\r","\tat org.testng.internal.invokers.TestInvoker.runConfigMethods(TestInvoker.java:846)\r","\tat org.testng.internal.invokers.TestInvoker.invokeMethod(TestInvoker.java:611)\r","\tat org.testng.internal.invokers.TestInvoker.invokeTestMethod(TestInvoker.java:230)\r","\tat org.testng.internal.invokers.MethodRunner.runInSequence(MethodRunner.java:63)\r","\tat org.testng.internal.invokers.TestInvoker$MethodInvocationAgent.invoke(TestInvoker.java:1005)\r","\tat org.testng.internal.invokers.TestInvoker.invokeTestMethods(TestInvoker.java:203)\r","\tat org.testng.internal.invokers.TestMethodWorker.invokeTestMethods(TestMethodWorker.java:154)\r","\tat org.testng.internal.invokers.TestMethodWorker.run(TestMethodWorker.java:134)\r","\tat java.base/java.util.ArrayList.forEach(ArrayList.java:1596)\r","\tat org.testng.TestRunner.privateRun(TestRunner.java:744)\r","\tat org.testng.TestRunner.run(TestRunner.java:616)\r","\tat org.testng.SuiteRunner.runTest(SuiteRunner.java:421)\r","\tat org.testng.SuiteRunner$SuiteWorker.run(SuiteRunner.java:463)\r","\tat org.testng.internal.thread.ThreadUtil.lambda$execute$0(ThreadUtil.java:64)\r","\tat java.base/java.util.concurrent.FutureTask.run(FutureTask.java:317)\r","\tat java.base/java.util.concurrent.ThreadPoolExecutor.runWorker(ThreadPoolExecutor.java:1144)\r","\tat java.base/java.util.concurrent.ThreadPoolExecutor$Worker.run(ThreadPoolExecutor.java:642)\r","\tat java.base/java.lang.Thread.run(Thread.java:1583)\r","Caused by: java.lang.NullPointerException\r","\tat java.base/java.util.stream.ReferencePipeline$3$1.accept(ReferencePipeline.java:197)\r","\tat java.base/java.util.Collections$2.tryAdvance(Collections.java:5073)\r","\tat java.base/java.util.Collections$2.forEachRemaining(Collections.java:5081)\r","\tat java.base/java.util.stream.AbstractPipeline.copyInto(AbstractPipeline.java:509)\r","\tat java.base/java.util.stream.AbstractPipeline.wrapAndCopyInto(AbstractPipeline.java:499)\r","\tat java.base/java.util.stream.ReduceOps$ReduceOp.evaluateSequential(ReduceOps.java:921)\r","\tat java.base/java.util.stream.AbstractPipeline.evaluate(AbstractPipeline.java:234)\r","\tat java.base/java.util.stream.ReferencePipeline.collect(ReferencePipeline.java:682)\r","\tat org.openqa.selenium.remote.NewSessionPayload.create(NewSessionPayload.java:89)\r","\tat org.openqa.selenium.remote.ProtocolHandshake.createSession(ProtocolHandshake.java:60)\r","\tat io.appium.java_client.remote.AppiumCommandExecutor.createSession(AppiumCommandExecutor.java:178)\r","\tat io.appium.java_client.remote.AppiumCommandExecutor.execute(AppiumCommandExecutor.java:243)\r","\tat org.openqa.selenium.remote.RemoteWebDriver.execute(RemoteWebDriver.java:606)\r","\t... 31 more\r"]}],"test_framework_version":"7.12.0","test_logs":[],"test_scopes":["AppiumE2EEcommTest","AndroidAppiumTests.E2EEcommTests_POM"],"test_code":"public void AndroidAppiumTests.E2EEcommTests_POM.PurchaseProduct() throws java.lang.InterruptedException","test_id":"LongPressTest-0@0","test_uuid":"59fae7ac-1a95-4132-ac69-472dd96d3f23","test_ended_at":"2026-04-20T18:44:48.185607","automate_session_name":"LongPressTest-00","test_hook_last_finished":"BEFORE_METHOD","test_session_name":"AndroidAppiumTests.E2EEcommTests_POM-PurchaseProduct","custom_metadata":{},"test_failure_reason":"org.openqa.selenium.SessionNotCreatedException: Could not start a new session. Possible causes are invalid address of the remote server or browser start-up failure. \nHost info: host: 'DESKTOP-FRC4SK8', ip: '192.168.1.8'\nBuild info: version: '4.43.0', revision: 'dd0f534'\nSystem info: os.name: 'Windows 11', os.arch: 'amd64', os.version: '10.0', java.version: '21.0.8'\nDriver info: io.appium.java_client.android.AndroidDriver\nCommand: [null, newSession {capabilities=[null]}]\nCapabilities {}","test_location":"src\\test\\java\\AndroidAppiumTests\\E2EEcommTests_POM.java","test_hooks_started":{"BEFORE_METHOD":[]},"test_file_path":"src\\test\\java\\AndroidAppiumTests\\E2EEcommTests_POM.java","test_result":"skipped","test_hooks_finished":{"BEFORE_METHOD":[{"hook_name":"setUpDriver","hook_result":"skipped","test_file_path":"AppiumSession_Cloud\\src\\test\\java\\AndroidAppiumTests\\E2EEcommTests_POM.java","event_started_at":"2026-04-20T18:44:47.046829500","hook_id":"534244fa-23df-4941-951a-90ba241003df","hook_logs":[],"logs":[],"key":"BEFORE_METHOD","custom_metadata":{},"event_ended_at":"2026-04-20T18:44:47.595718200","test_location":"AppiumSession_Cloud\\src\\test\\java\\AndroidAppiumTests\\E2EEcommTests_POM.java"}]},"hook_id":"534244fa-23df-4941-951a-90ba241003df","test_meta":{},"isBrowserstackAutomationSession":true,"test_name":"PurchaseProduct","logs":[]}
2026-04-20T13:14:49.786Z CLI info [testhub:request-queue-handler]  [poulamidatta_OM7YbZ]  [5umxmiipi7lom8eehenlegqydffelzrn4dgkjd08]  [5ccb8831-4b9f-48ba-b939-a6c6a83b78f1]  Added the event {
  event_type: 'TestRunFinished',
  test_run: {
    type: 'test',
    framework: 'TestNG',
    uuid: '59fae7ac-1a95-4132-ac69-472dd96d3f23',
    name: 'PurchaseProduct',
    body: {
      lang: 'java',
      code: 'public void AndroidAppiumTests.E2EEcommTests_POM.PurchaseProduct() throws java.lang.InterruptedException'
    },
    identifier: 'PurchaseProduct',
    scope: 'AppiumE2EEcommTest.AndroidAppiumTests.E2EEcommTests_POM',
    scopes: [ 'AppiumE2EEcommTest', 'AndroidAppiumTests.E2EEcommTests_POM' ],
    file_name: 'src\\test\\java\\AndroidAppiumTests\\E2EEcommTests_POM.java',
    vc_filepath: 'eclipse-workspace\\AppiumSession_Cloud\\src\\test\\java\\AndroidAppiumTests\\E2EEcommTests_POM.java',
    location: 'src\\test\\java\\AndroidAppiumTests\\E2EEcommTests_POM.java',
    meta: {},
    result: 'skipped',
    duration_in_ms: 148,
    started_at: '2026-04-20T13:14:48.037Z',
    finished_at: '2026-04-20T13:14:48.185Z',
    failure: [ [Object] ],
    failure_type: 'UnhandledError',
    failure_reason: 'org.openqa.selenium.SessionNotCreatedException: Could not start a new session. Possible causes are invalid address of the remote server or browser start-up failure. \n' +
      "Host info: host: 'DESKTOP-FRC4SK8', ip: '192.168.1.8'\n" +
      "Build info: version: '4.43.0', revision: 'dd0f534'\n" +
      "System info: os.name: 'Windows 11', os.arch: 'amd64', os.version: '10.0', java.version: '21.0.8'\n" +
      'Driver info: io.appium.java_client.android.AndroidDriver\n' +
      'Command: [null, newSession {capabilities=[null]}]\n' +
      'Capabilities {}',
    retry_of: null,
    custom_metadata: {},
    tags: [],
    customRerunParam: { rerun_name: 'LongPressTest-0' },
    hooks: [ '534244fa-23df-4941-951a-90ba241003df' ],
    product_map: {
      observability: true,
      accessibility: false,
      percy: false,
      automate: false,
      app_automate: true,
      lts: false
    }
  },
  logs: []
} to 620:0
2026-04-20T13:14:49.915Z CLI warn [TEST REPORTING AND ANALYTICS:java:testng]  [poulamidatta_OM7YbZ]  [5umxmiipi7lom8eehenlegqydffelzrn4dgkjd08]  [5ccb8831-4b9f-48ba-b939-a6c6a83b78f1]  TestRunFinished: event={"test_hook_last_started":"BEFORE_METHOD","test_failure_type":"UnhandledError","test_rerun_name":"LongPressTest-1","test_result_at":"2026-04-20T18:44:48.312484900","test_scope":"AppiumE2EEcommTest.AndroidAppiumTests.E2EEcommTests_POM","test_framework_name":"TestNG","test_tags":"","cbt_session_created":true,"test_started_at":"2026-04-20T18:44:48.184607600","platform_index":1,"test_failure":[{"backtrace":["org.openqa.selenium.SessionNotCreatedException: Could not start a new session. Possible causes are invalid address of the remote server or browser start-up failure. ","Host info: host: 'DESKTOP-FRC4SK8', ip: '192.168.1.8'","Build info: version: '4.43.0', revision: 'dd0f534'","System info: os.name: 'Windows 11', os.arch: 'amd64', os.version: '10.0', java.version: '21.0.8'","Driver info: io.appium.java_client.android.AndroidDriver","Command: [null, newSession {capabilities=[null]}]","Capabilities {}\r","\tat org.openqa.selenium.remote.RemoteWebDriver.execute(RemoteWebDriver.java:627)\r","\tat io.appium.java_client.AppiumDriver.startSession(AppiumDriver.java:308)\r","\tat org.openqa.selenium.remote.RemoteWebDriver.<init>(RemoteWebDriver.java:213)\r","\tat org.openqa.selenium.remote.RemoteWebDriver.<init>(RemoteWebDriver.java:199)\r","\tat io.appium.java_client.AppiumDriver.<init>(AppiumDriver.java:98)\r","\tat io.appium.java_client.AppiumDriver.<init>(AppiumDriver.java:109)\r","\tat io.appium.java_client.android.AndroidDriver.<init>(AndroidDriver.java:108)\r","\tat BaseTests.EcommBaseTest.setUpDriver(EcommBaseTest.java:65)\r","\tat java.base/jdk.internal.reflect.DirectMethodHandleAccessor.invoke(DirectMethodHandleAccessor.java:103)\r","\tat java.base/java.lang.reflect.Method.invoke(Method.java:580)\r","\tat org.testng.internal.invokers.MethodInvocationHelper.invokeMethod(MethodInvocationHelper.java:141)\r","\tat org.testng.internal.invokers.MethodInvocationHelper.invokeMethodConsideringTimeout(MethodInvocationHelper.java:71)\r","\tat org.testng.internal.invokers.ConfigInvoker.invokeConfigurationMethod(ConfigInvoker.java:400)\r","\tat org.testng.internal.invokers.ConfigInvoker.invokeConfigurations(ConfigInvoker.java:333)\r","\tat org.testng.internal.invokers.TestInvoker.runConfigMethods(TestInvoker.java:846)\r","\tat org.testng.internal.invokers.TestInvoker.invokeMethod(TestInvoker.java:611)\r","\tat org.testng.internal.invokers.TestInvoker.invokeTestMethod(TestInvoker.java:230)\r","\tat org.testng.internal.invokers.MethodRunner.runInSequence(MethodRunner.java:63)\r","\tat org.testng.internal.invokers.TestInvoker$MethodInvocationAgent.invoke(TestInvoker.java:1005)\r","\tat org.testng.internal.invokers.TestInvoker.invokeTestMethods(TestInvoker.java:203)\r","\tat org.testng.internal.invokers.TestMethodWorker.invokeTestMethods(TestMethodWorker.java:154)\r","\tat org.testng.internal.invokers.TestMethodWorker.run(TestMethodWorker.java:134)\r","\tat java.base/java.util.ArrayList.forEach(ArrayList.java:1596)\r","\tat org.testng.TestRunner.privateRun(TestRunner.java:744)\r","\tat org.testng.TestRunner.run(TestRunner.java:616)\r","\tat org.testng.SuiteRunner.runTest(SuiteRunner.java:421)\r","\tat org.testng.SuiteRunner$SuiteWorker.run(SuiteRunner.java:463)\r","\tat org.testng.internal.thread.ThreadUtil.lambda$execute$0(ThreadUtil.java:64)\r","\tat java.base/java.util.concurrent.FutureTask.run(FutureTask.java:317)\r","\tat java.base/java.util.concurrent.ThreadPoolExecutor.runWorker(ThreadPoolExecutor.java:1144)\r","\tat java.base/java.util.concurrent.ThreadPoolExecutor$Worker.run(ThreadPoolExecutor.java:642)\r","\tat java.base/java.lang.Thread.run(Thread.java:1583)\r","Caused by: java.lang.NullPointerException\r","\tat java.base/java.util.stream.ReferencePipeline$3$1.accept(ReferencePipeline.java:197)\r","\tat java.base/java.util.Collections$2.tryAdvance(Collections.java:5073)\r","\tat java.base/java.util.Collections$2.forEachRemaining(Collections.java:5081)\r","\tat java.base/java.util.stream.AbstractPipeline.copyInto(AbstractPipeline.java:509)\r","\tat java.base/java.util.stream.AbstractPipeline.wrapAndCopyInto(AbstractPipeline.java:499)\r","\tat java.base/java.util.stream.ReduceOps$ReduceOp.evaluateSequential(ReduceOps.java:921)\r","\tat java.base/java.util.stream.AbstractPipeline.evaluate(AbstractPipeline.java:234)\r","\tat java.base/java.util.stream.ReferencePipeline.collect(ReferencePipeline.java:682)\r","\tat org.openqa.selenium.remote.NewSessionPayload.create(NewSessionPayload.java:89)\r","\tat org.openqa.selenium.remote.ProtocolHandshake.createSession(ProtocolHandshake.java:60)\r","\tat io.appium.java_client.remote.AppiumCommandExecutor.createSession(AppiumCommandExecutor.java:178)\r","\tat io.appium.java_client.remote.AppiumCommandExecutor.execute(AppiumCommandExecutor.java:243)\r","\tat org.openqa.selenium.remote.RemoteWebDriver.execute(RemoteWebDriver.java:606)\r","\t... 31 more\r"]}],"test_framework_version":"7.12.0","test_logs":[],"test_scopes":["AppiumE2EEcommTest","AndroidAppiumTests.E2EEcommTests_POM"],"test_code":"public void AndroidAppiumTests.E2EEcommTests_POM.PurchaseProduct() throws java.lang.InterruptedException","test_id":"LongPressTest-1@1","test_uuid":"c9cb6ab3-e284-4e4b-8279-214927e29e39","test_ended_at":"2026-04-20T18:44:48.319079100","automate_session_name":"LongPressTest-11","test_hook_last_finished":"BEFORE_METHOD","test_session_name":"AndroidAppiumTests.E2EEcommTests_POM-PurchaseProduct","custom_metadata":{},"test_failure_reason":"org.openqa.selenium.SessionNotCreatedException: Could not start a new session. Possible causes are invalid address of the remote server or browser start-up failure. \nHost info: host: 'DESKTOP-FRC4SK8', ip: '192.168.1.8'\nBuild info: version: '4.43.0', revision: 'dd0f534'\nSystem info: os.name: 'Windows 11', os.arch: 'amd64', os.version: '10.0', java.version: '21.0.8'\nDriver info: io.appium.java_client.android.AndroidDriver\nCommand: [null, newSession {capabilities=[null]}]\nCapabilities {}","test_location":"src\\test\\java\\AndroidAppiumTests\\E2EEcommTests_POM.java","test_hooks_started":{"BEFORE_METHOD":[]},"test_file_path":"src\\test\\java\\AndroidAppiumTests\\E2EEcommTests_POM.java","test_result":"skipped","test_hooks_finished":{"BEFORE_METHOD":[{"hook_name":"setUpDriver","hook_result":"skipped","test_file_path":"AppiumSession_Cloud\\src\\test\\java\\AndroidAppiumTests\\E2EEcommTests_POM.java","event_started_at":"2026-04-20T18:44:47.299252500","hook_id":"82b2de37-e702-43a9-9668-1b0488912e4c","hook_logs":[],"logs":[],"key":"BEFORE_METHOD","custom_metadata":{},"event_ended_at":"2026-04-20T18:44:47.910636300","test_location":"AppiumSession_Cloud\\src\\test\\java\\AndroidAppiumTests\\E2EEcommTests_POM.java"}]},"hook_id":"82b2de37-e702-43a9-9668-1b0488912e4c","test_meta":{},"isBrowserstackAutomationSession":true,"test_name":"PurchaseProduct","logs":[]}
2026-04-20T13:14:49.921Z CLI info [testhub:request-queue-handler]  [poulamidatta_OM7YbZ]  [5umxmiipi7lom8eehenlegqydffelzrn4dgkjd08]  [5ccb8831-4b9f-48ba-b939-a6c6a83b78f1]  Added the event {
  event_type: 'TestRunFinished',
  test_run: {
    type: 'test',
    framework: 'TestNG',
    uuid: 'c9cb6ab3-e284-4e4b-8279-214927e29e39',
    name: 'PurchaseProduct',
    body: {
      lang: 'java',
      code: 'public void AndroidAppiumTests.E2EEcommTests_POM.PurchaseProduct() throws java.lang.InterruptedException'
    },
    identifier: 'PurchaseProduct',
    scope: 'AppiumE2EEcommTest.AndroidAppiumTests.E2EEcommTests_POM',
    scopes: [ 'AppiumE2EEcommTest', 'AndroidAppiumTests.E2EEcommTests_POM' ],
    file_name: 'src\\test\\java\\AndroidAppiumTests\\E2EEcommTests_POM.java',
    vc_filepath: 'eclipse-workspace\\AppiumSession_Cloud\\src\\test\\java\\AndroidAppiumTests\\E2EEcommTests_POM.java',
    location: 'src\\test\\java\\AndroidAppiumTests\\E2EEcommTests_POM.java',
    meta: {},
    result: 'skipped',
    duration_in_ms: 135,
    started_at: '2026-04-20T13:14:48.184Z',
    finished_at: '2026-04-20T13:14:48.319Z',
    failure: [ [Object] ],
    failure_type: 'UnhandledError',
    failure_reason: 'org.openqa.selenium.SessionNotCreatedException: Could not start a new session. Possible causes are invalid address of the remote server or browser start-up failure. \n' +
      "Host info: host: 'DESKTOP-FRC4SK8', ip: '192.168.1.8'\n" +
      "Build info: version: '4.43.0', revision: 'dd0f534'\n" +
      "System info: os.name: 'Windows 11', os.arch: 'amd64', os.version: '10.0', java.version: '21.0.8'\n" +
      'Driver info: io.appium.java_client.android.AndroidDriver\n' +
      'Command: [null, newSession {capabilities=[null]}]\n' +
      'Capabilities {}',
    retry_of: null,
    custom_metadata: {},
    tags: [],
    customRerunParam: { rerun_name: 'LongPressTest-1' },
    hooks: [ '82b2de37-e702-43a9-9668-1b0488912e4c' ],
    product_map: {
      observability: true,
      accessibility: false,
      percy: false,
      automate: false,
      app_automate: true,
      lts: false
    }
  },
  logs: []
} to 620:0
2026-04-20T13:14:49.935Z CLI warn [TEST REPORTING AND ANALYTICS:java]  [poulamidatta_OM7YbZ]  [5umxmiipi7lom8eehenlegqydffelzrn4dgkjd08]  [5ccb8831-4b9f-48ba-b939-a6c6a83b78f1]  onTestSessionEvent: empty capabilities for driver=616923963
2026-04-20T13:14:49.960Z CLI info [testhub:request-queue-handler]  [poulamidatta_OM7YbZ]  [5umxmiipi7lom8eehenlegqydffelzrn4dgkjd08]  [5ccb8831-4b9f-48ba-b939-a6c6a83b78f1]  Added the event {
  event_type: 'HookRunStarted',
  hook_run: {
    type: 'hook',
    hook_type: 'AFTER_CLASS',
    framework: 'TestNG',
    uuid: 'd9c29918-9ab6-433e-aba3-eaefea360e11',
    name: 'tearDown',
    result: 'pending',
    test_run_id: 'bbde5418-a5da-4f2d-a4d0-11004f9da2bd',
    body: { lang: 'java', code: null },
    scope: 'AppiumE2EEcommTest.AndroidAppiumTests.E2EEcommTests_POM',
    custom_metadata: {},
    tags: [],
    scopes: [ 'AppiumE2EEcommTest', 'AndroidAppiumTests.E2EEcommTests_POM' ],
    file_name: 'AppiumSession_Cloud\\src\\test\\java\\AndroidAppiumTests\\E2EEcommTests_POM.java',
    vc_filepath: 'eclipse-workspace\\AppiumSession_Cloud\\AppiumSession_Cloud\\src\\test\\java\\AndroidAppiumTests\\E2EEcommTests_POM.java',
    location: 'AppiumSession_Cloud\\src\\test\\java\\AndroidAppiumTests\\E2EEcommTests_POM.java',
    started_at: '2026-04-20T13:14:49.919Z'
  },
  logs: []
} to 620:0
2026-04-20T13:14:49.973Z CLI info [testhub:request-queue-handler]  [poulamidatta_OM7YbZ]  [5umxmiipi7lom8eehenlegqydffelzrn4dgkjd08]  [5ccb8831-4b9f-48ba-b939-a6c6a83b78f1]  Processing batch event [
  {
    event_type: 'TestRunStarted',
    test_run: {
      type: 'test',
      framework: 'TestNG',
      uuid: '59fae7ac-1a95-4132-ac69-472dd96d3f23',
      name: 'PurchaseProduct',
      body: {
        lang: 'java',
        code: 'public void AndroidAppiumTests.E2EEcommTests_POM.PurchaseProduct() throws java.lang.InterruptedException'
      },
      identifier: 'PurchaseProduct',
      scope: 'AppiumE2EEcommTest.AndroidAppiumTests.E2EEcommTests_POM',
      scopes: [ 'AppiumE2EEcommTest', 'AndroidAppiumTests.E2EEcommTests_POM' ],
      file_name: 'src\\test\\java\\AndroidAppiumTests\\E2EEcommTests_POM.java',
      vc_filepath: 'eclipse-workspace\\AppiumSession_Cloud\\src\\test\\java\\AndroidAppiumTests\\E2EEcommTests_POM.java',
      location: 'src\\test\\java\\AndroidAppiumTests\\E2EEcommTests_POM.java',
      meta: {},
      result: 'pending',
      duration_in_ms: null,
      started_at: '2026-04-20T13:14:48.037Z',
      failure: undefined,
      failure_type: undefined,
      failure_reason: undefined,
      retry_of: null,
      custom_metadata: {},
      tags: [],
      customRerunParam: { rerun_name: 'LongPressTest-0' },
      hooks: [],
      product_map: {
        observability: true,
        accessibility: false,
        percy: false,
        automate: false,
        app_automate: true,
        lts: false
      }
    },
    logs: []
  },
  {
    event_type: 'TestRunStarted',
    test_run: {
      type: 'test',
      framework: 'TestNG',
      uuid: 'bbde5418-a5da-4f2d-a4d0-11004f9da2bd',
      name: 'PurchaseProduct',
      body: {
        lang: 'java',
        code: 'public void AndroidAppiumTests.E2EEcommTests_POM.PurchaseProduct() throws java.lang.InterruptedException'
      },
      identifier: 'PurchaseProduct',
      scope: 'AppiumE2EEcommTest.AndroidAppiumTests.E2EEcommTests_POM',
      scopes: [ 'AppiumE2EEcommTest', 'AndroidAppiumTests.E2EEcommTests_POM' ],
      file_name: 'src\\test\\java\\AndroidAppiumTests\\E2EEcommTests_POM.java',
      vc_filepath: 'eclipse-workspace\\AppiumSession_Cloud\\src\\test\\java\\AndroidAppiumTests\\E2EEcommTests_POM.java',
      location: 'src\\test\\java\\AndroidAppiumTests\\E2EEcommTests_POM.java',
      meta: {},
      result: 'pending',
      duration_in_ms: null,
      started_at: '2026-04-20T13:14:48.040Z',
      failure: undefined,
      failure_type: undefined,
      failure_reason: undefined,
      retry_of: null,
      custom_metadata: {},
      tags: [],
      customRerunParam: { rerun_name: 'LongPressTest-2' },
      hooks: [],
      product_map: {
        observability: true,
        accessibility: false,
        percy: false,
        automate: false,
        app_automate: true,
        lts: false
      }
    },
    logs: []
  },
  {
    event_type: 'LogCreated',
    logs: [
      {
        testFrameworkName: 'TestNG',
        testFrameworkVersion: '7.12.0',
        testFrameworkState: 'LOG',
        timestamp: '2026-04-20T13:14:48.137Z',
        uuid: 'bbde5418-a5da-4f2d-a4d0-11004f9da2bd',
        kind: 'TEST_LOG',
        message: '"Test Skipped PurchaseProduct"',
        level: 'INFO',
        test_run_uuid: 'bbde5418-a5da-4f2d-a4d0-11004f9da2bd'
      }
    ]
  },
  {
    event_type: 'LogCreated',
    logs: [
      {
        testFrameworkName: 'TestNG',
        testFrameworkVersion: '7.12.0',
        testFrameworkState: 'LOG',
        timestamp: '2026-04-20T13:14:48.151Z',
        uuid: '59fae7ac-1a95-4132-ac69-472dd96d3f23',
        kind: 'TEST_LOG',
        message: '"Test Skipped PurchaseProduct"',
        level: 'INFO',
        test_run_uuid: '59fae7ac-1a95-4132-ac69-472dd96d3f23'
      }
    ]
  },
  {
    event_type: 'TestRunStarted',
    test_run: {
      type: 'test',
      framework: 'TestNG',
      uuid: 'c9cb6ab3-e284-4e4b-8279-214927e29e39',
      name: 'PurchaseProduct',
      body: {
        lang: 'java',
        code: 'public void AndroidAppiumTests.E2EEcommTests_POM.PurchaseProduct() throws java.lang.InterruptedException'
      },
      identifier: 'PurchaseProduct',
      scope: 'AppiumE2EEcommTest.AndroidAppiumTests.E2EEcommTests_POM',
      scopes: [ 'AppiumE2EEcommTest', 'AndroidAppiumTests.E2EEcommTests_POM' ],
      file_name: 'src\\test\\java\\AndroidAppiumTests\\E2EEcommTests_POM.java',
      vc_filepath: 'eclipse-workspace\\AppiumSession_Cloud\\src\\test\\java\\AndroidAppiumTests\\E2EEcommTests_POM.java',
      location: 'src\\test\\java\\AndroidAppiumTests\\E2EEcommTests_POM.java',
      meta: {},
      result: 'pending',
      duration_in_ms: null,
      started_at: '2026-04-20T13:14:48.184Z',
      failure: undefined,
      failure_type: undefined,
      failure_reason: undefined,
      retry_of: null,
      custom_metadata: {},
      tags: [],
      customRerunParam: { rerun_name: 'LongPressTest-1' },
      hooks: [],
      product_map: {
        observability: true,
        accessibility: false,
        percy: false,
        automate: false,
        app_automate: true,
        lts: false
      }
    },
    logs: []
  },
  {
    event_type: 'LogCreated',
    logs: [
      {
        testFrameworkName: 'TestNG',
        testFrameworkVersion: '7.12.0',
        testFrameworkState: 'LOG',
        timestamp: '2026-04-20T13:14:48.275Z',
        uuid: 'c9cb6ab3-e284-4e4b-8279-214927e29e39',
        kind: 'TEST_LOG',
        message: '"Test Skipped PurchaseProduct"',
        level: 'INFO',
        test_run_uuid: 'c9cb6ab3-e284-4e4b-8279-214927e29e39'
      }
    ]
  },
  {
    event_type: 'TestRunFinished',
    test_run: {
      type: 'test',
      framework: 'TestNG',
      uuid: 'bbde5418-a5da-4f2d-a4d0-11004f9da2bd',
      name: 'PurchaseProduct',
      body: {
        lang: 'java',
        code: 'public void AndroidAppiumTests.E2EEcommTests_POM.PurchaseProduct() throws java.lang.InterruptedException'
      },
      identifier: 'PurchaseProduct',
      scope: 'AppiumE2EEcommTest.AndroidAppiumTests.E2EEcommTests_POM',
      scopes: [ 'AppiumE2EEcommTest', 'AndroidAppiumTests.E2EEcommTests_POM' ],
      file_name: 'src\\test\\java\\AndroidAppiumTests\\E2EEcommTests_POM.java',
      vc_filepath: 'eclipse-workspace\\AppiumSession_Cloud\\src\\test\\java\\AndroidAppiumTests\\E2EEcommTests_POM.java',
      location: 'src\\test\\java\\AndroidAppiumTests\\E2EEcommTests_POM.java',
      meta: {},
      result: 'skipped',
      duration_in_ms: 119,
      started_at: '2026-04-20T13:14:48.040Z',
      finished_at: '2026-04-20T13:14:48.159Z',
      failure: [
        {
          backtrace: [
            'org.openqa.selenium.SessionNotCreatedException: Could not start a new session. Possible causes are invalid address of the remote server or browser start-up failure. ',
            "Host info: host: 'DESKTOP-FRC4SK8', ip: '192.168.1.8'",
            "Build info: version: '4.43.0', revision: 'dd0f534'",
            "System info: os.name: 'Windows 11', os.arch: 'amd64', os.version: '10.0', java.version: '21.0.8'",
            'Driver info: io.appium.java_client.android.AndroidDriver',
            'Command: [null, newSession {capabilities=[null]}]',
            'Capabilities {}\r',
            '\tat org.openqa.selenium.remote.RemoteWebDriver.execute(RemoteWebDriver.java:627)\r',
            '\tat io.appium.java_client.AppiumDriver.startSession(AppiumDriver.java:308)\r',
            '\tat org.openqa.selenium.remote.RemoteWebDriver.<init>(RemoteWebDriver.java:213)\r',
            '\tat org.openqa.selenium.remote.RemoteWebDriver.<init>(RemoteWebDriver.java:199)\r',
            '\tat io.appium.java_client.AppiumDriver.<init>(AppiumDriver.java:98)\r',
            '\tat io.appium.java_client.AppiumDriver.<init>(AppiumDriver.java:109)\r',
            '\tat io.appium.java_client.android.AndroidDriver.<init>(AndroidDriver.java:108)\r',
            '\tat BaseTests.EcommBaseTest.setUpDriver(EcommBaseTest.java:65)\r',
            '\tat java.base/jdk.internal.reflect.DirectMethodHandleAccessor.invoke(DirectMethodHandleAccessor.java:103)\r',
            '\tat java.base/java.lang.reflect.Method.invoke(Method.java:580)\r',
            '\tat org.testng.internal.invokers.MethodInvocationHelper.invokeMethod(MethodInvocationHelper.java:141)\r',
            '\tat org.testng.internal.invokers.MethodInvocationHelper.invokeMethodConsideringTimeout(MethodInvocationHelper.java:71)\r',
            '\tat org.testng.internal.invokers.ConfigInvoker.invokeConfigurationMethod(ConfigInvoker.java:400)\r',
            '\tat org.testng.internal.invokers.ConfigInvoker.invokeConfigurations(ConfigInvoker.java:333)\r',
            '\tat org.testng.internal.invokers.TestInvoker.runConfigMethods(TestInvoker.java:846)\r',
            '\tat org.testng.internal.invokers.TestInvoker.invokeMethod(TestInvoker.java:611)\r',
            '\tat org.testng.internal.invokers.TestInvoker.invokeTestMethod(TestInvoker.java:230)\r',
            '\tat org.testng.internal.invokers.MethodRunner.runInSequence(MethodRunner.java:63)\r',
            '\tat org.testng.internal.invokers.TestInvoker$MethodInvocationAgent.invoke(TestInvoker.java:1005)\r',
            '\tat org.testng.internal.invokers.TestInvoker.invokeTestMethods(TestInvoker.java:203)\r',
            '\tat org.testng.internal.invokers.TestMethodWorker.invokeTestMethods(TestMethodWorker.java:154)\r',
            '\tat org.testng.internal.invokers.TestMethodWorker.run(TestMethodWorker.java:134)\r',
            '\tat java.base/java.util.ArrayList.forEach(ArrayList.java:1596)\r',
            '\tat org.testng.TestRunner.privateRun(TestRunner.java:744)\r',
            '\tat org.testng.TestRunner.run(TestRunner.java:616)\r',
            '\tat org.testng.SuiteRunner.runTest(SuiteRunner.java:421)\r',
            '\tat org.testng.SuiteRunner$SuiteWorker.run(SuiteRunner.java:463)\r',
            '\tat org.testng.internal.thread.ThreadUtil.lambda$execute$0(ThreadUtil.java:64)\r',
            '\tat java.base/java.util.concurrent.FutureTask.run(FutureTask.java:317)\r',
            '\tat java.base/java.util.concurrent.ThreadPoolExecutor.runWorker(ThreadPoolExecutor.java:1144)\r',
            '\tat java.base/java.util.concurrent.ThreadPoolExecutor$Worker.run(ThreadPoolExecutor.java:642)\r',
            '\tat java.base/java.lang.Thread.run(Thread.java:1583)\r',
            'Caused by: java.lang.NullPointerException\r',
            '\tat java.base/java.util.stream.ReferencePipeline$3$1.accept(ReferencePipeline.java:197)\r',
            '\tat java.base/java.util.Collections$2.tryAdvance(Collections.java:5073)\r',
            '\tat java.base/java.util.Collections$2.forEachRemaining(Collections.java:5081)\r',
            '\tat java.base/java.util.stream.AbstractPipeline.copyInto(AbstractPipeline.java:509)\r',
            '\tat java.base/java.util.stream.AbstractPipeline.wrapAndCopyInto(AbstractPipeline.java:499)\r',
            '\tat java.base/java.util.stream.ReduceOps$ReduceOp.evaluateSequential(ReduceOps.java:921)\r',
            '\tat java.base/java.util.stream.AbstractPipeline.evaluate(AbstractPipeline.java:234)\r',
            '\tat java.base/java.util.stream.ReferencePipeline.collect(ReferencePipeline.java:682)\r',
            '\tat org.openqa.selenium.remote.NewSessionPayload.create(NewSessionPayload.java:89)\r',
            '\tat org.openqa.selenium.remote.ProtocolHandshake.createSession(ProtocolHandshake.java:60)\r',
            '\tat io.appium.java_client.remote.AppiumCommandExecutor.createSession(AppiumCommandExecutor.java:178)\r',
            '\tat io.appium.java_client.remote.AppiumCommandExecutor.execute(AppiumCommandExecutor.java:243)\r',
            '\tat org.openqa.selenium.remote.RemoteWebDriver.execute(RemoteWebDriver.java:606)\r',
            '\t... 31 more\r'
          ]
        }
      ],
      failure_type: 'UnhandledError',
      failure_reason: 'org.openqa.selenium.SessionNotCreatedException: Could not start a new session. Possible causes are invalid address of the remote server or browser start-up failure. \n' +
        "Host info: host: 'DESKTOP-FRC4SK8', ip: '192.168.1.8'\n" +
        "Build info: version: '4.43.0', revision: 'dd0f534'\n" +
        "System info: os.name: 'Windows 11', os.arch: 'amd64', os.version: '10.0', java.version: '21.0.8'\n" +
        'Driver info: io.appium.java_client.android.AndroidDriver\n' +
        'Command: [null, newSession {capabilities=[null]}]\n' +
        'Capabilities {}',
      retry_of: null,
      custom_metadata: {},
      tags: [],
      customRerunParam: { rerun_name: 'LongPressTest-2' },
      hooks: [ '00ddb2cb-9df1-4e70-b037-43f5ce343ddd' ],
      product_map: {
        observability: true,
        accessibility: false,
        percy: false,
        automate: false,
        app_automate: true,
        lts: false
      }
    },
    logs: []
  },
  {
    event_type: 'HookRunStarted',
    hook_run: {
      type: 'hook',
      hook_type: 'AFTER_METHOD',
      framework: 'TestNG',
      uuid: '7ee78881-d1f0-4702-bfee-bc44f5eca648',
      name: 'quitDriver',
      result: 'pending',
      test_run_id: 'bbde5418-a5da-4f2d-a4d0-11004f9da2bd',
      body: { lang: 'java', code: null },
      scope: 'AppiumE2EEcommTest.AndroidAppiumTests.E2EEcommTests_POM',
      custom_metadata: {},
      tags: [],
      scopes: [ 'AppiumE2EEcommTest', 'AndroidAppiumTests.E2EEcommTests_POM' ],
      file_name: 'AppiumSession_Cloud\\src\\test\\java\\AndroidAppiumTests\\E2EEcommTests_POM.java',
      vc_filepath: 'eclipse-workspace\\AppiumSession_Cloud\\AppiumSession_Cloud\\src\\test\\java\\AndroidAppiumTests\\E2EEcommTests_POM.java',
      location: 'AppiumSession_Cloud\\src\\test\\java\\AndroidAppiumTests\\E2EEcommTests_POM.java',
      started_at: '2026-04-20T13:14:49.204Z'
    },
    logs: []
  },
  {
    event_type: 'HookRunFinished',
    hook_run: {
      type: 'hook',
      hook_type: 'AFTER_METHOD',
      framework: 'TestNG',
      uuid: '7ee78881-d1f0-4702-bfee-bc44f5eca648',
      name: 'quitDriver',
      result: 'skipped',
      test_run_id: 'bbde5418-a5da-4f2d-a4d0-11004f9da2bd',
      body: { lang: 'java', code: null },
      scope: 'AppiumE2EEcommTest.AndroidAppiumTests.E2EEcommTests_POM',
      custom_metadata: {},
      tags: [],
      scopes: [ 'AppiumE2EEcommTest', 'AndroidAppiumTests.E2EEcommTests_POM' ],
      file_name: 'AppiumSession_Cloud\\src\\test\\java\\AndroidAppiumTests\\E2EEcommTests_POM.java',
      vc_filepath: 'eclipse-workspace\\AppiumSession_Cloud\\AppiumSession_Cloud\\src\\test\\java\\AndroidAppiumTests\\E2EEcommTests_POM.java',
      location: 'AppiumSession_Cloud\\src\\test\\java\\AndroidAppiumTests\\E2EEcommTests_POM.java',
      started_at: '2026-04-20T13:14:49.204Z',
      finished_at: '2026-04-20T13:14:49.543Z'
    },
    logs: []
  },
  {
    event_type: 'TestRunFinished',
    test_run: {
      type: 'test',
      framework: 'TestNG',
      uuid: '59fae7ac-1a95-4132-ac69-472dd96d3f23',
      name: 'PurchaseProduct',
      body: {
        lang: 'java',
        code: 'public void AndroidAppiumTests.E2EEcommTests_POM.PurchaseProduct() throws java.lang.InterruptedException'
      },
      identifier: 'PurchaseProduct',
      scope: 'AppiumE2EEcommTest.AndroidAppiumTests.E2EEcommTests_POM',
      scopes: [ 'AppiumE2EEcommTest', 'AndroidAppiumTests.E2EEcommTests_POM' ],
      file_name: 'src\\test\\java\\AndroidAppiumTests\\E2EEcommTests_POM.java',
      vc_filepath: 'eclipse-workspace\\AppiumSession_Cloud\\src\\test\\java\\AndroidAppiumTests\\E2EEcommTests_POM.java',
      location: 'src\\test\\java\\AndroidAppiumTests\\E2EEcommTests_POM.java',
      meta: {},
      result: 'skipped',
      duration_in_ms: 148,
      started_at: '2026-04-20T13:14:48.037Z',
      finished_at: '2026-04-20T13:14:48.185Z',
      failure: [
        {
          backtrace: [
            'org.openqa.selenium.SessionNotCreatedException: Could not start a new session. Possible causes are invalid address of the remote server or browser start-up failure. ',
            "Host info: host: 'DESKTOP-FRC4SK8', ip: '192.168.1.8'",
            "Build info: version: '4.43.0', revision: 'dd0f534'",
            "System info: os.name: 'Windows 11', os.arch: 'amd64', os.version: '10.0', java.version: '21.0.8'",
            'Driver info: io.appium.java_client.android.AndroidDriver',
            'Command: [null, newSession {capabilities=[null]}]',
            'Capabilities {}\r',
            '\tat org.openqa.selenium.remote.RemoteWebDriver.execute(RemoteWebDriver.java:627)\r',
            '\tat io.appium.java_client.AppiumDriver.startSession(AppiumDriver.java:308)\r',
            '\tat org.openqa.selenium.remote.RemoteWebDriver.<init>(RemoteWebDriver.java:213)\r',
            '\tat org.openqa.selenium.remote.RemoteWebDriver.<init>(RemoteWebDriver.java:199)\r',
            '\tat io.appium.java_client.AppiumDriver.<init>(AppiumDriver.java:98)\r',
            '\tat io.appium.java_client.AppiumDriver.<init>(AppiumDriver.java:109)\r',
            '\tat io.appium.java_client.android.AndroidDriver.<init>(AndroidDriver.java:108)\r',
            '\tat BaseTests.EcommBaseTest.setUpDriver(EcommBaseTest.java:65)\r',
            '\tat java.base/jdk.internal.reflect.DirectMethodHandleAccessor.invoke(DirectMethodHandleAccessor.java:103)\r',
            '\tat java.base/java.lang.reflect.Method.invoke(Method.java:580)\r',
            '\tat org.testng.internal.invokers.MethodInvocationHelper.invokeMethod(MethodInvocationHelper.java:141)\r',
            '\tat org.testng.internal.invokers.MethodInvocationHelper.invokeMethodConsideringTimeout(MethodInvocationHelper.java:71)\r',
            '\tat org.testng.internal.invokers.ConfigInvoker.invokeConfigurationMethod(ConfigInvoker.java:400)\r',
            '\tat org.testng.internal.invokers.ConfigInvoker.invokeConfigurations(ConfigInvoker.java:333)\r',
            '\tat org.testng.internal.invokers.TestInvoker.runConfigMethods(TestInvoker.java:846)\r',
            '\tat org.testng.internal.invokers.TestInvoker.invokeMethod(TestInvoker.java:611)\r',
            '\tat org.testng.internal.invokers.TestInvoker.invokeTestMethod(TestInvoker.java:230)\r',
            '\tat org.testng.internal.invokers.MethodRunner.runInSequence(MethodRunner.java:63)\r',
            '\tat org.testng.internal.invokers.TestInvoker$MethodInvocationAgent.invoke(TestInvoker.java:1005)\r',
            '\tat org.testng.internal.invokers.TestInvoker.invokeTestMethods(TestInvoker.java:203)\r',
            '\tat org.testng.internal.invokers.TestMethodWorker.invokeTestMethods(TestMethodWorker.java:154)\r',
            '\tat org.testng.internal.invokers.TestMethodWorker.run(TestMethodWorker.java:134)\r',
            '\tat java.base/java.util.ArrayList.forEach(ArrayList.java:1596)\r',
            '\tat org.testng.TestRunner.privateRun(TestRunner.java:744)\r',
            '\tat org.testng.TestRunner.run(TestRunner.java:616)\r',
            '\tat org.testng.SuiteRunner.runTest(SuiteRunner.java:421)\r',
            '\tat org.testng.SuiteRunner$SuiteWorker.run(SuiteRunner.java:463)\r',
            '\tat org.testng.internal.thread.ThreadUtil.lambda$execute$0(ThreadUtil.java:64)\r',
            '\tat java.base/java.util.concurrent.FutureTask.run(FutureTask.java:317)\r',
            '\tat java.base/java.util.concurrent.ThreadPoolExecutor.runWorker(ThreadPoolExecutor.java:1144)\r',
            '\tat java.base/java.util.concurrent.ThreadPoolExecutor$Worker.run(ThreadPoolExecutor.java:642)\r',
            '\tat java.base/java.lang.Thread.run(Thread.java:1583)\r',
            'Caused by: java.lang.NullPointerException\r',
            '\tat java.base/java.util.stream.ReferencePipeline$3$1.accept(ReferencePipeline.java:197)\r',
            '\tat java.base/java.util.Collections$2.tryAdvance(Collections.java:5073)\r',
            '\tat java.base/java.util.Collections$2.forEachRemaining(Collections.java:5081)\r',
            '\tat java.base/java.util.stream.AbstractPipeline.copyInto(AbstractPipeline.java:509)\r',
            '\tat java.base/java.util.stream.AbstractPipeline.wrapAndCopyInto(AbstractPipeline.java:499)\r',
            '\tat java.base/java.util.stream.ReduceOps$ReduceOp.evaluateSequential(ReduceOps.java:921)\r',
            '\tat java.base/java.util.stream.AbstractPipeline.evaluate(AbstractPipeline.java:234)\r',
            '\tat java.base/java.util.stream.ReferencePipeline.collect(ReferencePipeline.java:682)\r',
            '\tat org.openqa.selenium.remote.NewSessionPayload.create(NewSessionPayload.java:89)\r',
            '\tat org.openqa.selenium.remote.ProtocolHandshake.createSession(ProtocolHandshake.java:60)\r',
            '\tat io.appium.java_client.remote.AppiumCommandExecutor.createSession(AppiumCommandExecutor.java:178)\r',
            '\tat io.appium.java_client.remote.AppiumCommandExecutor.execute(AppiumCommandExecutor.java:243)\r',
            '\tat org.openqa.selenium.remote.RemoteWebDriver.execute(RemoteWebDriver.java:606)\r',
            '\t... 31 more\r'
          ]
        }
      ],
      failure_type: 'UnhandledError',
      failure_reason: 'org.openqa.selenium.SessionNotCreatedException: Could not start a new session. Possible causes are invalid address of the remote server or browser start-up failure. \n' +
        "Host info: host: 'DESKTOP-FRC4SK8', ip: '192.168.1.8'\n" +
        "Build info: version: '4.43.0', revision: 'dd0f534'\n" +
        "System info: os.name: 'Windows 11', os.arch: 'amd64', os.version: '10.0', java.version: '21.0.8'\n" +
        'Driver info: io.appium.java_client.android.AndroidDriver\n' +
        'Command: [null, newSession {capabilities=[null]}]\n' +
        'Capabilities {}',
      retry_of: null,
      custom_metadata: {},
      tags: [],
      customRerunParam: { rerun_name: 'LongPressTest-0' },
      hooks: [ '534244fa-23df-4941-951a-90ba241003df' ],
      product_map: {
        observability: true,
        accessibility: false,
        percy: false,
        automate: false,
        app_automate: true,
        lts: false
      }
    },
    logs: []
  },
  {
    event_type: 'TestRunFinished',
    test_run: {
      type: 'test',
      framework: 'TestNG',
      uuid: 'c9cb6ab3-e284-4e4b-8279-214927e29e39',
      name: 'PurchaseProduct',
      body: {
        lang: 'java',
        code: 'public void AndroidAppiumTests.E2EEcommTests_POM.PurchaseProduct() throws java.lang.InterruptedException'
      },
      identifier: 'PurchaseProduct',
      scope: 'AppiumE2EEcommTest.AndroidAppiumTests.E2EEcommTests_POM',
      scopes: [ 'AppiumE2EEcommTest', 'AndroidAppiumTests.E2EEcommTests_POM' ],
      file_name: 'src\\test\\java\\AndroidAppiumTests\\E2EEcommTests_POM.java',
      vc_filepath: 'eclipse-workspace\\AppiumSession_Cloud\\src\\test\\java\\AndroidAppiumTests\\E2EEcommTests_POM.java',
      location: 'src\\test\\java\\AndroidAppiumTests\\E2EEcommTests_POM.java',
      meta: {},
      result: 'skipped',
      duration_in_ms: 135,
      started_at: '2026-04-20T13:14:48.184Z',
      finished_at: '2026-04-20T13:14:48.319Z',
      failure: [
        {
          backtrace: [
            'org.openqa.selenium.SessionNotCreatedException: Could not start a new session. Possible causes are invalid address of the remote server or browser start-up failure. ',
            "Host info: host: 'DESKTOP-FRC4SK8', ip: '192.168.1.8'",
            "Build info: version: '4.43.0', revision: 'dd0f534'",
            "System info: os.name: 'Windows 11', os.arch: 'amd64', os.version: '10.0', java.version: '21.0.8'",
            'Driver info: io.appium.java_client.android.AndroidDriver',
            'Command: [null, newSession {capabilities=[null]}]',
            'Capabilities {}\r',
            '\tat org.openqa.selenium.remote.RemoteWebDriver.execute(RemoteWebDriver.java:627)\r',
            '\tat io.appium.java_client.AppiumDriver.startSession(AppiumDriver.java:308)\r',
            '\tat org.openqa.selenium.remote.RemoteWebDriver.<init>(RemoteWebDriver.java:213)\r',
            '\tat org.openqa.selenium.remote.RemoteWebDriver.<init>(RemoteWebDriver.java:199)\r',
            '\tat io.appium.java_client.AppiumDriver.<init>(AppiumDriver.java:98)\r',
            '\tat io.appium.java_client.AppiumDriver.<init>(AppiumDriver.java:109)\r',
            '\tat io.appium.java_client.android.AndroidDriver.<init>(AndroidDriver.java:108)\r',
            '\tat BaseTests.EcommBaseTest.setUpDriver(EcommBaseTest.java:65)\r',
            '\tat java.base/jdk.internal.reflect.DirectMethodHandleAccessor.invoke(DirectMethodHandleAccessor.java:103)\r',
            '\tat java.base/java.lang.reflect.Method.invoke(Method.java:580)\r',
            '\tat org.testng.internal.invokers.MethodInvocationHelper.invokeMethod(MethodInvocationHelper.java:141)\r',
            '\tat org.testng.internal.invokers.MethodInvocationHelper.invokeMethodConsideringTimeout(MethodInvocationHelper.java:71)\r',
            '\tat org.testng.internal.invokers.ConfigInvoker.invokeConfigurationMethod(ConfigInvoker.java:400)\r',
            '\tat org.testng.internal.invokers.ConfigInvoker.invokeConfigurations(ConfigInvoker.java:333)\r',
            '\tat org.testng.internal.invokers.TestInvoker.runConfigMethods(TestInvoker.java:846)\r',
            '\tat org.testng.internal.invokers.TestInvoker.invokeMethod(TestInvoker.java:611)\r',
            '\tat org.testng.internal.invokers.TestInvoker.invokeTestMethod(TestInvoker.java:230)\r',
            '\tat org.testng.internal.invokers.MethodRunner.runInSequence(MethodRunner.java:63)\r',
            '\tat org.testng.internal.invokers.TestInvoker$MethodInvocationAgent.invoke(TestInvoker.java:1005)\r',
            '\tat org.testng.internal.invokers.TestInvoker.invokeTestMethods(TestInvoker.java:203)\r',
            '\tat org.testng.internal.invokers.TestMethodWorker.invokeTestMethods(TestMethodWorker.java:154)\r',
            '\tat org.testng.internal.invokers.TestMethodWorker.run(TestMethodWorker.java:134)\r',
            '\tat java.base/java.util.ArrayList.forEach(ArrayList.java:1596)\r',
            '\tat org.testng.TestRunner.privateRun(TestRunner.java:744)\r',
            '\tat org.testng.TestRunner.run(TestRunner.java:616)\r',
            '\tat org.testng.SuiteRunner.runTest(SuiteRunner.java:421)\r',
            '\tat org.testng.SuiteRunner$SuiteWorker.run(SuiteRunner.java:463)\r',
            '\tat org.testng.internal.thread.ThreadUtil.lambda$execute$0(ThreadUtil.java:64)\r',
            '\tat java.base/java.util.concurrent.FutureTask.run(FutureTask.java:317)\r',
            '\tat java.base/java.util.concurrent.ThreadPoolExecutor.runWorker(ThreadPoolExecutor.java:1144)\r',
            '\tat java.base/java.util.concurrent.ThreadPoolExecutor$Worker.run(ThreadPoolExecutor.java:642)\r',
            '\tat java.base/java.lang.Thread.run(Thread.java:1583)\r',
            'Caused by: java.lang.NullPointerException\r',
            '\tat java.base/java.util.stream.ReferencePipeline$3$1.accept(ReferencePipeline.java:197)\r',
            '\tat java.base/java.util.Collections$2.tryAdvance(Collections.java:5073)\r',
            '\tat java.base/java.util.Collections$2.forEachRemaining(Collections.java:5081)\r',
            '\tat java.base/java.util.stream.AbstractPipeline.copyInto(AbstractPipeline.java:509)\r',
            '\tat java.base/java.util.stream.AbstractPipeline.wrapAndCopyInto(AbstractPipeline.java:499)\r',
            '\tat java.base/java.util.stream.ReduceOps$ReduceOp.evaluateSequential(ReduceOps.java:921)\r',
            '\tat java.base/java.util.stream.AbstractPipeline.evaluate(AbstractPipeline.java:234)\r',
            '\tat java.base/java.util.stream.ReferencePipeline.collect(ReferencePipeline.java:682)\r',
            '\tat org.openqa.selenium.remote.NewSessionPayload.create(NewSessionPayload.java:89)\r',
            '\tat org.openqa.selenium.remote.ProtocolHandshake.createSession(ProtocolHandshake.java:60)\r',
            '\tat io.appium.java_client.remote.AppiumCommandExecutor.createSession(AppiumCommandExecutor.java:178)\r',
            '\tat io.appium.java_client.remote.AppiumCommandExecutor.execute(AppiumCommandExecutor.java:243)\r',
            '\tat org.openqa.selenium.remote.RemoteWebDriver.execute(RemoteWebDriver.java:606)\r',
            '\t... 31 more\r'
          ]
        }
      ],
      failure_type: 'UnhandledError',
      failure_reason: 'org.openqa.selenium.SessionNotCreatedException: Could not start a new session. Possible causes are invalid address of the remote server or browser start-up failure. \n' +
        "Host info: host: 'DESKTOP-FRC4SK8', ip: '192.168.1.8'\n" +
        "Build info: version: '4.43.0', revision: 'dd0f534'\n" +
        "System info: os.name: 'Windows 11', os.arch: 'amd64', os.version: '10.0', java.version: '21.0.8'\n" +
        'Driver info: io.appium.java_client.android.AndroidDriver\n' +
        'Command: [null, newSession {capabilities=[null]}]\n' +
        'Capabilities {}',
      retry_of: null,
      custom_metadata: {},
      tags: [],
      customRerunParam: { rerun_name: 'LongPressTest-1' },
      hooks: [ '82b2de37-e702-43a9-9668-1b0488912e4c' ],
      product_map: {
        observability: true,
        accessibility: false,
        percy: false,
        automate: false,
        app_automate: true,
        lts: false
      }
    },
    logs: []
  },
  {
    event_type: 'HookRunStarted',
    hook_run: {
      type: 'hook',
      hook_type: 'AFTER_CLASS',
      framework: 'TestNG',
      uuid: 'd9c29918-9ab6-433e-aba3-eaefea360e11',
      name: 'tearDown',
      result: 'pending',
      test_run_id: 'bbde5418-a5da-4f2d-a4d0-11004f9da2bd',
      body: { lang: 'java', code: null },
      scope: 'AppiumE2EEcommTest.AndroidAppiumTests.E2EEcommTests_POM',
      custom_metadata: {},
      tags: [],
      scopes: [ 'AppiumE2EEcommTest', 'AndroidAppiumTests.E2EEcommTests_POM' ],
      file_name: 'AppiumSession_Cloud\\src\\test\\java\\AndroidAppiumTests\\E2EEcommTests_POM.java',
      vc_filepath: 'eclipse-workspace\\AppiumSession_Cloud\\AppiumSession_Cloud\\src\\test\\java\\AndroidAppiumTests\\E2EEcommTests_POM.java',
      location: 'AppiumSession_Cloud\\src\\test\\java\\AndroidAppiumTests\\E2EEcommTests_POM.java',
      started_at: '2026-04-20T13:14:49.919Z'
    },
    logs: []
  }
] to 620:0
2026-04-20T13:14:49.978Z CLI info  [poulamidatta_OM7YbZ]  [5umxmiipi7lom8eehenlegqydffelzrn4dgkjd08]  [5ccb8831-4b9f-48ba-b939-a6c6a83b78f1]  [PRODUCTION] Making POST request to https://collector-observability.browserstack.com
2026-04-20T13:14:50.131Z CLI warn [TEST REPORTING AND ANALYTICS:java]  [poulamidatta_OM7YbZ]  [5umxmiipi7lom8eehenlegqydffelzrn4dgkjd08]  [5ccb8831-4b9f-48ba-b939-a6c6a83b78f1]  onTestSessionEvent: empty capabilities for driver=616923940
2026-04-20T13:14:50.161Z CLI info [testhub:request-queue-handler]  [poulamidatta_OM7YbZ]  [5umxmiipi7lom8eehenlegqydffelzrn4dgkjd08]  [5ccb8831-4b9f-48ba-b939-a6c6a83b78f1]  Added the event {
  event_type: 'HookRunStarted',
  hook_run: {
    type: 'hook',
    hook_type: 'AFTER_METHOD',
    framework: 'TestNG',
    uuid: '29e4a49d-9276-46a4-bab8-7db471684dc0',
    name: 'quitDriver',
    result: 'pending',
    test_run_id: '59fae7ac-1a95-4132-ac69-472dd96d3f23',
    body: { lang: 'java', code: null },
    scope: 'AppiumE2EEcommTest.AndroidAppiumTests.E2EEcommTests_POM',
    custom_metadata: {},
    tags: [],
    scopes: [ 'AppiumE2EEcommTest', 'AndroidAppiumTests.E2EEcommTests_POM' ],
    file_name: 'AppiumSession_Cloud\\src\\test\\java\\AndroidAppiumTests\\E2EEcommTests_POM.java',
    vc_filepath: 'eclipse-workspace\\AppiumSession_Cloud\\AppiumSession_Cloud\\src\\test\\java\\AndroidAppiumTests\\E2EEcommTests_POM.java',
    location: 'AppiumSession_Cloud\\src\\test\\java\\AndroidAppiumTests\\E2EEcommTests_POM.java',
    started_at: '2026-04-20T13:14:50.115Z'
  },
  logs: []
} to 620:0
2026-04-20T13:14:50.220Z CLI warn [TEST REPORTING AND ANALYTICS:java]  [poulamidatta_OM7YbZ]  [5umxmiipi7lom8eehenlegqydffelzrn4dgkjd08]  [5ccb8831-4b9f-48ba-b939-a6c6a83b78f1]  onTestSessionEvent: empty capabilities for driver=616923941
2026-04-20T13:14:50.255Z CLI info [testhub:request-queue-handler]  [poulamidatta_OM7YbZ]  [5umxmiipi7lom8eehenlegqydffelzrn4dgkjd08]  [5ccb8831-4b9f-48ba-b939-a6c6a83b78f1]  Added the event {
  event_type: 'HookRunStarted',
  hook_run: {
    type: 'hook',
    hook_type: 'AFTER_METHOD',
    framework: 'TestNG',
    uuid: '0ca2606f-b9a7-4441-8e4f-0716773f4a75',
    name: 'quitDriver',
    result: 'pending',
    test_run_id: 'c9cb6ab3-e284-4e4b-8279-214927e29e39',
    body: { lang: 'java', code: null },
    scope: 'AppiumE2EEcommTest.AndroidAppiumTests.E2EEcommTests_POM',
    custom_metadata: {},
    tags: [],
    scopes: [ 'AppiumE2EEcommTest', 'AndroidAppiumTests.E2EEcommTests_POM' ],
    file_name: 'AppiumSession_Cloud\\src\\test\\java\\AndroidAppiumTests\\E2EEcommTests_POM.java',
    vc_filepath: 'eclipse-workspace\\AppiumSession_Cloud\\AppiumSession_Cloud\\src\\test\\java\\AndroidAppiumTests\\E2EEcommTests_POM.java',
    location: 'AppiumSession_Cloud\\src\\test\\java\\AndroidAppiumTests\\E2EEcommTests_POM.java',
    started_at: '2026-04-20T13:14:50.211Z'
  },
  logs: []
} to 620:0
2026-04-20T13:14:50.270Z CLI info [testhub:request-queue-handler]  [poulamidatta_OM7YbZ]  [5umxmiipi7lom8eehenlegqydffelzrn4dgkjd08]  [5ccb8831-4b9f-48ba-b939-a6c6a83b78f1]  Added the event {
  event_type: 'HookRunFinished',
  hook_run: {
    type: 'hook',
    hook_type: 'AFTER_CLASS',
    framework: 'TestNG',
    uuid: 'd9c29918-9ab6-433e-aba3-eaefea360e11',
    name: 'tearDown',
    result: 'skipped',
    test_run_id: 'bbde5418-a5da-4f2d-a4d0-11004f9da2bd',
    body: { lang: 'java', code: null },
    scope: 'AppiumE2EEcommTest.AndroidAppiumTests.E2EEcommTests_POM',
    custom_metadata: {},
    tags: [],
    scopes: [ 'AppiumE2EEcommTest', 'AndroidAppiumTests.E2EEcommTests_POM' ],
    file_name: 'AppiumSession_Cloud\\src\\test\\java\\AndroidAppiumTests\\E2EEcommTests_POM.java',
    vc_filepath: 'eclipse-workspace\\AppiumSession_Cloud\\AppiumSession_Cloud\\src\\test\\java\\AndroidAppiumTests\\E2EEcommTests_POM.java',
    location: 'AppiumSession_Cloud\\src\\test\\java\\AndroidAppiumTests\\E2EEcommTests_POM.java',
    started_at: '2026-04-20T13:14:49.919Z',
    finished_at: '2026-04-20T13:14:50.250Z'
  },
  logs: []
} to 620:0
2026-04-20T13:14:50.405Z CLI info [testhub:request-queue-handler]  [poulamidatta_OM7YbZ]  [5umxmiipi7lom8eehenlegqydffelzrn4dgkjd08]  [5ccb8831-4b9f-48ba-b939-a6c6a83b78f1]  Added the event {
  event_type: 'HookRunFinished',
  hook_run: {
    type: 'hook',
    hook_type: 'AFTER_METHOD',
    framework: 'TestNG',
    uuid: '29e4a49d-9276-46a4-bab8-7db471684dc0',
    name: 'quitDriver',
    result: 'skipped',
    test_run_id: '59fae7ac-1a95-4132-ac69-472dd96d3f23',
    body: { lang: 'java', code: null },
    scope: 'AppiumE2EEcommTest.AndroidAppiumTests.E2EEcommTests_POM',
    custom_metadata: {},
    tags: [],
    scopes: [ 'AppiumE2EEcommTest', 'AndroidAppiumTests.E2EEcommTests_POM' ],
    file_name: 'AppiumSession_Cloud\\src\\test\\java\\AndroidAppiumTests\\E2EEcommTests_POM.java',
    vc_filepath: 'eclipse-workspace\\AppiumSession_Cloud\\AppiumSession_Cloud\\src\\test\\java\\AndroidAppiumTests\\E2EEcommTests_POM.java',
    location: 'AppiumSession_Cloud\\src\\test\\java\\AndroidAppiumTests\\E2EEcommTests_POM.java',
    started_at: '2026-04-20T13:14:50.115Z',
    finished_at: '2026-04-20T13:14:50.384Z'
  },
  logs: []
} to 620:0
2026-04-20T13:14:50.480Z CLI info [testhub:request-queue-handler]  [poulamidatta_OM7YbZ]  [5umxmiipi7lom8eehenlegqydffelzrn4dgkjd08]  [5ccb8831-4b9f-48ba-b939-a6c6a83b78f1]  Added the event {
  event_type: 'HookRunFinished',
  hook_run: {
    type: 'hook',
    hook_type: 'AFTER_METHOD',
    framework: 'TestNG',
    uuid: '0ca2606f-b9a7-4441-8e4f-0716773f4a75',
    name: 'quitDriver',
    result: 'skipped',
    test_run_id: 'c9cb6ab3-e284-4e4b-8279-214927e29e39',
    body: { lang: 'java', code: null },
    scope: 'AppiumE2EEcommTest.AndroidAppiumTests.E2EEcommTests_POM',
    custom_metadata: {},
    tags: [],
    scopes: [ 'AppiumE2EEcommTest', 'AndroidAppiumTests.E2EEcommTests_POM' ],
    file_name: 'AppiumSession_Cloud\\src\\test\\java\\AndroidAppiumTests\\E2EEcommTests_POM.java',
    vc_filepath: 'eclipse-workspace\\AppiumSession_Cloud\\AppiumSession_Cloud\\src\\test\\java\\AndroidAppiumTests\\E2EEcommTests_POM.java',
    location: 'AppiumSession_Cloud\\src\\test\\java\\AndroidAppiumTests\\E2EEcommTests_POM.java',
    started_at: '2026-04-20T13:14:50.211Z',
    finished_at: '2026-04-20T13:14:50.467Z'
  },
  logs: []
} to 620:0
2026-04-20T13:14:50.574Z CLI warn [TEST REPORTING AND ANALYTICS:java]  [poulamidatta_OM7YbZ]  [5umxmiipi7lom8eehenlegqydffelzrn4dgkjd08]  [5ccb8831-4b9f-48ba-b939-a6c6a83b78f1]  onTestSessionEvent: empty capabilities for driver=616923940
2026-04-20T13:14:50.586Z CLI info [testhub:request-queue-handler]  [poulamidatta_OM7YbZ]  [5umxmiipi7lom8eehenlegqydffelzrn4dgkjd08]  [5ccb8831-4b9f-48ba-b939-a6c6a83b78f1]  Added the event {
  event_type: 'HookRunStarted',
  hook_run: {
    type: 'hook',
    hook_type: 'AFTER_CLASS',
    framework: 'TestNG',
    uuid: '465cecab-cef7-4558-a0ce-41f45751d6fa',
    name: 'tearDown',
    result: 'pending',
    test_run_id: '59fae7ac-1a95-4132-ac69-472dd96d3f23',
    body: { lang: 'java', code: null },
    scope: 'AppiumE2EEcommTest.AndroidAppiumTests.E2EEcommTests_POM',
    custom_metadata: {},
    tags: [],
    scopes: [ 'AppiumE2EEcommTest', 'AndroidAppiumTests.E2EEcommTests_POM' ],
    file_name: 'AppiumSession_Cloud\\src\\test\\java\\AndroidAppiumTests\\E2EEcommTests_POM.java',
    vc_filepath: 'eclipse-workspace\\AppiumSession_Cloud\\AppiumSession_Cloud\\src\\test\\java\\AndroidAppiumTests\\E2EEcommTests_POM.java',
    location: 'AppiumSession_Cloud\\src\\test\\java\\AndroidAppiumTests\\E2EEcommTests_POM.java',
    started_at: '2026-04-20T13:14:50.567Z'
  },
  logs: []
} to 620:0
2026-04-20T13:14:50.671Z CLI warn [TEST REPORTING AND ANALYTICS:java]  [poulamidatta_OM7YbZ]  [5umxmiipi7lom8eehenlegqydffelzrn4dgkjd08]  [5ccb8831-4b9f-48ba-b939-a6c6a83b78f1]  onTestSessionEvent: empty capabilities for driver=616923941
2026-04-20T13:14:50.696Z CLI info [testhub:request-queue-handler]  [poulamidatta_OM7YbZ]  [5umxmiipi7lom8eehenlegqydffelzrn4dgkjd08]  [5ccb8831-4b9f-48ba-b939-a6c6a83b78f1]  Added the event {
  event_type: 'HookRunStarted',
  hook_run: {
    type: 'hook',
    hook_type: 'AFTER_CLASS',
    framework: 'TestNG',
    uuid: '897d351c-25dd-47d4-8570-819be08ff4f0',
    name: 'tearDown',
    result: 'pending',
    test_run_id: 'c9cb6ab3-e284-4e4b-8279-214927e29e39',
    body: { lang: 'java', code: null },
    scope: 'AppiumE2EEcommTest.AndroidAppiumTests.E2EEcommTests_POM',
    custom_metadata: {},
    tags: [],
    scopes: [ 'AppiumE2EEcommTest', 'AndroidAppiumTests.E2EEcommTests_POM' ],
    file_name: 'AppiumSession_Cloud\\src\\test\\java\\AndroidAppiumTests\\E2EEcommTests_POM.java',
    vc_filepath: 'eclipse-workspace\\AppiumSession_Cloud\\AppiumSession_Cloud\\src\\test\\java\\AndroidAppiumTests\\E2EEcommTests_POM.java',
    location: 'AppiumSession_Cloud\\src\\test\\java\\AndroidAppiumTests\\E2EEcommTests_POM.java',
    started_at: '2026-04-20T13:14:50.649Z'
  },
  logs: []
} to 620:0
2026-04-20T13:14:51.119Z CLI info [testhub:request-queue-handler]  [poulamidatta_OM7YbZ]  [5umxmiipi7lom8eehenlegqydffelzrn4dgkjd08]  [5ccb8831-4b9f-48ba-b939-a6c6a83b78f1]  Added the event {
  event_type: 'HookRunFinished',
  hook_run: {
    type: 'hook',
    hook_type: 'AFTER_CLASS',
    framework: 'TestNG',
    uuid: '465cecab-cef7-4558-a0ce-41f45751d6fa',
    name: 'tearDown',
    result: 'skipped',
    test_run_id: '59fae7ac-1a95-4132-ac69-472dd96d3f23',
    body: { lang: 'java', code: null },
    scope: 'AppiumE2EEcommTest.AndroidAppiumTests.E2EEcommTests_POM',
    custom_metadata: {},
    tags: [],
    scopes: [ 'AppiumE2EEcommTest', 'AndroidAppiumTests.E2EEcommTests_POM' ],
    file_name: 'AppiumSession_Cloud\\src\\test\\java\\AndroidAppiumTests\\E2EEcommTests_POM.java',
    vc_filepath: 'eclipse-workspace\\AppiumSession_Cloud\\AppiumSession_Cloud\\src\\test\\java\\AndroidAppiumTests\\E2EEcommTests_POM.java',
    location: 'AppiumSession_Cloud\\src\\test\\java\\AndroidAppiumTests\\E2EEcommTests_POM.java',
    started_at: '2026-04-20T13:14:50.567Z',
    finished_at: '2026-04-20T13:14:51.087Z'
  },
  logs: []
} to 620:0
2026-04-20T13:14:51.544Z CLI info [testhub:request-queue-handler]  [poulamidatta_OM7YbZ]  [5umxmiipi7lom8eehenlegqydffelzrn4dgkjd08]  [5ccb8831-4b9f-48ba-b939-a6c6a83b78f1]  Added the event {
  event_type: 'HookRunFinished',
  hook_run: {
    type: 'hook',
    hook_type: 'AFTER_CLASS',
    framework: 'TestNG',
    uuid: '897d351c-25dd-47d4-8570-819be08ff4f0',
    name: 'tearDown',
    result: 'skipped',
    test_run_id: 'c9cb6ab3-e284-4e4b-8279-214927e29e39',
    body: { lang: 'java', code: null },
    scope: 'AppiumE2EEcommTest.AndroidAppiumTests.E2EEcommTests_POM',
    custom_metadata: {},
    tags: [],
    scopes: [ 'AppiumE2EEcommTest', 'AndroidAppiumTests.E2EEcommTests_POM' ],
    file_name: 'AppiumSession_Cloud\\src\\test\\java\\AndroidAppiumTests\\E2EEcommTests_POM.java',
    vc_filepath: 'eclipse-workspace\\AppiumSession_Cloud\\AppiumSession_Cloud\\src\\test\\java\\AndroidAppiumTests\\E2EEcommTests_POM.java',
    location: 'AppiumSession_Cloud\\src\\test\\java\\AndroidAppiumTests\\E2EEcommTests_POM.java',
    started_at: '2026-04-20T13:14:50.649Z',
    finished_at: '2026-04-20T13:14:51.526Z'
  },
  logs: []
} to 620:0
2026-04-20T13:14:51.989Z CLI info [testhub:request-queue-handler]  [poulamidatta_OM7YbZ]  [5umxmiipi7lom8eehenlegqydffelzrn4dgkjd08]  [5ccb8831-4b9f-48ba-b939-a6c6a83b78f1]  Processing batch event [
  {
    event_type: 'HookRunStarted',
    hook_run: {
      type: 'hook',
      hook_type: 'AFTER_METHOD',
      framework: 'TestNG',
      uuid: '29e4a49d-9276-46a4-bab8-7db471684dc0',
      name: 'quitDriver',
      result: 'pending',
      test_run_id: '59fae7ac-1a95-4132-ac69-472dd96d3f23',
      body: { lang: 'java', code: null },
      scope: 'AppiumE2EEcommTest.AndroidAppiumTests.E2EEcommTests_POM',
      custom_metadata: {},
      tags: [],
      scopes: [ 'AppiumE2EEcommTest', 'AndroidAppiumTests.E2EEcommTests_POM' ],
      file_name: 'AppiumSession_Cloud\\src\\test\\java\\AndroidAppiumTests\\E2EEcommTests_POM.java',
      vc_filepath: 'eclipse-workspace\\AppiumSession_Cloud\\AppiumSession_Cloud\\src\\test\\java\\AndroidAppiumTests\\E2EEcommTests_POM.java',
      location: 'AppiumSession_Cloud\\src\\test\\java\\AndroidAppiumTests\\E2EEcommTests_POM.java',
      started_at: '2026-04-20T13:14:50.115Z'
    },
    logs: []
  },
  {
    event_type: 'HookRunStarted',
    hook_run: {
      type: 'hook',
      hook_type: 'AFTER_METHOD',
      framework: 'TestNG',
      uuid: '0ca2606f-b9a7-4441-8e4f-0716773f4a75',
      name: 'quitDriver',
      result: 'pending',
      test_run_id: 'c9cb6ab3-e284-4e4b-8279-214927e29e39',
      body: { lang: 'java', code: null },
      scope: 'AppiumE2EEcommTest.AndroidAppiumTests.E2EEcommTests_POM',
      custom_metadata: {},
      tags: [],
      scopes: [ 'AppiumE2EEcommTest', 'AndroidAppiumTests.E2EEcommTests_POM' ],
      file_name: 'AppiumSession_Cloud\\src\\test\\java\\AndroidAppiumTests\\E2EEcommTests_POM.java',
      vc_filepath: 'eclipse-workspace\\AppiumSession_Cloud\\AppiumSession_Cloud\\src\\test\\java\\AndroidAppiumTests\\E2EEcommTests_POM.java',
      location: 'AppiumSession_Cloud\\src\\test\\java\\AndroidAppiumTests\\E2EEcommTests_POM.java',
      started_at: '2026-04-20T13:14:50.211Z'
    },
    logs: []
  },
  {
    event_type: 'HookRunFinished',
    hook_run: {
      type: 'hook',
      hook_type: 'AFTER_CLASS',
      framework: 'TestNG',
      uuid: 'd9c29918-9ab6-433e-aba3-eaefea360e11',
      name: 'tearDown',
      result: 'skipped',
      test_run_id: 'bbde5418-a5da-4f2d-a4d0-11004f9da2bd',
      body: { lang: 'java', code: null },
      scope: 'AppiumE2EEcommTest.AndroidAppiumTests.E2EEcommTests_POM',
      custom_metadata: {},
      tags: [],
      scopes: [ 'AppiumE2EEcommTest', 'AndroidAppiumTests.E2EEcommTests_POM' ],
      file_name: 'AppiumSession_Cloud\\src\\test\\java\\AndroidAppiumTests\\E2EEcommTests_POM.java',
      vc_filepath: 'eclipse-workspace\\AppiumSession_Cloud\\AppiumSession_Cloud\\src\\test\\java\\AndroidAppiumTests\\E2EEcommTests_POM.java',
      location: 'AppiumSession_Cloud\\src\\test\\java\\AndroidAppiumTests\\E2EEcommTests_POM.java',
      started_at: '2026-04-20T13:14:49.919Z',
      finished_at: '2026-04-20T13:14:50.250Z'
    },
    logs: []
  },
  {
    event_type: 'HookRunFinished',
    hook_run: {
      type: 'hook',
      hook_type: 'AFTER_METHOD',
      framework: 'TestNG',
      uuid: '29e4a49d-9276-46a4-bab8-7db471684dc0',
      name: 'quitDriver',
      result: 'skipped',
      test_run_id: '59fae7ac-1a95-4132-ac69-472dd96d3f23',
      body: { lang: 'java', code: null },
      scope: 'AppiumE2EEcommTest.AndroidAppiumTests.E2EEcommTests_POM',
      custom_metadata: {},
      tags: [],
      scopes: [ 'AppiumE2EEcommTest', 'AndroidAppiumTests.E2EEcommTests_POM' ],
      file_name: 'AppiumSession_Cloud\\src\\test\\java\\AndroidAppiumTests\\E2EEcommTests_POM.java',
      vc_filepath: 'eclipse-workspace\\AppiumSession_Cloud\\AppiumSession_Cloud\\src\\test\\java\\AndroidAppiumTests\\E2EEcommTests_POM.java',
      location: 'AppiumSession_Cloud\\src\\test\\java\\AndroidAppiumTests\\E2EEcommTests_POM.java',
      started_at: '2026-04-20T13:14:50.115Z',
      finished_at: '2026-04-20T13:14:50.384Z'
    },
    logs: []
  },
  {
    event_type: 'HookRunFinished',
    hook_run: {
      type: 'hook',
      hook_type: 'AFTER_METHOD',
      framework: 'TestNG',
      uuid: '0ca2606f-b9a7-4441-8e4f-0716773f4a75',
      name: 'quitDriver',
      result: 'skipped',
      test_run_id: 'c9cb6ab3-e284-4e4b-8279-214927e29e39',
      body: { lang: 'java', code: null },
      scope: 'AppiumE2EEcommTest.AndroidAppiumTests.E2EEcommTests_POM',
      custom_metadata: {},
      tags: [],
      scopes: [ 'AppiumE2EEcommTest', 'AndroidAppiumTests.E2EEcommTests_POM' ],
      file_name: 'AppiumSession_Cloud\\src\\test\\java\\AndroidAppiumTests\\E2EEcommTests_POM.java',
      vc_filepath: 'eclipse-workspace\\AppiumSession_Cloud\\AppiumSession_Cloud\\src\\test\\java\\AndroidAppiumTests\\E2EEcommTests_POM.java',
      location: 'AppiumSession_Cloud\\src\\test\\java\\AndroidAppiumTests\\E2EEcommTests_POM.java',
      started_at: '2026-04-20T13:14:50.211Z',
      finished_at: '2026-04-20T13:14:50.467Z'
    },
    logs: []
  },
  {
    event_type: 'HookRunStarted',
    hook_run: {
      type: 'hook',
      hook_type: 'AFTER_CLASS',
      framework: 'TestNG',
      uuid: '465cecab-cef7-4558-a0ce-41f45751d6fa',
      name: 'tearDown',
      result: 'pending',
      test_run_id: '59fae7ac-1a95-4132-ac69-472dd96d3f23',
      body: { lang: 'java', code: null },
      scope: 'AppiumE2EEcommTest.AndroidAppiumTests.E2EEcommTests_POM',
      custom_metadata: {},
      tags: [],
      scopes: [ 'AppiumE2EEcommTest', 'AndroidAppiumTests.E2EEcommTests_POM' ],
      file_name: 'AppiumSession_Cloud\\src\\test\\java\\AndroidAppiumTests\\E2EEcommTests_POM.java',
      vc_filepath: 'eclipse-workspace\\AppiumSession_Cloud\\AppiumSession_Cloud\\src\\test\\java\\AndroidAppiumTests\\E2EEcommTests_POM.java',
      location: 'AppiumSession_Cloud\\src\\test\\java\\AndroidAppiumTests\\E2EEcommTests_POM.java',
      started_at: '2026-04-20T13:14:50.567Z'
    },
    logs: []
  },
  {
    event_type: 'HookRunStarted',
    hook_run: {
      type: 'hook',
      hook_type: 'AFTER_CLASS',
      framework: 'TestNG',
      uuid: '897d351c-25dd-47d4-8570-819be08ff4f0',
      name: 'tearDown',
      result: 'pending',
      test_run_id: 'c9cb6ab3-e284-4e4b-8279-214927e29e39',
      body: { lang: 'java', code: null },
      scope: 'AppiumE2EEcommTest.AndroidAppiumTests.E2EEcommTests_POM',
      custom_metadata: {},
      tags: [],
      scopes: [ 'AppiumE2EEcommTest', 'AndroidAppiumTests.E2EEcommTests_POM' ],
      file_name: 'AppiumSession_Cloud\\src\\test\\java\\AndroidAppiumTests\\E2EEcommTests_POM.java',
      vc_filepath: 'eclipse-workspace\\AppiumSession_Cloud\\AppiumSession_Cloud\\src\\test\\java\\AndroidAppiumTests\\E2EEcommTests_POM.java',
      location: 'AppiumSession_Cloud\\src\\test\\java\\AndroidAppiumTests\\E2EEcommTests_POM.java',
      started_at: '2026-04-20T13:14:50.649Z'
    },
    logs: []
  },
  {
    event_type: 'HookRunFinished',
    hook_run: {
      type: 'hook',
      hook_type: 'AFTER_CLASS',
      framework: 'TestNG',
      uuid: '465cecab-cef7-4558-a0ce-41f45751d6fa',
      name: 'tearDown',
      result: 'skipped',
      test_run_id: '59fae7ac-1a95-4132-ac69-472dd96d3f23',
      body: { lang: 'java', code: null },
      scope: 'AppiumE2EEcommTest.AndroidAppiumTests.E2EEcommTests_POM',
      custom_metadata: {},
      tags: [],
      scopes: [ 'AppiumE2EEcommTest', 'AndroidAppiumTests.E2EEcommTests_POM' ],
      file_name: 'AppiumSession_Cloud\\src\\test\\java\\AndroidAppiumTests\\E2EEcommTests_POM.java',
      vc_filepath: 'eclipse-workspace\\AppiumSession_Cloud\\AppiumSession_Cloud\\src\\test\\java\\AndroidAppiumTests\\E2EEcommTests_POM.java',
      location: 'AppiumSession_Cloud\\src\\test\\java\\AndroidAppiumTests\\E2EEcommTests_POM.java',
      started_at: '2026-04-20T13:14:50.567Z',
      finished_at: '2026-04-20T13:14:51.087Z'
    },
    logs: []
  },
  {
    event_type: 'HookRunFinished',
    hook_run: {
      type: 'hook',
      hook_type: 'AFTER_CLASS',
      framework: 'TestNG',
      uuid: '897d351c-25dd-47d4-8570-819be08ff4f0',
      name: 'tearDown',
      result: 'skipped',
      test_run_id: 'c9cb6ab3-e284-4e4b-8279-214927e29e39',
      body: { lang: 'java', code: null },
      scope: 'AppiumE2EEcommTest.AndroidAppiumTests.E2EEcommTests_POM',
      custom_metadata: {},
      tags: [],
      scopes: [ 'AppiumE2EEcommTest', 'AndroidAppiumTests.E2EEcommTests_POM' ],
      file_name: 'AppiumSession_Cloud\\src\\test\\java\\AndroidAppiumTests\\E2EEcommTests_POM.java',
      vc_filepath: 'eclipse-workspace\\AppiumSession_Cloud\\AppiumSession_Cloud\\src\\test\\java\\AndroidAppiumTests\\E2EEcommTests_POM.java',
      location: 'AppiumSession_Cloud\\src\\test\\java\\AndroidAppiumTests\\E2EEcommTests_POM.java',
      started_at: '2026-04-20T13:14:50.649Z',
      finished_at: '2026-04-20T13:14:51.526Z'
    },
    logs: []
  }
] to 620:0
2026-04-20T13:14:52.020Z CLI info  [poulamidatta_OM7YbZ]  [5umxmiipi7lom8eehenlegqydffelzrn4dgkjd08]  [5ccb8831-4b9f-48ba-b939-a6c6a83b78f1]  [PRODUCTION] Making POST request to https://collector-observability.browserstack.com
2026-04-20T13:14:56.134Z CLI info  [poulamidatta_OM7YbZ]  [5umxmiipi7lom8eehenlegqydffelzrn4dgkjd08]  [5ccb8831-4b9f-48ba-b939-a6c6a83b78f1]  [PRODUCTION] Making GET request to https://api.browserstack.com
2026-04-20T13:14:56.158Z CLI info  [poulamidatta_OM7YbZ]  [5umxmiipi7lom8eehenlegqydffelzrn4dgkjd08]  [5ccb8831-4b9f-48ba-b939-a6c6a83b78f1]  [PRODUCTION] Making PUT request to https://collector-observability.browserstack.com
2026-04-20T13:14:57.070Z CLI info [testhub:module]  [poulamidatta_OM7YbZ]  [5umxmiipi7lom8eehenlegqydffelzrn4dgkjd08]  [5ccb8831-4b9f-48ba-b939-a6c6a83b78f1]  stopBuild: 5umxmiipi7lom8eehenlegqydffelzrn4dgkjd08 request={"finished_at":"2026-04-20T13:14:56.132Z","finished_metadata":[],"custom_metadata":{}} response={"data":""}
2026-04-20T13:14:57.077Z CLI info  [poulamidatta_OM7YbZ]  [5umxmiipi7lom8eehenlegqydffelzrn4dgkjd08]  [5ccb8831-4b9f-48ba-b939-a6c6a83b78f1]  [PRODUCTION] Making POST request to https://api.browserstack.com
2026-04-20T13:14:57.491Z CLI info [TEST REPORTING AND ANALYTICS:module]  [poulamidatta_OM7YbZ]  [5umxmiipi7lom8eehenlegqydffelzrn4dgkjd08]  [5ccb8831-4b9f-48ba-b939-a6c6a83b78f1]  Visit https://automation.browserstack.com/builds/5umxmiipi7lom8eehenlegqydffelzrn4dgkjd08 to view build report, insights, and many more debugging information all at one place!
2026-04-20T13:14:57.986Z CLI info  [poulamidatta_OM7YbZ]  [5umxmiipi7lom8eehenlegqydffelzrn4dgkjd08]  [5ccb8831-4b9f-48ba-b939-a6c6a83b78f1]  [PRODUCTION] Making POST request to https://eds.browserstack.com
2026-04-20T13:31:44.000Z CLI info [main]     Server listening on port: 5400
2026-04-20T13:31:44.821Z CLI info     Config : {"userName":"[REDACTED]","accessKey":"[REDACTED]","projectName":"BrowserStack Sample","buildName":"browserstack build","buildIdentifier":"#${BUILD_NUMBER}","app":"bs://c04f78ea6bcf7d40da41abf7f2b26d867e4dad77","platforms":[{"deviceName":"Samsung Galaxy S22 Ultra","platformVersion":"12.0","platformName":"android"},{"deviceName":"Samsung Galaxy S21","platformVersion":"11.0","platformName":"android"},{"deviceName":"Google Pixel 6 Pro","platformVersion":"12.0","platformName":"android"}],"parallelsPerPlatform":1,"source":"java:appium-eclipse:v1.0.10","browserstackLocal":true,"debug":false,"networkLogs":false,"consoleLogs":"errors"}
2026-04-20T13:31:44.839Z CLI info     Should start debug utility: undefined
2026-04-20T13:31:44.844Z CLI info [testhub:module]  [poulamidatta_OM7YbZ]   [aec0fced-1909-412a-a0db-6e0382e37345]  Starting testhub from 16184:0
2026-04-20T13:31:45.053Z CLI info  [poulamidatta_OM7YbZ]   [aec0fced-1909-412a-a0db-6e0382e37345]  [PRODUCTION] Making POST request to https://sdk.browserstack.com
2026-04-20T13:31:45.054Z CLI info  [poulamidatta_OM7YbZ]   [aec0fced-1909-412a-a0db-6e0382e37345]  [PRODUCTION] Making GET request to https://hub.browserstack.com
2026-04-20T13:31:45.299Z CLI info  [poulamidatta_OM7YbZ]   [aec0fced-1909-412a-a0db-6e0382e37345]  [PRODUCTION] Making GET request to https://hub-aps.browserstack.com
2026-04-20T13:31:45.300Z CLI info  [poulamidatta_OM7YbZ]   [aec0fced-1909-412a-a0db-6e0382e37345]  [PRODUCTION] Making GET request to https://hub-euw.browserstack.com
2026-04-20T13:31:45.300Z CLI info  [poulamidatta_OM7YbZ]   [aec0fced-1909-412a-a0db-6e0382e37345]  [PRODUCTION] Making GET request to https://hub-apse.browserstack.com
2026-04-20T13:31:47.432Z CLI info [testhub:module]  [poulamidatta_OM7YbZ]   [aec0fced-1909-412a-a0db-6e0382e37345]  startBuild: response=zerrekkj1n4tvejiqjjsd2en9kgd0pd9oq98skrf
2026-04-20T13:31:47.434Z CLI info  [poulamidatta_OM7YbZ]  [zerrekkj1n4tvejiqjjsd2en9kgd0pd9oq98skrf]  [aec0fced-1909-412a-a0db-6e0382e37345]  [PRODUCTION] Making POST request to https://api.browserstack.com
2026-04-20T13:31:47.780Z CLI info  [poulamidatta_OM7YbZ]  [zerrekkj1n4tvejiqjjsd2en9kgd0pd9oq98skrf]  [aec0fced-1909-412a-a0db-6e0382e37345]  [PRODUCTION] Making GET request to https://api.browserstack.com
2026-04-20T13:31:48.104Z CLI error  [poulamidatta_OM7YbZ]  [zerrekkj1n4tvejiqjjsd2en9kgd0pd9oq98skrf]  [aec0fced-1909-412a-a0db-6e0382e37345]  error invoking callback for eventName: {}
2026-04-20T13:31:48.104Z CLI error  [poulamidatta_OM7YbZ]  [zerrekkj1n4tvejiqjjsd2en9kgd0pd9oq98skrf]  [aec0fced-1909-412a-a0db-6e0382e37345]  Error: invalid percyToken=null
    at C:\snapshot\browserstack-binary\cli\dist\index.js
    at process.processTicksAndRejections (node:internal/process/task_queues:95:5)
2026-04-20T13:32:07.824Z CLI info [appautomate:service]  [poulamidatta_OM7YbZ]  [zerrekkj1n4tvejiqjjsd2en9kgd0pd9oq98skrf]  [aec0fced-1909-412a-a0db-6e0382e37345]  Using app: bs://c04f78ea6bcf7d40da41abf7f2b26d867e4dad77
2026-04-20T13:32:15.445Z CLI info [testhub:request-queue-handler]  [poulamidatta_OM7YbZ]  [zerrekkj1n4tvejiqjjsd2en9kgd0pd9oq98skrf]  [aec0fced-1909-412a-a0db-6e0382e37345]  Added the event {
  event_type: 'HookRunStarted',
  hook_run: {
    type: 'hook',
    hook_type: 'BEFORE_CLASS',
    framework: 'TestNG',
    uuid: 'aa3b8087-e83b-4307-974a-d8a5273162ca',
    name: 'configureAppium',
    result: 'pending',
    test_run_id: 'b768cf63-000c-4e91-b614-dbe64182ffed',
    body: { lang: 'java', code: null },
    scope: 'AppiumE2EEcommTest.AndroidAppiumTests.E2EEcommTests_POM',
    custom_metadata: {},
    tags: [],
    scopes: [ 'AppiumE2EEcommTest', 'AndroidAppiumTests.E2EEcommTests_POM' ],
    file_name: 'AppiumSession_Cloud\\src\\test\\java\\AndroidAppiumTests\\E2EEcommTests_POM.java',
    vc_filepath: 'eclipse-workspace\\AppiumSession_Cloud\\AppiumSession_Cloud\\src\\test\\java\\AndroidAppiumTests\\E2EEcommTests_POM.java',
    location: 'AppiumSession_Cloud\\src\\test\\java\\AndroidAppiumTests\\E2EEcommTests_POM.java',
    started_at: '2026-04-20T13:32:15.381Z'
  },
  logs: []
} to 16184:0
2026-04-20T13:32:15.450Z CLI info [testhub:request-queue-handler]  [poulamidatta_OM7YbZ]  [zerrekkj1n4tvejiqjjsd2en9kgd0pd9oq98skrf]  [aec0fced-1909-412a-a0db-6e0382e37345]  Added the event {
  event_type: 'HookRunStarted',
  hook_run: {
    type: 'hook',
    hook_type: 'BEFORE_CLASS',
    framework: 'TestNG',
    uuid: 'c824efbd-bab9-479f-a1a9-a0524291b9e2',
    name: 'configureAppium',
    result: 'pending',
    test_run_id: 'c13fc145-c046-404b-b7d8-219b6061e1ab',
    body: { lang: 'java', code: null },
    scope: 'AppiumE2EEcommTest.AndroidAppiumTests.E2EEcommTests_POM',
    custom_metadata: {},
    tags: [],
    scopes: [ 'AppiumE2EEcommTest', 'AndroidAppiumTests.E2EEcommTests_POM' ],
    file_name: 'AppiumSession_Cloud\\src\\test\\java\\AndroidAppiumTests\\E2EEcommTests_POM.java',
    vc_filepath: 'eclipse-workspace\\AppiumSession_Cloud\\AppiumSession_Cloud\\src\\test\\java\\AndroidAppiumTests\\E2EEcommTests_POM.java',
    location: 'AppiumSession_Cloud\\src\\test\\java\\AndroidAppiumTests\\E2EEcommTests_POM.java',
    started_at: '2026-04-20T13:32:15.381Z'
  },
  logs: []
} to 16184:0
2026-04-20T13:32:15.453Z CLI info [testhub:request-queue-handler]  [poulamidatta_OM7YbZ]  [zerrekkj1n4tvejiqjjsd2en9kgd0pd9oq98skrf]  [aec0fced-1909-412a-a0db-6e0382e37345]  Added the event {
  event_type: 'HookRunStarted',
  hook_run: {
    type: 'hook',
    hook_type: 'BEFORE_CLASS',
    framework: 'TestNG',
    uuid: '68f5a914-443b-4a17-80a1-dc1bb2e46e16',
    name: 'configureAppium',
    result: 'pending',
    test_run_id: 'a8811c29-49c0-45cf-ab7d-0eeae02f7553',
    body: { lang: 'java', code: null },
    scope: 'AppiumE2EEcommTest.AndroidAppiumTests.E2EEcommTests_POM',
    custom_metadata: {},
    tags: [],
    scopes: [ 'AppiumE2EEcommTest', 'AndroidAppiumTests.E2EEcommTests_POM' ],
    file_name: 'AppiumSession_Cloud\\src\\test\\java\\AndroidAppiumTests\\E2EEcommTests_POM.java',
    vc_filepath: 'eclipse-workspace\\AppiumSession_Cloud\\AppiumSession_Cloud\\src\\test\\java\\AndroidAppiumTests\\E2EEcommTests_POM.java',
    location: 'AppiumSession_Cloud\\src\\test\\java\\AndroidAppiumTests\\E2EEcommTests_POM.java',
    started_at: '2026-04-20T13:32:15.381Z'
  },
  logs: []
} to 16184:0
2026-04-20T13:32:15.770Z CLI info [testhub:request-queue-handler]  [poulamidatta_OM7YbZ]  [zerrekkj1n4tvejiqjjsd2en9kgd0pd9oq98skrf]  [aec0fced-1909-412a-a0db-6e0382e37345]  Processing batch event [
  {
    event_type: 'HookRunStarted',
    hook_run: {
      type: 'hook',
      hook_type: 'BEFORE_CLASS',
      framework: 'TestNG',
      uuid: 'aa3b8087-e83b-4307-974a-d8a5273162ca',
      name: 'configureAppium',
      result: 'pending',
      test_run_id: 'b768cf63-000c-4e91-b614-dbe64182ffed',
      body: { lang: 'java', code: null },
      scope: 'AppiumE2EEcommTest.AndroidAppiumTests.E2EEcommTests_POM',
      custom_metadata: {},
      tags: [],
      scopes: [ 'AppiumE2EEcommTest', 'AndroidAppiumTests.E2EEcommTests_POM' ],
      file_name: 'AppiumSession_Cloud\\src\\test\\java\\AndroidAppiumTests\\E2EEcommTests_POM.java',
      vc_filepath: 'eclipse-workspace\\AppiumSession_Cloud\\AppiumSession_Cloud\\src\\test\\java\\AndroidAppiumTests\\E2EEcommTests_POM.java',
      location: 'AppiumSession_Cloud\\src\\test\\java\\AndroidAppiumTests\\E2EEcommTests_POM.java',
      started_at: '2026-04-20T13:32:15.381Z'
    },
    logs: []
  },
  {
    event_type: 'HookRunStarted',
    hook_run: {
      type: 'hook',
      hook_type: 'BEFORE_CLASS',
      framework: 'TestNG',
      uuid: 'c824efbd-bab9-479f-a1a9-a0524291b9e2',
      name: 'configureAppium',
      result: 'pending',
      test_run_id: 'c13fc145-c046-404b-b7d8-219b6061e1ab',
      body: { lang: 'java', code: null },
      scope: 'AppiumE2EEcommTest.AndroidAppiumTests.E2EEcommTests_POM',
      custom_metadata: {},
      tags: [],
      scopes: [ 'AppiumE2EEcommTest', 'AndroidAppiumTests.E2EEcommTests_POM' ],
      file_name: 'AppiumSession_Cloud\\src\\test\\java\\AndroidAppiumTests\\E2EEcommTests_POM.java',
      vc_filepath: 'eclipse-workspace\\AppiumSession_Cloud\\AppiumSession_Cloud\\src\\test\\java\\AndroidAppiumTests\\E2EEcommTests_POM.java',
      location: 'AppiumSession_Cloud\\src\\test\\java\\AndroidAppiumTests\\E2EEcommTests_POM.java',
      started_at: '2026-04-20T13:32:15.381Z'
    },
    logs: []
  },
  {
    event_type: 'HookRunStarted',
    hook_run: {
      type: 'hook',
      hook_type: 'BEFORE_CLASS',
      framework: 'TestNG',
      uuid: '68f5a914-443b-4a17-80a1-dc1bb2e46e16',
      name: 'configureAppium',
      result: 'pending',
      test_run_id: 'a8811c29-49c0-45cf-ab7d-0eeae02f7553',
      body: { lang: 'java', code: null },
      scope: 'AppiumE2EEcommTest.AndroidAppiumTests.E2EEcommTests_POM',
      custom_metadata: {},
      tags: [],
      scopes: [ 'AppiumE2EEcommTest', 'AndroidAppiumTests.E2EEcommTests_POM' ],
      file_name: 'AppiumSession_Cloud\\src\\test\\java\\AndroidAppiumTests\\E2EEcommTests_POM.java',
      vc_filepath: 'eclipse-workspace\\AppiumSession_Cloud\\AppiumSession_Cloud\\src\\test\\java\\AndroidAppiumTests\\E2EEcommTests_POM.java',
      location: 'AppiumSession_Cloud\\src\\test\\java\\AndroidAppiumTests\\E2EEcommTests_POM.java',
      started_at: '2026-04-20T13:32:15.381Z'
    },
    logs: []
  }
] to 16184:0
2026-04-20T13:32:15.777Z CLI info  [poulamidatta_OM7YbZ]  [zerrekkj1n4tvejiqjjsd2en9kgd0pd9oq98skrf]  [aec0fced-1909-412a-a0db-6e0382e37345]  [PRODUCTION] Making POST request to https://collector-observability.browserstack.com
2026-04-20T13:32:17.968Z CLI info [testhub:request-queue-handler]  [poulamidatta_OM7YbZ]  [zerrekkj1n4tvejiqjjsd2en9kgd0pd9oq98skrf]  [aec0fced-1909-412a-a0db-6e0382e37345]  Added the event {
  event_type: 'HookRunFinished',
  hook_run: {
    type: 'hook',
    hook_type: 'BEFORE_CLASS',
    framework: 'TestNG',
    uuid: '68f5a914-443b-4a17-80a1-dc1bb2e46e16',
    name: 'configureAppium',
    result: 'passed',
    test_run_id: 'a8811c29-49c0-45cf-ab7d-0eeae02f7553',
    body: { lang: 'java', code: null },
    scope: 'AppiumE2EEcommTest.AndroidAppiumTests.E2EEcommTests_POM',
    custom_metadata: {},
    tags: [],
    scopes: [ 'AppiumE2EEcommTest', 'AndroidAppiumTests.E2EEcommTests_POM' ],
    file_name: 'AppiumSession_Cloud\\src\\test\\java\\AndroidAppiumTests\\E2EEcommTests_POM.java',
    vc_filepath: 'eclipse-workspace\\AppiumSession_Cloud\\AppiumSession_Cloud\\src\\test\\java\\AndroidAppiumTests\\E2EEcommTests_POM.java',
    location: 'AppiumSession_Cloud\\src\\test\\java\\AndroidAppiumTests\\E2EEcommTests_POM.java',
    started_at: '2026-04-20T13:32:15.381Z',
    finished_at: '2026-04-20T13:32:17.933Z'
  },
  logs: []
} to 16184:0
2026-04-20T13:32:18.000Z CLI info [testhub:request-queue-handler]  [poulamidatta_OM7YbZ]  [zerrekkj1n4tvejiqjjsd2en9kgd0pd9oq98skrf]  [aec0fced-1909-412a-a0db-6e0382e37345]  Added the event {
  event_type: 'HookRunFinished',
  hook_run: {
    type: 'hook',
    hook_type: 'BEFORE_CLASS',
    framework: 'TestNG',
    uuid: 'c824efbd-bab9-479f-a1a9-a0524291b9e2',
    name: 'configureAppium',
    result: 'passed',
    test_run_id: 'c13fc145-c046-404b-b7d8-219b6061e1ab',
    body: { lang: 'java', code: null },
    scope: 'AppiumE2EEcommTest.AndroidAppiumTests.E2EEcommTests_POM',
    custom_metadata: {},
    tags: [],
    scopes: [ 'AppiumE2EEcommTest', 'AndroidAppiumTests.E2EEcommTests_POM' ],
    file_name: 'AppiumSession_Cloud\\src\\test\\java\\AndroidAppiumTests\\E2EEcommTests_POM.java',
    vc_filepath: 'eclipse-workspace\\AppiumSession_Cloud\\AppiumSession_Cloud\\src\\test\\java\\AndroidAppiumTests\\E2EEcommTests_POM.java',
    location: 'AppiumSession_Cloud\\src\\test\\java\\AndroidAppiumTests\\E2EEcommTests_POM.java',
    started_at: '2026-04-20T13:32:15.381Z',
    finished_at: '2026-04-20T13:32:17.946Z'
  },
  logs: []
} to 16184:0
2026-04-20T13:32:18.018Z CLI info [testhub:request-queue-handler]  [poulamidatta_OM7YbZ]  [zerrekkj1n4tvejiqjjsd2en9kgd0pd9oq98skrf]  [aec0fced-1909-412a-a0db-6e0382e37345]  Added the event {
  event_type: 'HookRunFinished',
  hook_run: {
    type: 'hook',
    hook_type: 'BEFORE_CLASS',
    framework: 'TestNG',
    uuid: 'aa3b8087-e83b-4307-974a-d8a5273162ca',
    name: 'configureAppium',
    result: 'passed',
    test_run_id: 'b768cf63-000c-4e91-b614-dbe64182ffed',
    body: { lang: 'java', code: null },
    scope: 'AppiumE2EEcommTest.AndroidAppiumTests.E2EEcommTests_POM',
    custom_metadata: {},
    tags: [],
    scopes: [ 'AppiumE2EEcommTest', 'AndroidAppiumTests.E2EEcommTests_POM' ],
    file_name: 'AppiumSession_Cloud\\src\\test\\java\\AndroidAppiumTests\\E2EEcommTests_POM.java',
    vc_filepath: 'eclipse-workspace\\AppiumSession_Cloud\\AppiumSession_Cloud\\src\\test\\java\\AndroidAppiumTests\\E2EEcommTests_POM.java',
    location: 'AppiumSession_Cloud\\src\\test\\java\\AndroidAppiumTests\\E2EEcommTests_POM.java',
    started_at: '2026-04-20T13:32:15.381Z',
    finished_at: '2026-04-20T13:32:17.961Z'
  },
  logs: []
} to 16184:0
2026-04-20T13:32:18.385Z CLI info [testhub:request-queue-handler]  [poulamidatta_OM7YbZ]  [zerrekkj1n4tvejiqjjsd2en9kgd0pd9oq98skrf]  [aec0fced-1909-412a-a0db-6e0382e37345]  Added the event {
  event_type: 'HookRunStarted',
  hook_run: {
    type: 'hook',
    hook_type: 'BEFORE_METHOD',
    framework: 'TestNG',
    uuid: 'fbd231f9-a496-4723-84e8-64acfbad07aa',
    name: 'setUpDriver',
    result: 'pending',
    test_run_id: 'a8811c29-49c0-45cf-ab7d-0eeae02f7553',
    body: { lang: 'java', code: null },
    scope: 'AppiumE2EEcommTest.AndroidAppiumTests.E2EEcommTests_POM',
    custom_metadata: {},
    tags: [],
    scopes: [ 'AppiumE2EEcommTest', 'AndroidAppiumTests.E2EEcommTests_POM' ],
    file_name: 'AppiumSession_Cloud\\src\\test\\java\\AndroidAppiumTests\\E2EEcommTests_POM.java',
    vc_filepath: 'eclipse-workspace\\AppiumSession_Cloud\\AppiumSession_Cloud\\src\\test\\java\\AndroidAppiumTests\\E2EEcommTests_POM.java',
    location: 'AppiumSession_Cloud\\src\\test\\java\\AndroidAppiumTests\\E2EEcommTests_POM.java',
    started_at: '2026-04-20T13:32:18.310Z'
  },
  logs: []
} to 16184:0
2026-04-20T13:32:18.409Z CLI info [testhub:request-queue-handler]  [poulamidatta_OM7YbZ]  [zerrekkj1n4tvejiqjjsd2en9kgd0pd9oq98skrf]  [aec0fced-1909-412a-a0db-6e0382e37345]  Added the event {
  event_type: 'HookRunStarted',
  hook_run: {
    type: 'hook',
    hook_type: 'BEFORE_METHOD',
    framework: 'TestNG',
    uuid: '7b01eed8-5c62-43bf-bb57-1c81cb4480d5',
    name: 'setUpDriver',
    result: 'pending',
    test_run_id: 'c13fc145-c046-404b-b7d8-219b6061e1ab',
    body: { lang: 'java', code: null },
    scope: 'AppiumE2EEcommTest.AndroidAppiumTests.E2EEcommTests_POM',
    custom_metadata: {},
    tags: [],
    scopes: [ 'AppiumE2EEcommTest', 'AndroidAppiumTests.E2EEcommTests_POM' ],
    file_name: 'AppiumSession_Cloud\\src\\test\\java\\AndroidAppiumTests\\E2EEcommTests_POM.java',
    vc_filepath: 'eclipse-workspace\\AppiumSession_Cloud\\AppiumSession_Cloud\\src\\test\\java\\AndroidAppiumTests\\E2EEcommTests_POM.java',
    location: 'AppiumSession_Cloud\\src\\test\\java\\AndroidAppiumTests\\E2EEcommTests_POM.java',
    started_at: '2026-04-20T13:32:18.317Z'
  },
  logs: []
} to 16184:0
2026-04-20T13:32:18.415Z CLI info [testhub:request-queue-handler]  [poulamidatta_OM7YbZ]  [zerrekkj1n4tvejiqjjsd2en9kgd0pd9oq98skrf]  [aec0fced-1909-412a-a0db-6e0382e37345]  Added the event {
  event_type: 'HookRunStarted',
  hook_run: {
    type: 'hook',
    hook_type: 'BEFORE_METHOD',
    framework: 'TestNG',
    uuid: '77bcf9b8-a731-4e8f-b509-d01d89f7aabb',
    name: 'setUpDriver',
    result: 'pending',
    test_run_id: 'b768cf63-000c-4e91-b614-dbe64182ffed',
    body: { lang: 'java', code: null },
    scope: 'AppiumE2EEcommTest.AndroidAppiumTests.E2EEcommTests_POM',
    custom_metadata: {},
    tags: [],
    scopes: [ 'AppiumE2EEcommTest', 'AndroidAppiumTests.E2EEcommTests_POM' ],
    file_name: 'AppiumSession_Cloud\\src\\test\\java\\AndroidAppiumTests\\E2EEcommTests_POM.java',
    vc_filepath: 'eclipse-workspace\\AppiumSession_Cloud\\AppiumSession_Cloud\\src\\test\\java\\AndroidAppiumTests\\E2EEcommTests_POM.java',
    location: 'AppiumSession_Cloud\\src\\test\\java\\AndroidAppiumTests\\E2EEcommTests_POM.java',
    started_at: '2026-04-20T13:32:18.346Z'
  },
  logs: []
} to 16184:0
2026-04-20T13:32:19.805Z CLI info [testhub:request-queue-handler]  [poulamidatta_OM7YbZ]  [zerrekkj1n4tvejiqjjsd2en9kgd0pd9oq98skrf]  [aec0fced-1909-412a-a0db-6e0382e37345]  Processing batch event [
  {
    event_type: 'HookRunFinished',
    hook_run: {
      type: 'hook',
      hook_type: 'BEFORE_CLASS',
      framework: 'TestNG',
      uuid: '68f5a914-443b-4a17-80a1-dc1bb2e46e16',
      name: 'configureAppium',
      result: 'passed',
      test_run_id: 'a8811c29-49c0-45cf-ab7d-0eeae02f7553',
      body: { lang: 'java', code: null },
      scope: 'AppiumE2EEcommTest.AndroidAppiumTests.E2EEcommTests_POM',
      custom_metadata: {},
      tags: [],
      scopes: [ 'AppiumE2EEcommTest', 'AndroidAppiumTests.E2EEcommTests_POM' ],
      file_name: 'AppiumSession_Cloud\\src\\test\\java\\AndroidAppiumTests\\E2EEcommTests_POM.java',
      vc_filepath: 'eclipse-workspace\\AppiumSession_Cloud\\AppiumSession_Cloud\\src\\test\\java\\AndroidAppiumTests\\E2EEcommTests_POM.java',
      location: 'AppiumSession_Cloud\\src\\test\\java\\AndroidAppiumTests\\E2EEcommTests_POM.java',
      started_at: '2026-04-20T13:32:15.381Z',
      finished_at: '2026-04-20T13:32:17.933Z'
    },
    logs: []
  },
  {
    event_type: 'HookRunFinished',
    hook_run: {
      type: 'hook',
      hook_type: 'BEFORE_CLASS',
      framework: 'TestNG',
      uuid: 'c824efbd-bab9-479f-a1a9-a0524291b9e2',
      name: 'configureAppium',
      result: 'passed',
      test_run_id: 'c13fc145-c046-404b-b7d8-219b6061e1ab',
      body: { lang: 'java', code: null },
      scope: 'AppiumE2EEcommTest.AndroidAppiumTests.E2EEcommTests_POM',
      custom_metadata: {},
      tags: [],
      scopes: [ 'AppiumE2EEcommTest', 'AndroidAppiumTests.E2EEcommTests_POM' ],
      file_name: 'AppiumSession_Cloud\\src\\test\\java\\AndroidAppiumTests\\E2EEcommTests_POM.java',
      vc_filepath: 'eclipse-workspace\\AppiumSession_Cloud\\AppiumSession_Cloud\\src\\test\\java\\AndroidAppiumTests\\E2EEcommTests_POM.java',
      location: 'AppiumSession_Cloud\\src\\test\\java\\AndroidAppiumTests\\E2EEcommTests_POM.java',
      started_at: '2026-04-20T13:32:15.381Z',
      finished_at: '2026-04-20T13:32:17.946Z'
    },
    logs: []
  },
  {
    event_type: 'HookRunFinished',
    hook_run: {
      type: 'hook',
      hook_type: 'BEFORE_CLASS',
      framework: 'TestNG',
      uuid: 'aa3b8087-e83b-4307-974a-d8a5273162ca',
      name: 'configureAppium',
      result: 'passed',
      test_run_id: 'b768cf63-000c-4e91-b614-dbe64182ffed',
      body: { lang: 'java', code: null },
      scope: 'AppiumE2EEcommTest.AndroidAppiumTests.E2EEcommTests_POM',
      custom_metadata: {},
      tags: [],
      scopes: [ 'AppiumE2EEcommTest', 'AndroidAppiumTests.E2EEcommTests_POM' ],
      file_name: 'AppiumSession_Cloud\\src\\test\\java\\AndroidAppiumTests\\E2EEcommTests_POM.java',
      vc_filepath: 'eclipse-workspace\\AppiumSession_Cloud\\AppiumSession_Cloud\\src\\test\\java\\AndroidAppiumTests\\E2EEcommTests_POM.java',
      location: 'AppiumSession_Cloud\\src\\test\\java\\AndroidAppiumTests\\E2EEcommTests_POM.java',
      started_at: '2026-04-20T13:32:15.381Z',
      finished_at: '2026-04-20T13:32:17.961Z'
    },
    logs: []
  },
  {
    event_type: 'HookRunStarted',
    hook_run: {
      type: 'hook',
      hook_type: 'BEFORE_METHOD',
      framework: 'TestNG',
      uuid: 'fbd231f9-a496-4723-84e8-64acfbad07aa',
      name: 'setUpDriver',
      result: 'pending',
      test_run_id: 'a8811c29-49c0-45cf-ab7d-0eeae02f7553',
      body: { lang: 'java', code: null },
      scope: 'AppiumE2EEcommTest.AndroidAppiumTests.E2EEcommTests_POM',
      custom_metadata: {},
      tags: [],
      scopes: [ 'AppiumE2EEcommTest', 'AndroidAppiumTests.E2EEcommTests_POM' ],
      file_name: 'AppiumSession_Cloud\\src\\test\\java\\AndroidAppiumTests\\E2EEcommTests_POM.java',
      vc_filepath: 'eclipse-workspace\\AppiumSession_Cloud\\AppiumSession_Cloud\\src\\test\\java\\AndroidAppiumTests\\E2EEcommTests_POM.java',
      location: 'AppiumSession_Cloud\\src\\test\\java\\AndroidAppiumTests\\E2EEcommTests_POM.java',
      started_at: '2026-04-20T13:32:18.310Z'
    },
    logs: []
  },
  {
    event_type: 'HookRunStarted',
    hook_run: {
      type: 'hook',
      hook_type: 'BEFORE_METHOD',
      framework: 'TestNG',
      uuid: '7b01eed8-5c62-43bf-bb57-1c81cb4480d5',
      name: 'setUpDriver',
      result: 'pending',
      test_run_id: 'c13fc145-c046-404b-b7d8-219b6061e1ab',
      body: { lang: 'java', code: null },
      scope: 'AppiumE2EEcommTest.AndroidAppiumTests.E2EEcommTests_POM',
      custom_metadata: {},
      tags: [],
      scopes: [ 'AppiumE2EEcommTest', 'AndroidAppiumTests.E2EEcommTests_POM' ],
      file_name: 'AppiumSession_Cloud\\src\\test\\java\\AndroidAppiumTests\\E2EEcommTests_POM.java',
      vc_filepath: 'eclipse-workspace\\AppiumSession_Cloud\\AppiumSession_Cloud\\src\\test\\java\\AndroidAppiumTests\\E2EEcommTests_POM.java',
      location: 'AppiumSession_Cloud\\src\\test\\java\\AndroidAppiumTests\\E2EEcommTests_POM.java',
      started_at: '2026-04-20T13:32:18.317Z'
    },
    logs: []
  },
  {
    event_type: 'HookRunStarted',
    hook_run: {
      type: 'hook',
      hook_type: 'BEFORE_METHOD',
      framework: 'TestNG',
      uuid: '77bcf9b8-a731-4e8f-b509-d01d89f7aabb',
      name: 'setUpDriver',
      result: 'pending',
      test_run_id: 'b768cf63-000c-4e91-b614-dbe64182ffed',
      body: { lang: 'java', code: null },
      scope: 'AppiumE2EEcommTest.AndroidAppiumTests.E2EEcommTests_POM',
      custom_metadata: {},
      tags: [],
      scopes: [ 'AppiumE2EEcommTest', 'AndroidAppiumTests.E2EEcommTests_POM' ],
      file_name: 'AppiumSession_Cloud\\src\\test\\java\\AndroidAppiumTests\\E2EEcommTests_POM.java',
      vc_filepath: 'eclipse-workspace\\AppiumSession_Cloud\\AppiumSession_Cloud\\src\\test\\java\\AndroidAppiumTests\\E2EEcommTests_POM.java',
      location: 'AppiumSession_Cloud\\src\\test\\java\\AndroidAppiumTests\\E2EEcommTests_POM.java',
      started_at: '2026-04-20T13:32:18.346Z'
    },
    logs: []
  }
] to 16184:0
2026-04-20T13:32:19.815Z CLI info  [poulamidatta_OM7YbZ]  [zerrekkj1n4tvejiqjjsd2en9kgd0pd9oq98skrf]  [aec0fced-1909-412a-a0db-6e0382e37345]  [PRODUCTION] Making POST request to https://collector-observability.browserstack.com
2026-04-20T13:32:20.100Z CLI info [testhub:request-queue-handler]  [poulamidatta_OM7YbZ]  [zerrekkj1n4tvejiqjjsd2en9kgd0pd9oq98skrf]  [aec0fced-1909-412a-a0db-6e0382e37345]  Added the event {
  event_type: 'HookRunFinished',
  hook_run: {
    type: 'hook',
    hook_type: 'BEFORE_METHOD',
    framework: 'TestNG',
    uuid: '77bcf9b8-a731-4e8f-b509-d01d89f7aabb',
    name: 'setUpDriver',
    result: 'failed',
    test_run_id: 'b768cf63-000c-4e91-b614-dbe64182ffed',
    body: { lang: 'java', code: null },
    scope: 'AppiumE2EEcommTest.AndroidAppiumTests.E2EEcommTests_POM',
    custom_metadata: {},
    tags: [],
    scopes: [ 'AppiumE2EEcommTest', 'AndroidAppiumTests.E2EEcommTests_POM' ],
    file_name: 'AppiumSession_Cloud\\src\\test\\java\\AndroidAppiumTests\\E2EEcommTests_POM.java',
    vc_filepath: 'eclipse-workspace\\AppiumSession_Cloud\\AppiumSession_Cloud\\src\\test\\java\\AndroidAppiumTests\\E2EEcommTests_POM.java',
    location: 'AppiumSession_Cloud\\src\\test\\java\\AndroidAppiumTests\\E2EEcommTests_POM.java',
    started_at: '2026-04-20T13:32:18.346Z',
    finished_at: '2026-04-20T13:32:20.070Z'
  },
  logs: []
} to 16184:0
2026-04-20T13:32:20.114Z CLI info [testhub:request-queue-handler]  [poulamidatta_OM7YbZ]  [zerrekkj1n4tvejiqjjsd2en9kgd0pd9oq98skrf]  [aec0fced-1909-412a-a0db-6e0382e37345]  Added the event {
  event_type: 'HookRunFinished',
  hook_run: {
    type: 'hook',
    hook_type: 'BEFORE_METHOD',
    framework: 'TestNG',
    uuid: 'fbd231f9-a496-4723-84e8-64acfbad07aa',
    name: 'setUpDriver',
    result: 'failed',
    test_run_id: 'a8811c29-49c0-45cf-ab7d-0eeae02f7553',
    body: { lang: 'java', code: null },
    scope: 'AppiumE2EEcommTest.AndroidAppiumTests.E2EEcommTests_POM',
    custom_metadata: {},
    tags: [],
    scopes: [ 'AppiumE2EEcommTest', 'AndroidAppiumTests.E2EEcommTests_POM' ],
    file_name: 'AppiumSession_Cloud\\src\\test\\java\\AndroidAppiumTests\\E2EEcommTests_POM.java',
    vc_filepath: 'eclipse-workspace\\AppiumSession_Cloud\\AppiumSession_Cloud\\src\\test\\java\\AndroidAppiumTests\\E2EEcommTests_POM.java',
    location: 'AppiumSession_Cloud\\src\\test\\java\\AndroidAppiumTests\\E2EEcommTests_POM.java',
    started_at: '2026-04-20T13:32:18.310Z',
    finished_at: '2026-04-20T13:32:20.087Z'
  },
  logs: []
} to 16184:0
2026-04-20T13:32:20.139Z CLI info [testhub:request-queue-handler]  [poulamidatta_OM7YbZ]  [zerrekkj1n4tvejiqjjsd2en9kgd0pd9oq98skrf]  [aec0fced-1909-412a-a0db-6e0382e37345]  Added the event {
  event_type: 'HookRunFinished',
  hook_run: {
    type: 'hook',
    hook_type: 'BEFORE_METHOD',
    framework: 'TestNG',
    uuid: '7b01eed8-5c62-43bf-bb57-1c81cb4480d5',
    name: 'setUpDriver',
    result: 'failed',
    test_run_id: 'c13fc145-c046-404b-b7d8-219b6061e1ab',
    body: { lang: 'java', code: null },
    scope: 'AppiumE2EEcommTest.AndroidAppiumTests.E2EEcommTests_POM',
    custom_metadata: {},
    tags: [],
    scopes: [ 'AppiumE2EEcommTest', 'AndroidAppiumTests.E2EEcommTests_POM' ],
    file_name: 'AppiumSession_Cloud\\src\\test\\java\\AndroidAppiumTests\\E2EEcommTests_POM.java',
    vc_filepath: 'eclipse-workspace\\AppiumSession_Cloud\\AppiumSession_Cloud\\src\\test\\java\\AndroidAppiumTests\\E2EEcommTests_POM.java',
    location: 'AppiumSession_Cloud\\src\\test\\java\\AndroidAppiumTests\\E2EEcommTests_POM.java',
    started_at: '2026-04-20T13:32:18.317Z',
    finished_at: '2026-04-20T13:32:20.117Z'
  },
  logs: []
} to 16184:0
2026-04-20T13:32:20.561Z CLI warn [TEST REPORTING AND ANALYTICS:java]  [poulamidatta_OM7YbZ]  [zerrekkj1n4tvejiqjjsd2en9kgd0pd9oq98skrf]  [aec0fced-1909-412a-a0db-6e0382e37345]  onTestSessionEvent: empty capabilities for driver=2046740661
2026-04-20T13:32:20.567Z CLI warn [TEST REPORTING AND ANALYTICS:java]  [poulamidatta_OM7YbZ]  [zerrekkj1n4tvejiqjjsd2en9kgd0pd9oq98skrf]  [aec0fced-1909-412a-a0db-6e0382e37345]  onTestSessionEvent: empty capabilities for driver=2046740660
2026-04-20T13:32:20.571Z CLI warn [TEST REPORTING AND ANALYTICS:java]  [poulamidatta_OM7YbZ]  [zerrekkj1n4tvejiqjjsd2en9kgd0pd9oq98skrf]  [aec0fced-1909-412a-a0db-6e0382e37345]  onTestSessionEvent: empty capabilities for driver=2046740662
2026-04-20T13:32:20.594Z CLI warn [TEST REPORTING AND ANALYTICS:java:testng]  [poulamidatta_OM7YbZ]  [zerrekkj1n4tvejiqjjsd2en9kgd0pd9oq98skrf]  [aec0fced-1909-412a-a0db-6e0382e37345]  makeIntegrations: empty capabilities for driver=2046740660
2026-04-20T13:32:20.596Z CLI info [testhub:request-queue-handler]  [poulamidatta_OM7YbZ]  [zerrekkj1n4tvejiqjjsd2en9kgd0pd9oq98skrf]  [aec0fced-1909-412a-a0db-6e0382e37345]  Added the event {
  event_type: 'TestRunStarted',
  test_run: {
    type: 'test',
    framework: 'TestNG',
    uuid: 'b9ca2d1d-acc3-4369-9ad0-02184802ba4e',
    name: 'validateToastMessage',
    body: {
      lang: 'java',
      code: 'public void AndroidAppiumTests.E2EEcommTests_POM.validateToastMessage()'
    },
    identifier: 'validateToastMessage',
    scope: 'AppiumE2EEcommTest.AndroidAppiumTests.E2EEcommTests_POM',
    scopes: [ 'AppiumE2EEcommTest', 'AndroidAppiumTests.E2EEcommTests_POM' ],
    file_name: 'src\\test\\java\\AndroidAppiumTests\\E2EEcommTests_POM.java',
    vc_filepath: 'eclipse-workspace\\AppiumSession_Cloud\\src\\test\\java\\AndroidAppiumTests\\E2EEcommTests_POM.java',
    location: 'src\\test\\java\\AndroidAppiumTests\\E2EEcommTests_POM.java',
    meta: {},
    result: 'pending',
    duration_in_ms: null,
    started_at: '2026-04-20T13:32:20.363Z',
    failure: undefined,
    failure_type: undefined,
    failure_reason: undefined,
    retry_of: null,
    custom_metadata: {},
    tags: [],
    customRerunParam: { rerun_name: 'LongPressTest-0' },
    hooks: [],
    product_map: {
      observability: true,
      accessibility: false,
      percy: false,
      automate: false,
      app_automate: true,
      lts: false
    }
  },
  logs: []
} to 16184:0
2026-04-20T13:32:20.598Z CLI warn [TEST REPORTING AND ANALYTICS:java:testng]  [poulamidatta_OM7YbZ]  [zerrekkj1n4tvejiqjjsd2en9kgd0pd9oq98skrf]  [aec0fced-1909-412a-a0db-6e0382e37345]  makeIntegrations: empty capabilities for driver=2046740661
2026-04-20T13:32:20.600Z CLI info [testhub:request-queue-handler]  [poulamidatta_OM7YbZ]  [zerrekkj1n4tvejiqjjsd2en9kgd0pd9oq98skrf]  [aec0fced-1909-412a-a0db-6e0382e37345]  Added the event {
  event_type: 'TestRunStarted',
  test_run: {
    type: 'test',
    framework: 'TestNG',
    uuid: 'd957550f-8d2d-46c9-b8bb-95e030f76209',
    name: 'validateToastMessage',
    body: {
      lang: 'java',
      code: 'public void AndroidAppiumTests.E2EEcommTests_POM.validateToastMessage()'
    },
    identifier: 'validateToastMessage',
    scope: 'AppiumE2EEcommTest.AndroidAppiumTests.E2EEcommTests_POM',
    scopes: [ 'AppiumE2EEcommTest', 'AndroidAppiumTests.E2EEcommTests_POM' ],
    file_name: 'src\\test\\java\\AndroidAppiumTests\\E2EEcommTests_POM.java',
    vc_filepath: 'eclipse-workspace\\AppiumSession_Cloud\\src\\test\\java\\AndroidAppiumTests\\E2EEcommTests_POM.java',
    location: 'src\\test\\java\\AndroidAppiumTests\\E2EEcommTests_POM.java',
    meta: {},
    result: 'pending',
    duration_in_ms: null,
    started_at: '2026-04-20T13:32:20.337Z',
    failure: undefined,
    failure_type: undefined,
    failure_reason: undefined,
    retry_of: null,
    custom_metadata: {},
    tags: [],
    customRerunParam: { rerun_name: 'LongPressTest-1' },
    hooks: [],
    product_map: {
      observability: true,
      accessibility: false,
      percy: false,
      automate: false,
      app_automate: true,
      lts: false
    }
  },
  logs: []
} to 16184:0
2026-04-20T13:32:20.607Z CLI warn [TEST REPORTING AND ANALYTICS:java:testng]  [poulamidatta_OM7YbZ]  [zerrekkj1n4tvejiqjjsd2en9kgd0pd9oq98skrf]  [aec0fced-1909-412a-a0db-6e0382e37345]  makeIntegrations: empty capabilities for driver=2046740662
2026-04-20T13:32:20.607Z CLI info [testhub:request-queue-handler]  [poulamidatta_OM7YbZ]  [zerrekkj1n4tvejiqjjsd2en9kgd0pd9oq98skrf]  [aec0fced-1909-412a-a0db-6e0382e37345]  Added the event {
  event_type: 'TestRunStarted',
  test_run: {
    type: 'test',
    framework: 'TestNG',
    uuid: '5b83ebd2-0bc9-4fbd-8e0e-c8a2d6f766a8',
    name: 'validateToastMessage',
    body: {
      lang: 'java',
      code: 'public void AndroidAppiumTests.E2EEcommTests_POM.validateToastMessage()'
    },
    identifier: 'validateToastMessage',
    scope: 'AppiumE2EEcommTest.AndroidAppiumTests.E2EEcommTests_POM',
    scopes: [ 'AppiumE2EEcommTest', 'AndroidAppiumTests.E2EEcommTests_POM' ],
    file_name: 'src\\test\\java\\AndroidAppiumTests\\E2EEcommTests_POM.java',
    vc_filepath: 'eclipse-workspace\\AppiumSession_Cloud\\src\\test\\java\\AndroidAppiumTests\\E2EEcommTests_POM.java',
    location: 'src\\test\\java\\AndroidAppiumTests\\E2EEcommTests_POM.java',
    meta: {},
    result: 'pending',
    duration_in_ms: null,
    started_at: '2026-04-20T13:32:20.330Z',
    failure: undefined,
    failure_type: undefined,
    failure_reason: undefined,
    retry_of: null,
    custom_metadata: {},
    tags: [],
    customRerunParam: { rerun_name: 'LongPressTest-2' },
    hooks: [],
    product_map: {
      observability: true,
      accessibility: false,
      percy: false,
      automate: false,
      app_automate: true,
      lts: false
    }
  },
  logs: []
} to 16184:0
2026-04-20T13:32:20.678Z CLI info [testhub:request-queue-handler]  [poulamidatta_OM7YbZ]  [zerrekkj1n4tvejiqjjsd2en9kgd0pd9oq98skrf]  [aec0fced-1909-412a-a0db-6e0382e37345]  Added the event {
  event_type: 'LogCreated',
  logs: [
    {
      testFrameworkName: 'TestNG',
      testFrameworkVersion: '7.12.0',
      testFrameworkState: 'LOG',
      timestamp: '2026-04-20T13:32:20.641Z',
      uuid: 'd957550f-8d2d-46c9-b8bb-95e030f76209',
      kind: 'TEST_LOG',
      message: '"Test Skipped validateToastMessage"',
      level: 'INFO',
      test_run_uuid: 'd957550f-8d2d-46c9-b8bb-95e030f76209'
    }
  ]
} to 16184:0
2026-04-20T13:32:20.699Z CLI info [testhub:request-queue-handler]  [poulamidatta_OM7YbZ]  [zerrekkj1n4tvejiqjjsd2en9kgd0pd9oq98skrf]  [aec0fced-1909-412a-a0db-6e0382e37345]  Added the event {
  event_type: 'LogCreated',
  logs: [
    {
      testFrameworkName: 'TestNG',
      testFrameworkVersion: '7.12.0',
      testFrameworkState: 'LOG',
      timestamp: '2026-04-20T13:32:20.691Z',
      uuid: 'b9ca2d1d-acc3-4369-9ad0-02184802ba4e',
      kind: 'TEST_LOG',
      message: '"Test Skipped validateToastMessage"',
      level: 'INFO',
      test_run_uuid: 'b9ca2d1d-acc3-4369-9ad0-02184802ba4e'
    }
  ]
} to 16184:0
2026-04-20T13:32:20.725Z CLI info [testhub:request-queue-handler]  [poulamidatta_OM7YbZ]  [zerrekkj1n4tvejiqjjsd2en9kgd0pd9oq98skrf]  [aec0fced-1909-412a-a0db-6e0382e37345]  Added the event {
  event_type: 'LogCreated',
  logs: [
    {
      testFrameworkName: 'TestNG',
      testFrameworkVersion: '7.12.0',
      testFrameworkState: 'LOG',
      timestamp: '2026-04-20T13:32:20.712Z',
      uuid: '5b83ebd2-0bc9-4fbd-8e0e-c8a2d6f766a8',
      kind: 'TEST_LOG',
      message: '"Test Skipped validateToastMessage"',
      level: 'INFO',
      test_run_uuid: '5b83ebd2-0bc9-4fbd-8e0e-c8a2d6f766a8'
    }
  ]
} to 16184:0
2026-04-20T13:32:21.488Z CLI warn [TEST REPORTING AND ANALYTICS:java:testng]  [poulamidatta_OM7YbZ]  [zerrekkj1n4tvejiqjjsd2en9kgd0pd9oq98skrf]  [aec0fced-1909-412a-a0db-6e0382e37345]  TestRunFinished: event={"test_hook_last_started":"BEFORE_METHOD","test_failure_type":"UnhandledError","test_rerun_name":"LongPressTest-2","test_result_at":"2026-04-20T19:02:20.745579600","test_scope":"AppiumE2EEcommTest.AndroidAppiumTests.E2EEcommTests_POM","test_framework_name":"TestNG","test_tags":"","cbt_session_created":true,"test_started_at":"2026-04-20T19:02:20.330179500","platform_index":0,"test_failure":[{"backtrace":["org.openqa.selenium.SessionNotCreatedException: Could not start a new session. Possible causes are invalid address of the remote server or browser start-up failure. ","Host info: host: 'DESKTOP-FRC4SK8', ip: '192.168.1.8'","Build info: version: '4.43.0', revision: 'dd0f534'","System info: os.name: 'Windows 11', os.arch: 'amd64', os.version: '10.0', java.version: '21.0.8'","Driver info: io.appium.java_client.android.AndroidDriver","Command: [null, newSession {capabilities=[null]}]","Capabilities {}\r","\tat org.openqa.selenium.remote.RemoteWebDriver.execute(RemoteWebDriver.java:627)\r","\tat io.appium.java_client.AppiumDriver.startSession(AppiumDriver.java:308)\r","\tat org.openqa.selenium.remote.RemoteWebDriver.<init>(RemoteWebDriver.java:213)\r","\tat org.openqa.selenium.remote.RemoteWebDriver.<init>(RemoteWebDriver.java:199)\r","\tat io.appium.java_client.AppiumDriver.<init>(AppiumDriver.java:98)\r","\tat io.appium.java_client.AppiumDriver.<init>(AppiumDriver.java:109)\r","\tat io.appium.java_client.android.AndroidDriver.<init>(AndroidDriver.java:108)\r","\tat BaseTests.EcommBaseTest.setUpDriver(EcommBaseTest.java:65)\r","\tat java.base/jdk.internal.reflect.DirectMethodHandleAccessor.invoke(DirectMethodHandleAccessor.java:103)\r","\tat java.base/java.lang.reflect.Method.invoke(Method.java:580)\r","\tat org.testng.internal.invokers.MethodInvocationHelper.invokeMethod(MethodInvocationHelper.java:141)\r","\tat org.testng.internal.invokers.MethodInvocationHelper.invokeMethodConsideringTimeout(MethodInvocationHelper.java:71)\r","\tat org.testng.internal.invokers.ConfigInvoker.invokeConfigurationMethod(ConfigInvoker.java:400)\r","\tat org.testng.internal.invokers.ConfigInvoker.invokeConfigurations(ConfigInvoker.java:333)\r","\tat org.testng.internal.invokers.TestInvoker.runConfigMethods(TestInvoker.java:846)\r","\tat org.testng.internal.invokers.TestInvoker.invokeMethod(TestInvoker.java:611)\r","\tat org.testng.internal.invokers.TestInvoker.invokeTestMethod(TestInvoker.java:230)\r","\tat org.testng.internal.invokers.MethodRunner.runInSequence(MethodRunner.java:63)\r","\tat org.testng.internal.invokers.TestInvoker$MethodInvocationAgent.invoke(TestInvoker.java:1005)\r","\tat org.testng.internal.invokers.TestInvoker.invokeTestMethods(TestInvoker.java:203)\r","\tat org.testng.internal.invokers.TestMethodWorker.invokeTestMethods(TestMethodWorker.java:154)\r","\tat org.testng.internal.invokers.TestMethodWorker.run(TestMethodWorker.java:134)\r","\tat java.base/java.util.ArrayList.forEach(ArrayList.java:1596)\r","\tat org.testng.TestRunner.privateRun(TestRunner.java:744)\r","\tat org.testng.TestRunner.run(TestRunner.java:616)\r","\tat org.testng.SuiteRunner.runTest(SuiteRunner.java:421)\r","\tat org.testng.SuiteRunner$SuiteWorker.run(SuiteRunner.java:463)\r","\tat org.testng.internal.thread.ThreadUtil.lambda$execute$0(ThreadUtil.java:64)\r","\tat java.base/java.util.concurrent.FutureTask.run(FutureTask.java:317)\r","\tat java.base/java.util.concurrent.ThreadPoolExecutor.runWorker(ThreadPoolExecutor.java:1144)\r","\tat java.base/java.util.concurrent.ThreadPoolExecutor$Worker.run(ThreadPoolExecutor.java:642)\r","\tat java.base/java.lang.Thread.run(Thread.java:1583)\r","Caused by: java.lang.NullPointerException\r","\tat java.base/java.util.stream.ReferencePipeline$3$1.accept(ReferencePipeline.java:197)\r","\tat java.base/java.util.Collections$2.tryAdvance(Collections.java:5073)\r","\tat java.base/java.util.Collections$2.forEachRemaining(Collections.java:5081)\r","\tat java.base/java.util.stream.AbstractPipeline.copyInto(AbstractPipeline.java:509)\r","\tat java.base/java.util.stream.AbstractPipeline.wrapAndCopyInto(AbstractPipeline.java:499)\r","\tat java.base/java.util.stream.ReduceOps$ReduceOp.evaluateSequential(ReduceOps.java:921)\r","\tat java.base/java.util.stream.AbstractPipeline.evaluate(AbstractPipeline.java:234)\r","\tat java.base/java.util.stream.ReferencePipeline.collect(ReferencePipeline.java:682)\r","\tat org.openqa.selenium.remote.NewSessionPayload.create(NewSessionPayload.java:89)\r","\tat org.openqa.selenium.remote.ProtocolHandshake.createSession(ProtocolHandshake.java:60)\r","\tat io.appium.java_client.remote.AppiumCommandExecutor.createSession(AppiumCommandExecutor.java:178)\r","\tat io.appium.java_client.remote.AppiumCommandExecutor.execute(AppiumCommandExecutor.java:243)\r","\tat org.openqa.selenium.remote.RemoteWebDriver.execute(RemoteWebDriver.java:606)\r","\t... 31 more\r"]}],"test_framework_version":"7.12.0","test_logs":[],"test_scopes":["AppiumE2EEcommTest","AndroidAppiumTests.E2EEcommTests_POM"],"test_code":"public void AndroidAppiumTests.E2EEcommTests_POM.validateToastMessage()","test_id":"LongPressTest-2@2","test_uuid":"5b83ebd2-0bc9-4fbd-8e0e-c8a2d6f766a8","test_ended_at":"2026-04-20T19:02:20.747596100","automate_session_name":"LongPressTest-22","test_hook_last_finished":"BEFORE_METHOD","test_session_name":"AndroidAppiumTests.E2EEcommTests_POM-validateToastMessage","accumulated_error_messages":[],"custom_metadata":{},"test_failure_reason":"org.openqa.selenium.SessionNotCreatedException: Could not start a new session. Possible causes are invalid address of the remote server or browser start-up failure. \nHost info: host: 'DESKTOP-FRC4SK8', ip: '192.168.1.8'\nBuild info: version: '4.43.0', revision: 'dd0f534'\nSystem info: os.name: 'Windows 11', os.arch: 'amd64', os.version: '10.0', java.version: '21.0.8'\nDriver info: io.appium.java_client.android.AndroidDriver\nCommand: [null, newSession {capabilities=[null]}]\nCapabilities {}","test_location":"src\\test\\java\\AndroidAppiumTests\\E2EEcommTests_POM.java","test_hooks_started":{"BEFORE_METHOD":[],"BEFORE_CLASS":[]},"test_file_path":"src\\test\\java\\AndroidAppiumTests\\E2EEcommTests_POM.java","test_result":"skipped","test_hooks_finished":{"BEFORE_METHOD":[{"hook_name":"setUpDriver","hook_result":"failed","test_file_path":"AppiumSession_Cloud\\src\\test\\java\\AndroidAppiumTests\\E2EEcommTests_POM.java","event_started_at":"2026-04-20T19:02:18.346824700","hook_id":"77bcf9b8-a731-4e8f-b509-d01d89f7aabb","hook_logs":[],"logs":[],"key":"BEFORE_METHOD","custom_metadata":{},"event_ended_at":"2026-04-20T19:02:20.070865100","test_location":"AppiumSession_Cloud\\src\\test\\java\\AndroidAppiumTests\\E2EEcommTests_POM.java"}],"BEFORE_CLASS":[{"hook_name":"configureAppium","hook_result":"passed","test_file_path":"AppiumSession_Cloud\\src\\test\\java\\AndroidAppiumTests\\E2EEcommTests_POM.java","event_started_at":"2026-04-20T19:02:15.381850400","hook_id":"aa3b8087-e83b-4307-974a-d8a5273162ca","hook_logs":[],"logs":[],"key":"BEFORE_CLASS","custom_metadata":{},"event_ended_at":"2026-04-20T19:02:17.961925","test_location":"AppiumSession_Cloud\\src\\test\\java\\AndroidAppiumTests\\E2EEcommTests_POM.java"}]},"hook_id":"77bcf9b8-a731-4e8f-b509-d01d89f7aabb","test_meta":{},"isBrowserstackAutomationSession":true,"test_name":"validateToastMessage","accumulated_session_status":null,"logs":[]}
2026-04-20T13:32:21.494Z CLI info [testhub:request-queue-handler]  [poulamidatta_OM7YbZ]  [zerrekkj1n4tvejiqjjsd2en9kgd0pd9oq98skrf]  [aec0fced-1909-412a-a0db-6e0382e37345]  Added the event {
  event_type: 'TestRunFinished',
  test_run: {
    type: 'test',
    framework: 'TestNG',
    uuid: '5b83ebd2-0bc9-4fbd-8e0e-c8a2d6f766a8',
    name: 'validateToastMessage',
    body: {
      lang: 'java',
      code: 'public void AndroidAppiumTests.E2EEcommTests_POM.validateToastMessage()'
    },
    identifier: 'validateToastMessage',
    scope: 'AppiumE2EEcommTest.AndroidAppiumTests.E2EEcommTests_POM',
    scopes: [ 'AppiumE2EEcommTest', 'AndroidAppiumTests.E2EEcommTests_POM' ],
    file_name: 'src\\test\\java\\AndroidAppiumTests\\E2EEcommTests_POM.java',
    vc_filepath: 'eclipse-workspace\\AppiumSession_Cloud\\src\\test\\java\\AndroidAppiumTests\\E2EEcommTests_POM.java',
    location: 'src\\test\\java\\AndroidAppiumTests\\E2EEcommTests_POM.java',
    meta: {},
    result: 'skipped',
    duration_in_ms: 417,
    started_at: '2026-04-20T13:32:20.330Z',
    finished_at: '2026-04-20T13:32:20.747Z',
    failure: [ [Object] ],
    failure_type: 'UnhandledError',
    failure_reason: 'org.openqa.selenium.SessionNotCreatedException: Could not start a new session. Possible causes are invalid address of the remote server or browser start-up failure. \n' +
      "Host info: host: 'DESKTOP-FRC4SK8', ip: '192.168.1.8'\n" +
      "Build info: version: '4.43.0', revision: 'dd0f534'\n" +
      "System info: os.name: 'Windows 11', os.arch: 'amd64', os.version: '10.0', java.version: '21.0.8'\n" +
      'Driver info: io.appium.java_client.android.AndroidDriver\n' +
      'Command: [null, newSession {capabilities=[null]}]\n' +
      'Capabilities {}',
    retry_of: null,
    custom_metadata: {},
    tags: [],
    customRerunParam: { rerun_name: 'LongPressTest-2' },
    hooks: [
      '77bcf9b8-a731-4e8f-b509-d01d89f7aabb',
      'aa3b8087-e83b-4307-974a-d8a5273162ca'
    ],
    product_map: {
      observability: true,
      accessibility: false,
      percy: false,
      automate: false,
      app_automate: true,
      lts: false
    }
  },
  logs: []
} to 16184:0
2026-04-20T13:32:21.502Z CLI warn [TEST REPORTING AND ANALYTICS:java:testng]  [poulamidatta_OM7YbZ]  [zerrekkj1n4tvejiqjjsd2en9kgd0pd9oq98skrf]  [aec0fced-1909-412a-a0db-6e0382e37345]  TestRunFinished: event={"test_hook_last_started":"BEFORE_METHOD","test_failure_type":"UnhandledError","test_rerun_name":"LongPressTest-1","test_result_at":"2026-04-20T19:02:20.701193","test_scope":"AppiumE2EEcommTest.AndroidAppiumTests.E2EEcommTests_POM","test_framework_name":"TestNG","test_tags":"","cbt_session_created":true,"test_started_at":"2026-04-20T19:02:20.337823200","platform_index":0,"test_failure":[{"backtrace":["org.openqa.selenium.SessionNotCreatedException: Could not start a new session. Possible causes are invalid address of the remote server or browser start-up failure. ","Host info: host: 'DESKTOP-FRC4SK8', ip: '192.168.1.8'","Build info: version: '4.43.0', revision: 'dd0f534'","System info: os.name: 'Windows 11', os.arch: 'amd64', os.version: '10.0', java.version: '21.0.8'","Driver info: io.appium.java_client.android.AndroidDriver","Command: [null, newSession {capabilities=[null]}]","Capabilities {}\r","\tat org.openqa.selenium.remote.RemoteWebDriver.execute(RemoteWebDriver.java:627)\r","\tat io.appium.java_client.AppiumDriver.startSession(AppiumDriver.java:308)\r","\tat org.openqa.selenium.remote.RemoteWebDriver.<init>(RemoteWebDriver.java:213)\r","\tat org.openqa.selenium.remote.RemoteWebDriver.<init>(RemoteWebDriver.java:199)\r","\tat io.appium.java_client.AppiumDriver.<init>(AppiumDriver.java:98)\r","\tat io.appium.java_client.AppiumDriver.<init>(AppiumDriver.java:109)\r","\tat io.appium.java_client.android.AndroidDriver.<init>(AndroidDriver.java:108)\r","\tat BaseTests.EcommBaseTest.setUpDriver(EcommBaseTest.java:65)\r","\tat java.base/jdk.internal.reflect.DirectMethodHandleAccessor.invoke(DirectMethodHandleAccessor.java:103)\r","\tat java.base/java.lang.reflect.Method.invoke(Method.java:580)\r","\tat org.testng.internal.invokers.MethodInvocationHelper.invokeMethod(MethodInvocationHelper.java:141)\r","\tat org.testng.internal.invokers.MethodInvocationHelper.invokeMethodConsideringTimeout(MethodInvocationHelper.java:71)\r","\tat org.testng.internal.invokers.ConfigInvoker.invokeConfigurationMethod(ConfigInvoker.java:400)\r","\tat org.testng.internal.invokers.ConfigInvoker.invokeConfigurations(ConfigInvoker.java:333)\r","\tat org.testng.internal.invokers.TestInvoker.runConfigMethods(TestInvoker.java:846)\r","\tat org.testng.internal.invokers.TestInvoker.invokeMethod(TestInvoker.java:611)\r","\tat org.testng.internal.invokers.TestInvoker.invokeTestMethod(TestInvoker.java:230)\r","\tat org.testng.internal.invokers.MethodRunner.runInSequence(MethodRunner.java:63)\r","\tat org.testng.internal.invokers.TestInvoker$MethodInvocationAgent.invoke(TestInvoker.java:1005)\r","\tat org.testng.internal.invokers.TestInvoker.invokeTestMethods(TestInvoker.java:203)\r","\tat org.testng.internal.invokers.TestMethodWorker.invokeTestMethods(TestMethodWorker.java:154)\r","\tat org.testng.internal.invokers.TestMethodWorker.run(TestMethodWorker.java:134)\r","\tat java.base/java.util.ArrayList.forEach(ArrayList.java:1596)\r","\tat org.testng.TestRunner.privateRun(TestRunner.java:744)\r","\tat org.testng.TestRunner.run(TestRunner.java:616)\r","\tat org.testng.SuiteRunner.runTest(SuiteRunner.java:421)\r","\tat org.testng.SuiteRunner$SuiteWorker.run(SuiteRunner.java:463)\r","\tat org.testng.internal.thread.ThreadUtil.lambda$execute$0(ThreadUtil.java:64)\r","\tat java.base/java.util.concurrent.FutureTask.run(FutureTask.java:317)\r","\tat java.base/java.util.concurrent.ThreadPoolExecutor.runWorker(ThreadPoolExecutor.java:1144)\r","\tat java.base/java.util.concurrent.ThreadPoolExecutor$Worker.run(ThreadPoolExecutor.java:642)\r","\tat java.base/java.lang.Thread.run(Thread.java:1583)\r","Caused by: java.lang.NullPointerException\r","\tat java.base/java.util.stream.ReferencePipeline$3$1.accept(ReferencePipeline.java:197)\r","\tat java.base/java.util.Collections$2.tryAdvance(Collections.java:5073)\r","\tat java.base/java.util.Collections$2.forEachRemaining(Collections.java:5081)\r","\tat java.base/java.util.stream.AbstractPipeline.copyInto(AbstractPipeline.java:509)\r","\tat java.base/java.util.stream.AbstractPipeline.wrapAndCopyInto(AbstractPipeline.java:499)\r","\tat java.base/java.util.stream.ReduceOps$ReduceOp.evaluateSequential(ReduceOps.java:921)\r","\tat java.base/java.util.stream.AbstractPipeline.evaluate(AbstractPipeline.java:234)\r","\tat java.base/java.util.stream.ReferencePipeline.collect(ReferencePipeline.java:682)\r","\tat org.openqa.selenium.remote.NewSessionPayload.create(NewSessionPayload.java:89)\r","\tat org.openqa.selenium.remote.ProtocolHandshake.createSession(ProtocolHandshake.java:60)\r","\tat io.appium.java_client.remote.AppiumCommandExecutor.createSession(AppiumCommandExecutor.java:178)\r","\tat io.appium.java_client.remote.AppiumCommandExecutor.execute(AppiumCommandExecutor.java:243)\r","\tat org.openqa.selenium.remote.RemoteWebDriver.execute(RemoteWebDriver.java:606)\r","\t... 31 more\r"]}],"test_framework_version":"7.12.0","test_logs":[],"test_scopes":["AppiumE2EEcommTest","AndroidAppiumTests.E2EEcommTests_POM"],"test_code":"public void AndroidAppiumTests.E2EEcommTests_POM.validateToastMessage()","test_id":"LongPressTest-1@1","test_uuid":"d957550f-8d2d-46c9-b8bb-95e030f76209","test_ended_at":"2026-04-20T19:02:20.714195600","automate_session_name":"LongPressTest-11","test_hook_last_finished":"BEFORE_METHOD","test_session_name":"AndroidAppiumTests.E2EEcommTests_POM-validateToastMessage","accumulated_error_messages":[],"custom_metadata":{},"test_failure_reason":"org.openqa.selenium.SessionNotCreatedException: Could not start a new session. Possible causes are invalid address of the remote server or browser start-up failure. \nHost info: host: 'DESKTOP-FRC4SK8', ip: '192.168.1.8'\nBuild info: version: '4.43.0', revision: 'dd0f534'\nSystem info: os.name: 'Windows 11', os.arch: 'amd64', os.version: '10.0', java.version: '21.0.8'\nDriver info: io.appium.java_client.android.AndroidDriver\nCommand: [null, newSession {capabilities=[null]}]\nCapabilities {}","test_location":"src\\test\\java\\AndroidAppiumTests\\E2EEcommTests_POM.java","test_hooks_started":{"BEFORE_METHOD":[],"BEFORE_CLASS":[]},"test_file_path":"src\\test\\java\\AndroidAppiumTests\\E2EEcommTests_POM.java","test_result":"skipped","test_hooks_finished":{"BEFORE_METHOD":[{"hook_name":"setUpDriver","hook_result":"failed","test_file_path":"AppiumSession_Cloud\\src\\test\\java\\AndroidAppiumTests\\E2EEcommTests_POM.java","event_started_at":"2026-04-20T19:02:18.317864700","hook_id":"7b01eed8-5c62-43bf-bb57-1c81cb4480d5","hook_logs":[],"logs":[],"key":"BEFORE_METHOD","custom_metadata":{},"event_ended_at":"2026-04-20T19:02:20.117155800","test_location":"AppiumSession_Cloud\\src\\test\\java\\AndroidAppiumTests\\E2EEcommTests_POM.java"}],"BEFORE_CLASS":[{"hook_name":"configureAppium","hook_result":"passed","test_file_path":"AppiumSession_Cloud\\src\\test\\java\\AndroidAppiumTests\\E2EEcommTests_POM.java","event_started_at":"2026-04-20T19:02:15.381850400","hook_id":"c824efbd-bab9-479f-a1a9-a0524291b9e2","hook_logs":[],"logs":[],"key":"BEFORE_CLASS","custom_metadata":{},"event_ended_at":"2026-04-20T19:02:17.946433300","test_location":"AppiumSession_Cloud\\src\\test\\java\\AndroidAppiumTests\\E2EEcommTests_POM.java"}]},"hook_id":"7b01eed8-5c62-43bf-bb57-1c81cb4480d5","test_meta":{},"isBrowserstackAutomationSession":true,"test_name":"validateToastMessage","accumulated_session_status":null,"logs":[]}
2026-04-20T13:32:21.507Z CLI info [testhub:request-queue-handler]  [poulamidatta_OM7YbZ]  [zerrekkj1n4tvejiqjjsd2en9kgd0pd9oq98skrf]  [aec0fced-1909-412a-a0db-6e0382e37345]  Added the event {
  event_type: 'TestRunFinished',
  test_run: {
    type: 'test',
    framework: 'TestNG',
    uuid: 'd957550f-8d2d-46c9-b8bb-95e030f76209',
    name: 'validateToastMessage',
    body: {
      lang: 'java',
      code: 'public void AndroidAppiumTests.E2EEcommTests_POM.validateToastMessage()'
    },
    identifier: 'validateToastMessage',
    scope: 'AppiumE2EEcommTest.AndroidAppiumTests.E2EEcommTests_POM',
    scopes: [ 'AppiumE2EEcommTest', 'AndroidAppiumTests.E2EEcommTests_POM' ],
    file_name: 'src\\test\\java\\AndroidAppiumTests\\E2EEcommTests_POM.java',
    vc_filepath: 'eclipse-workspace\\AppiumSession_Cloud\\src\\test\\java\\AndroidAppiumTests\\E2EEcommTests_POM.java',
    location: 'src\\test\\java\\AndroidAppiumTests\\E2EEcommTests_POM.java',
    meta: {},
    result: 'skipped',
    duration_in_ms: 377,
    started_at: '2026-04-20T13:32:20.337Z',
    finished_at: '2026-04-20T13:32:20.714Z',
    failure: [ [Object] ],
    failure_type: 'UnhandledError',
    failure_reason: 'org.openqa.selenium.SessionNotCreatedException: Could not start a new session. Possible causes are invalid address of the remote server or browser start-up failure. \n' +
      "Host info: host: 'DESKTOP-FRC4SK8', ip: '192.168.1.8'\n" +
      "Build info: version: '4.43.0', revision: 'dd0f534'\n" +
      "System info: os.name: 'Windows 11', os.arch: 'amd64', os.version: '10.0', java.version: '21.0.8'\n" +
      'Driver info: io.appium.java_client.android.AndroidDriver\n' +
      'Command: [null, newSession {capabilities=[null]}]\n' +
      'Capabilities {}',
    retry_of: null,
    custom_metadata: {},
    tags: [],
    customRerunParam: { rerun_name: 'LongPressTest-1' },
    hooks: [
      '7b01eed8-5c62-43bf-bb57-1c81cb4480d5',
      'c824efbd-bab9-479f-a1a9-a0524291b9e2'
    ],
    product_map: {
      observability: true,
      accessibility: false,
      percy: false,
      automate: false,
      app_automate: true,
      lts: false
    }
  },
  logs: []
} to 16184:0
2026-04-20T13:32:21.508Z CLI warn [TEST REPORTING AND ANALYTICS:java:testng]  [poulamidatta_OM7YbZ]  [zerrekkj1n4tvejiqjjsd2en9kgd0pd9oq98skrf]  [aec0fced-1909-412a-a0db-6e0382e37345]  TestRunFinished: event={"test_hook_last_started":"BEFORE_METHOD","test_failure_type":"UnhandledError","test_rerun_name":"LongPressTest-0","test_result_at":"2026-04-20T19:02:20.714195600","test_scope":"AppiumE2EEcommTest.AndroidAppiumTests.E2EEcommTests_POM","test_framework_name":"TestNG","test_tags":"","cbt_session_created":true,"test_started_at":"2026-04-20T19:02:20.363271200","platform_index":0,"test_failure":[{"backtrace":["org.openqa.selenium.SessionNotCreatedException: Could not start a new session. Possible causes are invalid address of the remote server or browser start-up failure. ","Host info: host: 'DESKTOP-FRC4SK8', ip: '192.168.1.8'","Build info: version: '4.43.0', revision: 'dd0f534'","System info: os.name: 'Windows 11', os.arch: 'amd64', os.version: '10.0', java.version: '21.0.8'","Driver info: io.appium.java_client.android.AndroidDriver","Command: [null, newSession {capabilities=[null]}]","Capabilities {}\r","\tat org.openqa.selenium.remote.RemoteWebDriver.execute(RemoteWebDriver.java:627)\r","\tat io.appium.java_client.AppiumDriver.startSession(AppiumDriver.java:308)\r","\tat org.openqa.selenium.remote.RemoteWebDriver.<init>(RemoteWebDriver.java:213)\r","\tat org.openqa.selenium.remote.RemoteWebDriver.<init>(RemoteWebDriver.java:199)\r","\tat io.appium.java_client.AppiumDriver.<init>(AppiumDriver.java:98)\r","\tat io.appium.java_client.AppiumDriver.<init>(AppiumDriver.java:109)\r","\tat io.appium.java_client.android.AndroidDriver.<init>(AndroidDriver.java:108)\r","\tat BaseTests.EcommBaseTest.setUpDriver(EcommBaseTest.java:65)\r","\tat java.base/jdk.internal.reflect.DirectMethodHandleAccessor.invoke(DirectMethodHandleAccessor.java:103)\r","\tat java.base/java.lang.reflect.Method.invoke(Method.java:580)\r","\tat org.testng.internal.invokers.MethodInvocationHelper.invokeMethod(MethodInvocationHelper.java:141)\r","\tat org.testng.internal.invokers.MethodInvocationHelper.invokeMethodConsideringTimeout(MethodInvocationHelper.java:71)\r","\tat org.testng.internal.invokers.ConfigInvoker.invokeConfigurationMethod(ConfigInvoker.java:400)\r","\tat org.testng.internal.invokers.ConfigInvoker.invokeConfigurations(ConfigInvoker.java:333)\r","\tat org.testng.internal.invokers.TestInvoker.runConfigMethods(TestInvoker.java:846)\r","\tat org.testng.internal.invokers.TestInvoker.invokeMethod(TestInvoker.java:611)\r","\tat org.testng.internal.invokers.TestInvoker.invokeTestMethod(TestInvoker.java:230)\r","\tat org.testng.internal.invokers.MethodRunner.runInSequence(MethodRunner.java:63)\r","\tat org.testng.internal.invokers.TestInvoker$MethodInvocationAgent.invoke(TestInvoker.java:1005)\r","\tat org.testng.internal.invokers.TestInvoker.invokeTestMethods(TestInvoker.java:203)\r","\tat org.testng.internal.invokers.TestMethodWorker.invokeTestMethods(TestMethodWorker.java:154)\r","\tat org.testng.internal.invokers.TestMethodWorker.run(TestMethodWorker.java:134)\r","\tat java.base/java.util.ArrayList.forEach(ArrayList.java:1596)\r","\tat org.testng.TestRunner.privateRun(TestRunner.java:744)\r","\tat org.testng.TestRunner.run(TestRunner.java:616)\r","\tat org.testng.SuiteRunner.runTest(SuiteRunner.java:421)\r","\tat org.testng.SuiteRunner$SuiteWorker.run(SuiteRunner.java:463)\r","\tat org.testng.internal.thread.ThreadUtil.lambda$execute$0(ThreadUtil.java:64)\r","\tat java.base/java.util.concurrent.FutureTask.run(FutureTask.java:317)\r","\tat java.base/java.util.concurrent.ThreadPoolExecutor.runWorker(ThreadPoolExecutor.java:1144)\r","\tat java.base/java.util.concurrent.ThreadPoolExecutor$Worker.run(ThreadPoolExecutor.java:642)\r","\tat java.base/java.lang.Thread.run(Thread.java:1583)\r","Caused by: java.lang.NullPointerException\r","\tat java.base/java.util.stream.ReferencePipeline$3$1.accept(ReferencePipeline.java:197)\r","\tat java.base/java.util.Collections$2.tryAdvance(Collections.java:5073)\r","\tat java.base/java.util.Collections$2.forEachRemaining(Collections.java:5081)\r","\tat java.base/java.util.stream.AbstractPipeline.copyInto(AbstractPipeline.java:509)\r","\tat java.base/java.util.stream.AbstractPipeline.wrapAndCopyInto(AbstractPipeline.java:499)\r","\tat java.base/java.util.stream.ReduceOps$ReduceOp.evaluateSequential(ReduceOps.java:921)\r","\tat java.base/java.util.stream.AbstractPipeline.evaluate(AbstractPipeline.java:234)\r","\tat java.base/java.util.stream.ReferencePipeline.collect(ReferencePipeline.java:682)\r","\tat org.openqa.selenium.remote.NewSessionPayload.create(NewSessionPayload.java:89)\r","\tat org.openqa.selenium.remote.ProtocolHandshake.createSession(ProtocolHandshake.java:60)\r","\tat io.appium.java_client.remote.AppiumCommandExecutor.createSession(AppiumCommandExecutor.java:178)\r","\tat io.appium.java_client.remote.AppiumCommandExecutor.execute(AppiumCommandExecutor.java:243)\r","\tat org.openqa.selenium.remote.RemoteWebDriver.execute(RemoteWebDriver.java:606)\r","\t... 31 more\r"]}],"test_framework_version":"7.12.0","test_logs":[],"test_scopes":["AppiumE2EEcommTest","AndroidAppiumTests.E2EEcommTests_POM"],"test_code":"public void AndroidAppiumTests.E2EEcommTests_POM.validateToastMessage()","test_id":"LongPressTest-0@0","test_uuid":"b9ca2d1d-acc3-4369-9ad0-02184802ba4e","test_ended_at":"2026-04-20T19:02:20.720408900","automate_session_name":"LongPressTest-00","test_hook_last_finished":"BEFORE_METHOD","test_session_name":"AndroidAppiumTests.E2EEcommTests_POM-validateToastMessage","accumulated_error_messages":[],"custom_metadata":{},"test_failure_reason":"org.openqa.selenium.SessionNotCreatedException: Could not start a new session. Possible causes are invalid address of the remote server or browser start-up failure. \nHost info: host: 'DESKTOP-FRC4SK8', ip: '192.168.1.8'\nBuild info: version: '4.43.0', revision: 'dd0f534'\nSystem info: os.name: 'Windows 11', os.arch: 'amd64', os.version: '10.0', java.version: '21.0.8'\nDriver info: io.appium.java_client.android.AndroidDriver\nCommand: [null, newSession {capabilities=[null]}]\nCapabilities {}","test_location":"src\\test\\java\\AndroidAppiumTests\\E2EEcommTests_POM.java","test_hooks_started":{"BEFORE_METHOD":[],"BEFORE_CLASS":[]},"test_file_path":"src\\test\\java\\AndroidAppiumTests\\E2EEcommTests_POM.java","test_result":"skipped","test_hooks_finished":{"BEFORE_METHOD":[{"hook_name":"setUpDriver","hook_result":"failed","test_file_path":"AppiumSession_Cloud\\src\\test\\java\\AndroidAppiumTests\\E2EEcommTests_POM.java","event_started_at":"2026-04-20T19:02:18.310369800","hook_id":"fbd231f9-a496-4723-84e8-64acfbad07aa","hook_logs":[],"logs":[],"key":"BEFORE_METHOD","custom_metadata":{},"event_ended_at":"2026-04-20T19:02:20.087478500","test_location":"AppiumSession_Cloud\\src\\test\\java\\AndroidAppiumTests\\E2EEcommTests_POM.java"}],"BEFORE_CLASS":[{"hook_name":"configureAppium","hook_result":"passed","test_file_path":"AppiumSession_Cloud\\src\\test\\java\\AndroidAppiumTests\\E2EEcommTests_POM.java","event_started_at":"2026-04-20T19:02:15.381850400","hook_id":"68f5a914-443b-4a17-80a1-dc1bb2e46e16","hook_logs":[],"logs":[],"key":"BEFORE_CLASS","custom_metadata":{},"event_ended_at":"2026-04-20T19:02:17.933547500","test_location":"AppiumSession_Cloud\\src\\test\\java\\AndroidAppiumTests\\E2EEcommTests_POM.java"}]},"hook_id":"fbd231f9-a496-4723-84e8-64acfbad07aa","test_meta":{},"isBrowserstackAutomationSession":true,"test_name":"validateToastMessage","accumulated_session_status":null,"logs":[]}
2026-04-20T13:32:21.510Z CLI info [testhub:request-queue-handler]  [poulamidatta_OM7YbZ]  [zerrekkj1n4tvejiqjjsd2en9kgd0pd9oq98skrf]  [aec0fced-1909-412a-a0db-6e0382e37345]  Added the event {
  event_type: 'TestRunFinished',
  test_run: {
    type: 'test',
    framework: 'TestNG',
    uuid: 'b9ca2d1d-acc3-4369-9ad0-02184802ba4e',
    name: 'validateToastMessage',
    body: {
      lang: 'java',
      code: 'public void AndroidAppiumTests.E2EEcommTests_POM.validateToastMessage()'
    },
    identifier: 'validateToastMessage',
    scope: 'AppiumE2EEcommTest.AndroidAppiumTests.E2EEcommTests_POM',
    scopes: [ 'AppiumE2EEcommTest', 'AndroidAppiumTests.E2EEcommTests_POM' ],
    file_name: 'src\\test\\java\\AndroidAppiumTests\\E2EEcommTests_POM.java',
    vc_filepath: 'eclipse-workspace\\AppiumSession_Cloud\\src\\test\\java\\AndroidAppiumTests\\E2EEcommTests_POM.java',
    location: 'src\\test\\java\\AndroidAppiumTests\\E2EEcommTests_POM.java',
    meta: {},
    result: 'skipped',
    duration_in_ms: 357,
    started_at: '2026-04-20T13:32:20.363Z',
    finished_at: '2026-04-20T13:32:20.720Z',
    failure: [ [Object] ],
    failure_type: 'UnhandledError',
    failure_reason: 'org.openqa.selenium.SessionNotCreatedException: Could not start a new session. Possible causes are invalid address of the remote server or browser start-up failure. \n' +
      "Host info: host: 'DESKTOP-FRC4SK8', ip: '192.168.1.8'\n" +
      "Build info: version: '4.43.0', revision: 'dd0f534'\n" +
      "System info: os.name: 'Windows 11', os.arch: 'amd64', os.version: '10.0', java.version: '21.0.8'\n" +
      'Driver info: io.appium.java_client.android.AndroidDriver\n' +
      'Command: [null, newSession {capabilities=[null]}]\n' +
      'Capabilities {}',
    retry_of: null,
    custom_metadata: {},
    tags: [],
    customRerunParam: { rerun_name: 'LongPressTest-0' },
    hooks: [
      'fbd231f9-a496-4723-84e8-64acfbad07aa',
      '68f5a914-443b-4a17-80a1-dc1bb2e46e16'
    ],
    product_map: {
      observability: true,
      accessibility: false,
      percy: false,
      automate: false,
      app_automate: true,
      lts: false
    }
  },
  logs: []
} to 16184:0
2026-04-20T13:32:21.758Z CLI warn [TEST REPORTING AND ANALYTICS:java]  [poulamidatta_OM7YbZ]  [zerrekkj1n4tvejiqjjsd2en9kgd0pd9oq98skrf]  [aec0fced-1909-412a-a0db-6e0382e37345]  onTestSessionEvent: empty capabilities for driver=2046740661
2026-04-20T13:32:21.785Z CLI info [testhub:request-queue-handler]  [poulamidatta_OM7YbZ]  [zerrekkj1n4tvejiqjjsd2en9kgd0pd9oq98skrf]  [aec0fced-1909-412a-a0db-6e0382e37345]  Added the event {
  event_type: 'HookRunStarted',
  hook_run: {
    type: 'hook',
    hook_type: 'AFTER_METHOD',
    framework: 'TestNG',
    uuid: '8e6a75de-d5b8-48ce-9d12-c2f5d9a4e800',
    name: 'quitDriver',
    result: 'pending',
    test_run_id: 'd957550f-8d2d-46c9-b8bb-95e030f76209',
    body: { lang: 'java', code: null },
    scope: 'AppiumE2EEcommTest.AndroidAppiumTests.E2EEcommTests_POM',
    custom_metadata: {},
    tags: [],
    scopes: [ 'AppiumE2EEcommTest', 'AndroidAppiumTests.E2EEcommTests_POM' ],
    file_name: 'AppiumSession_Cloud\\src\\test\\java\\AndroidAppiumTests\\E2EEcommTests_POM.java',
    vc_filepath: 'eclipse-workspace\\AppiumSession_Cloud\\AppiumSession_Cloud\\src\\test\\java\\AndroidAppiumTests\\E2EEcommTests_POM.java',
    location: 'AppiumSession_Cloud\\src\\test\\java\\AndroidAppiumTests\\E2EEcommTests_POM.java',
    started_at: '2026-04-20T13:32:21.744Z'
  },
  logs: []
} to 16184:0
2026-04-20T13:32:21.835Z CLI info [testhub:request-queue-handler]  [poulamidatta_OM7YbZ]  [zerrekkj1n4tvejiqjjsd2en9kgd0pd9oq98skrf]  [aec0fced-1909-412a-a0db-6e0382e37345]  Processing batch event [
  {
    event_type: 'HookRunFinished',
    hook_run: {
      type: 'hook',
      hook_type: 'BEFORE_METHOD',
      framework: 'TestNG',
      uuid: '77bcf9b8-a731-4e8f-b509-d01d89f7aabb',
      name: 'setUpDriver',
      result: 'failed',
      test_run_id: 'b768cf63-000c-4e91-b614-dbe64182ffed',
      body: { lang: 'java', code: null },
      scope: 'AppiumE2EEcommTest.AndroidAppiumTests.E2EEcommTests_POM',
      custom_metadata: {},
      tags: [],
      scopes: [ 'AppiumE2EEcommTest', 'AndroidAppiumTests.E2EEcommTests_POM' ],
      file_name: 'AppiumSession_Cloud\\src\\test\\java\\AndroidAppiumTests\\E2EEcommTests_POM.java',
      vc_filepath: 'eclipse-workspace\\AppiumSession_Cloud\\AppiumSession_Cloud\\src\\test\\java\\AndroidAppiumTests\\E2EEcommTests_POM.java',
      location: 'AppiumSession_Cloud\\src\\test\\java\\AndroidAppiumTests\\E2EEcommTests_POM.java',
      started_at: '2026-04-20T13:32:18.346Z',
      finished_at: '2026-04-20T13:32:20.070Z'
    },
    logs: []
  },
  {
    event_type: 'HookRunFinished',
    hook_run: {
      type: 'hook',
      hook_type: 'BEFORE_METHOD',
      framework: 'TestNG',
      uuid: 'fbd231f9-a496-4723-84e8-64acfbad07aa',
      name: 'setUpDriver',
      result: 'failed',
      test_run_id: 'a8811c29-49c0-45cf-ab7d-0eeae02f7553',
      body: { lang: 'java', code: null },
      scope: 'AppiumE2EEcommTest.AndroidAppiumTests.E2EEcommTests_POM',
      custom_metadata: {},
      tags: [],
      scopes: [ 'AppiumE2EEcommTest', 'AndroidAppiumTests.E2EEcommTests_POM' ],
      file_name: 'AppiumSession_Cloud\\src\\test\\java\\AndroidAppiumTests\\E2EEcommTests_POM.java',
      vc_filepath: 'eclipse-workspace\\AppiumSession_Cloud\\AppiumSession_Cloud\\src\\test\\java\\AndroidAppiumTests\\E2EEcommTests_POM.java',
      location: 'AppiumSession_Cloud\\src\\test\\java\\AndroidAppiumTests\\E2EEcommTests_POM.java',
      started_at: '2026-04-20T13:32:18.310Z',
      finished_at: '2026-04-20T13:32:20.087Z'
    },
    logs: []
  },
  {
    event_type: 'HookRunFinished',
    hook_run: {
      type: 'hook',
      hook_type: 'BEFORE_METHOD',
      framework: 'TestNG',
      uuid: '7b01eed8-5c62-43bf-bb57-1c81cb4480d5',
      name: 'setUpDriver',
      result: 'failed',
      test_run_id: 'c13fc145-c046-404b-b7d8-219b6061e1ab',
      body: { lang: 'java', code: null },
      scope: 'AppiumE2EEcommTest.AndroidAppiumTests.E2EEcommTests_POM',
      custom_metadata: {},
      tags: [],
      scopes: [ 'AppiumE2EEcommTest', 'AndroidAppiumTests.E2EEcommTests_POM' ],
      file_name: 'AppiumSession_Cloud\\src\\test\\java\\AndroidAppiumTests\\E2EEcommTests_POM.java',
      vc_filepath: 'eclipse-workspace\\AppiumSession_Cloud\\AppiumSession_Cloud\\src\\test\\java\\AndroidAppiumTests\\E2EEcommTests_POM.java',
      location: 'AppiumSession_Cloud\\src\\test\\java\\AndroidAppiumTests\\E2EEcommTests_POM.java',
      started_at: '2026-04-20T13:32:18.317Z',
      finished_at: '2026-04-20T13:32:20.117Z'
    },
    logs: []
  },
  {
    event_type: 'TestRunStarted',
    test_run: {
      type: 'test',
      framework: 'TestNG',
      uuid: 'b9ca2d1d-acc3-4369-9ad0-02184802ba4e',
      name: 'validateToastMessage',
      body: {
        lang: 'java',
        code: 'public void AndroidAppiumTests.E2EEcommTests_POM.validateToastMessage()'
      },
      identifier: 'validateToastMessage',
      scope: 'AppiumE2EEcommTest.AndroidAppiumTests.E2EEcommTests_POM',
      scopes: [ 'AppiumE2EEcommTest', 'AndroidAppiumTests.E2EEcommTests_POM' ],
      file_name: 'src\\test\\java\\AndroidAppiumTests\\E2EEcommTests_POM.java',
      vc_filepath: 'eclipse-workspace\\AppiumSession_Cloud\\src\\test\\java\\AndroidAppiumTests\\E2EEcommTests_POM.java',
      location: 'src\\test\\java\\AndroidAppiumTests\\E2EEcommTests_POM.java',
      meta: {},
      result: 'pending',
      duration_in_ms: null,
      started_at: '2026-04-20T13:32:20.363Z',
      failure: undefined,
      failure_type: undefined,
      failure_reason: undefined,
      retry_of: null,
      custom_metadata: {},
      tags: [],
      customRerunParam: { rerun_name: 'LongPressTest-0' },
      hooks: [],
      product_map: {
        observability: true,
        accessibility: false,
        percy: false,
        automate: false,
        app_automate: true,
        lts: false
      }
    },
    logs: []
  },
  {
    event_type: 'TestRunStarted',
    test_run: {
      type: 'test',
      framework: 'TestNG',
      uuid: 'd957550f-8d2d-46c9-b8bb-95e030f76209',
      name: 'validateToastMessage',
      body: {
        lang: 'java',
        code: 'public void AndroidAppiumTests.E2EEcommTests_POM.validateToastMessage()'
      },
      identifier: 'validateToastMessage',
      scope: 'AppiumE2EEcommTest.AndroidAppiumTests.E2EEcommTests_POM',
      scopes: [ 'AppiumE2EEcommTest', 'AndroidAppiumTests.E2EEcommTests_POM' ],
      file_name: 'src\\test\\java\\AndroidAppiumTests\\E2EEcommTests_POM.java',
      vc_filepath: 'eclipse-workspace\\AppiumSession_Cloud\\src\\test\\java\\AndroidAppiumTests\\E2EEcommTests_POM.java',
      location: 'src\\test\\java\\AndroidAppiumTests\\E2EEcommTests_POM.java',
      meta: {},
      result: 'pending',
      duration_in_ms: null,
      started_at: '2026-04-20T13:32:20.337Z',
      failure: undefined,
      failure_type: undefined,
      failure_reason: undefined,
      retry_of: null,
      custom_metadata: {},
      tags: [],
      customRerunParam: { rerun_name: 'LongPressTest-1' },
      hooks: [],
      product_map: {
        observability: true,
        accessibility: false,
        percy: false,
        automate: false,
        app_automate: true,
        lts: false
      }
    },
    logs: []
  },
  {
    event_type: 'TestRunStarted',
    test_run: {
      type: 'test',
      framework: 'TestNG',
      uuid: '5b83ebd2-0bc9-4fbd-8e0e-c8a2d6f766a8',
      name: 'validateToastMessage',
      body: {
        lang: 'java',
        code: 'public void AndroidAppiumTests.E2EEcommTests_POM.validateToastMessage()'
      },
      identifier: 'validateToastMessage',
      scope: 'AppiumE2EEcommTest.AndroidAppiumTests.E2EEcommTests_POM',
      scopes: [ 'AppiumE2EEcommTest', 'AndroidAppiumTests.E2EEcommTests_POM' ],
      file_name: 'src\\test\\java\\AndroidAppiumTests\\E2EEcommTests_POM.java',
      vc_filepath: 'eclipse-workspace\\AppiumSession_Cloud\\src\\test\\java\\AndroidAppiumTests\\E2EEcommTests_POM.java',
      location: 'src\\test\\java\\AndroidAppiumTests\\E2EEcommTests_POM.java',
      meta: {},
      result: 'pending',
      duration_in_ms: null,
      started_at: '2026-04-20T13:32:20.330Z',
      failure: undefined,
      failure_type: undefined,
      failure_reason: undefined,
      retry_of: null,
      custom_metadata: {},
      tags: [],
      customRerunParam: { rerun_name: 'LongPressTest-2' },
      hooks: [],
      product_map: {
        observability: true,
        accessibility: false,
        percy: false,
        automate: false,
        app_automate: true,
        lts: false
      }
    },
    logs: []
  },
  {
    event_type: 'LogCreated',
    logs: [
      {
        testFrameworkName: 'TestNG',
        testFrameworkVersion: '7.12.0',
        testFrameworkState: 'LOG',
        timestamp: '2026-04-20T13:32:20.641Z',
        uuid: 'd957550f-8d2d-46c9-b8bb-95e030f76209',
        kind: 'TEST_LOG',
        message: '"Test Skipped validateToastMessage"',
        level: 'INFO',
        test_run_uuid: 'd957550f-8d2d-46c9-b8bb-95e030f76209'
      }
    ]
  },
  {
    event_type: 'LogCreated',
    logs: [
      {
        testFrameworkName: 'TestNG',
        testFrameworkVersion: '7.12.0',
        testFrameworkState: 'LOG',
        timestamp: '2026-04-20T13:32:20.691Z',
        uuid: 'b9ca2d1d-acc3-4369-9ad0-02184802ba4e',
        kind: 'TEST_LOG',
        message: '"Test Skipped validateToastMessage"',
        level: 'INFO',
        test_run_uuid: 'b9ca2d1d-acc3-4369-9ad0-02184802ba4e'
      }
    ]
  },
  {
    event_type: 'LogCreated',
    logs: [
      {
        testFrameworkName: 'TestNG',
        testFrameworkVersion: '7.12.0',
        testFrameworkState: 'LOG',
        timestamp: '2026-04-20T13:32:20.712Z',
        uuid: '5b83ebd2-0bc9-4fbd-8e0e-c8a2d6f766a8',
        kind: 'TEST_LOG',
        message: '"Test Skipped validateToastMessage"',
        level: 'INFO',
        test_run_uuid: '5b83ebd2-0bc9-4fbd-8e0e-c8a2d6f766a8'
      }
    ]
  },
  {
    event_type: 'TestRunFinished',
    test_run: {
      type: 'test',
      framework: 'TestNG',
      uuid: '5b83ebd2-0bc9-4fbd-8e0e-c8a2d6f766a8',
      name: 'validateToastMessage',
      body: {
        lang: 'java',
        code: 'public void AndroidAppiumTests.E2EEcommTests_POM.validateToastMessage()'
      },
      identifier: 'validateToastMessage',
      scope: 'AppiumE2EEcommTest.AndroidAppiumTests.E2EEcommTests_POM',
      scopes: [ 'AppiumE2EEcommTest', 'AndroidAppiumTests.E2EEcommTests_POM' ],
      file_name: 'src\\test\\java\\AndroidAppiumTests\\E2EEcommTests_POM.java',
      vc_filepath: 'eclipse-workspace\\AppiumSession_Cloud\\src\\test\\java\\AndroidAppiumTests\\E2EEcommTests_POM.java',
      location: 'src\\test\\java\\AndroidAppiumTests\\E2EEcommTests_POM.java',
      meta: {},
      result: 'skipped',
      duration_in_ms: 417,
      started_at: '2026-04-20T13:32:20.330Z',
      finished_at: '2026-04-20T13:32:20.747Z',
      failure: [
        {
          backtrace: [
            'org.openqa.selenium.SessionNotCreatedException: Could not start a new session. Possible causes are invalid address of the remote server or browser start-up failure. ',
            "Host info: host: 'DESKTOP-FRC4SK8', ip: '192.168.1.8'",
            "Build info: version: '4.43.0', revision: 'dd0f534'",
            "System info: os.name: 'Windows 11', os.arch: 'amd64', os.version: '10.0', java.version: '21.0.8'",
            'Driver info: io.appium.java_client.android.AndroidDriver',
            'Command: [null, newSession {capabilities=[null]}]',
            'Capabilities {}\r',
            '\tat org.openqa.selenium.remote.RemoteWebDriver.execute(RemoteWebDriver.java:627)\r',
            '\tat io.appium.java_client.AppiumDriver.startSession(AppiumDriver.java:308)\r',
            '\tat org.openqa.selenium.remote.RemoteWebDriver.<init>(RemoteWebDriver.java:213)\r',
            '\tat org.openqa.selenium.remote.RemoteWebDriver.<init>(RemoteWebDriver.java:199)\r',
            '\tat io.appium.java_client.AppiumDriver.<init>(AppiumDriver.java:98)\r',
            '\tat io.appium.java_client.AppiumDriver.<init>(AppiumDriver.java:109)\r',
            '\tat io.appium.java_client.android.AndroidDriver.<init>(AndroidDriver.java:108)\r',
            '\tat BaseTests.EcommBaseTest.setUpDriver(EcommBaseTest.java:65)\r',
            '\tat java.base/jdk.internal.reflect.DirectMethodHandleAccessor.invoke(DirectMethodHandleAccessor.java:103)\r',
            '\tat java.base/java.lang.reflect.Method.invoke(Method.java:580)\r',
            '\tat org.testng.internal.invokers.MethodInvocationHelper.invokeMethod(MethodInvocationHelper.java:141)\r',
            '\tat org.testng.internal.invokers.MethodInvocationHelper.invokeMethodConsideringTimeout(MethodInvocationHelper.java:71)\r',
            '\tat org.testng.internal.invokers.ConfigInvoker.invokeConfigurationMethod(ConfigInvoker.java:400)\r',
            '\tat org.testng.internal.invokers.ConfigInvoker.invokeConfigurations(ConfigInvoker.java:333)\r',
            '\tat org.testng.internal.invokers.TestInvoker.runConfigMethods(TestInvoker.java:846)\r',
            '\tat org.testng.internal.invokers.TestInvoker.invokeMethod(TestInvoker.java:611)\r',
            '\tat org.testng.internal.invokers.TestInvoker.invokeTestMethod(TestInvoker.java:230)\r',
            '\tat org.testng.internal.invokers.MethodRunner.runInSequence(MethodRunner.java:63)\r',
            '\tat org.testng.internal.invokers.TestInvoker$MethodInvocationAgent.invoke(TestInvoker.java:1005)\r',
            '\tat org.testng.internal.invokers.TestInvoker.invokeTestMethods(TestInvoker.java:203)\r',
            '\tat org.testng.internal.invokers.TestMethodWorker.invokeTestMethods(TestMethodWorker.java:154)\r',
            '\tat org.testng.internal.invokers.TestMethodWorker.run(TestMethodWorker.java:134)\r',
            '\tat java.base/java.util.ArrayList.forEach(ArrayList.java:1596)\r',
            '\tat org.testng.TestRunner.privateRun(TestRunner.java:744)\r',
            '\tat org.testng.TestRunner.run(TestRunner.java:616)\r',
            '\tat org.testng.SuiteRunner.runTest(SuiteRunner.java:421)\r',
            '\tat org.testng.SuiteRunner$SuiteWorker.run(SuiteRunner.java:463)\r',
            '\tat org.testng.internal.thread.ThreadUtil.lambda$execute$0(ThreadUtil.java:64)\r',
            '\tat java.base/java.util.concurrent.FutureTask.run(FutureTask.java:317)\r',
            '\tat java.base/java.util.concurrent.ThreadPoolExecutor.runWorker(ThreadPoolExecutor.java:1144)\r',
            '\tat java.base/java.util.concurrent.ThreadPoolExecutor$Worker.run(ThreadPoolExecutor.java:642)\r',
            '\tat java.base/java.lang.Thread.run(Thread.java:1583)\r',
            'Caused by: java.lang.NullPointerException\r',
            '\tat java.base/java.util.stream.ReferencePipeline$3$1.accept(ReferencePipeline.java:197)\r',
            '\tat java.base/java.util.Collections$2.tryAdvance(Collections.java:5073)\r',
            '\tat java.base/java.util.Collections$2.forEachRemaining(Collections.java:5081)\r',
            '\tat java.base/java.util.stream.AbstractPipeline.copyInto(AbstractPipeline.java:509)\r',
            '\tat java.base/java.util.stream.AbstractPipeline.wrapAndCopyInto(AbstractPipeline.java:499)\r',
            '\tat java.base/java.util.stream.ReduceOps$ReduceOp.evaluateSequential(ReduceOps.java:921)\r',
            '\tat java.base/java.util.stream.AbstractPipeline.evaluate(AbstractPipeline.java:234)\r',
            '\tat java.base/java.util.stream.ReferencePipeline.collect(ReferencePipeline.java:682)\r',
            '\tat org.openqa.selenium.remote.NewSessionPayload.create(NewSessionPayload.java:89)\r',
            '\tat org.openqa.selenium.remote.ProtocolHandshake.createSession(ProtocolHandshake.java:60)\r',
            '\tat io.appium.java_client.remote.AppiumCommandExecutor.createSession(AppiumCommandExecutor.java:178)\r',
            '\tat io.appium.java_client.remote.AppiumCommandExecutor.execute(AppiumCommandExecutor.java:243)\r',
            '\tat org.openqa.selenium.remote.RemoteWebDriver.execute(RemoteWebDriver.java:606)\r',
            '\t... 31 more\r'
          ]
        }
      ],
      failure_type: 'UnhandledError',
      failure_reason: 'org.openqa.selenium.SessionNotCreatedException: Could not start a new session. Possible causes are invalid address of the remote server or browser start-up failure. \n' +
        "Host info: host: 'DESKTOP-FRC4SK8', ip: '192.168.1.8'\n" +
        "Build info: version: '4.43.0', revision: 'dd0f534'\n" +
        "System info: os.name: 'Windows 11', os.arch: 'amd64', os.version: '10.0', java.version: '21.0.8'\n" +
        'Driver info: io.appium.java_client.android.AndroidDriver\n' +
        'Command: [null, newSession {capabilities=[null]}]\n' +
        'Capabilities {}',
      retry_of: null,
      custom_metadata: {},
      tags: [],
      customRerunParam: { rerun_name: 'LongPressTest-2' },
      hooks: [
        '77bcf9b8-a731-4e8f-b509-d01d89f7aabb',
        'aa3b8087-e83b-4307-974a-d8a5273162ca'
      ],
      product_map: {
        observability: true,
        accessibility: false,
        percy: false,
        automate: false,
        app_automate: true,
        lts: false
      }
    },
    logs: []
  },
  {
    event_type: 'TestRunFinished',
    test_run: {
      type: 'test',
      framework: 'TestNG',
      uuid: 'd957550f-8d2d-46c9-b8bb-95e030f76209',
      name: 'validateToastMessage',
      body: {
        lang: 'java',
        code: 'public void AndroidAppiumTests.E2EEcommTests_POM.validateToastMessage()'
      },
      identifier: 'validateToastMessage',
      scope: 'AppiumE2EEcommTest.AndroidAppiumTests.E2EEcommTests_POM',
      scopes: [ 'AppiumE2EEcommTest', 'AndroidAppiumTests.E2EEcommTests_POM' ],
      file_name: 'src\\test\\java\\AndroidAppiumTests\\E2EEcommTests_POM.java',
      vc_filepath: 'eclipse-workspace\\AppiumSession_Cloud\\src\\test\\java\\AndroidAppiumTests\\E2EEcommTests_POM.java',
      location: 'src\\test\\java\\AndroidAppiumTests\\E2EEcommTests_POM.java',
      meta: {},
      result: 'skipped',
      duration_in_ms: 377,
      started_at: '2026-04-20T13:32:20.337Z',
      finished_at: '2026-04-20T13:32:20.714Z',
      failure: [
        {
          backtrace: [
            'org.openqa.selenium.SessionNotCreatedException: Could not start a new session. Possible causes are invalid address of the remote server or browser start-up failure. ',
            "Host info: host: 'DESKTOP-FRC4SK8', ip: '192.168.1.8'",
            "Build info: version: '4.43.0', revision: 'dd0f534'",
            "System info: os.name: 'Windows 11', os.arch: 'amd64', os.version: '10.0', java.version: '21.0.8'",
            'Driver info: io.appium.java_client.android.AndroidDriver',
            'Command: [null, newSession {capabilities=[null]}]',
            'Capabilities {}\r',
            '\tat org.openqa.selenium.remote.RemoteWebDriver.execute(RemoteWebDriver.java:627)\r',
            '\tat io.appium.java_client.AppiumDriver.startSession(AppiumDriver.java:308)\r',
            '\tat org.openqa.selenium.remote.RemoteWebDriver.<init>(RemoteWebDriver.java:213)\r',
            '\tat org.openqa.selenium.remote.RemoteWebDriver.<init>(RemoteWebDriver.java:199)\r',
            '\tat io.appium.java_client.AppiumDriver.<init>(AppiumDriver.java:98)\r',
            '\tat io.appium.java_client.AppiumDriver.<init>(AppiumDriver.java:109)\r',
            '\tat io.appium.java_client.android.AndroidDriver.<init>(AndroidDriver.java:108)\r',
            '\tat BaseTests.EcommBaseTest.setUpDriver(EcommBaseTest.java:65)\r',
            '\tat java.base/jdk.internal.reflect.DirectMethodHandleAccessor.invoke(DirectMethodHandleAccessor.java:103)\r',
            '\tat java.base/java.lang.reflect.Method.invoke(Method.java:580)\r',
            '\tat org.testng.internal.invokers.MethodInvocationHelper.invokeMethod(MethodInvocationHelper.java:141)\r',
            '\tat org.testng.internal.invokers.MethodInvocationHelper.invokeMethodConsideringTimeout(MethodInvocationHelper.java:71)\r',
            '\tat org.testng.internal.invokers.ConfigInvoker.invokeConfigurationMethod(ConfigInvoker.java:400)\r',
            '\tat org.testng.internal.invokers.ConfigInvoker.invokeConfigurations(ConfigInvoker.java:333)\r',
            '\tat org.testng.internal.invokers.TestInvoker.runConfigMethods(TestInvoker.java:846)\r',
            '\tat org.testng.internal.invokers.TestInvoker.invokeMethod(TestInvoker.java:611)\r',
            '\tat org.testng.internal.invokers.TestInvoker.invokeTestMethod(TestInvoker.java:230)\r',
            '\tat org.testng.internal.invokers.MethodRunner.runInSequence(MethodRunner.java:63)\r',
            '\tat org.testng.internal.invokers.TestInvoker$MethodInvocationAgent.invoke(TestInvoker.java:1005)\r',
            '\tat org.testng.internal.invokers.TestInvoker.invokeTestMethods(TestInvoker.java:203)\r',
            '\tat org.testng.internal.invokers.TestMethodWorker.invokeTestMethods(TestMethodWorker.java:154)\r',
            '\tat org.testng.internal.invokers.TestMethodWorker.run(TestMethodWorker.java:134)\r',
            '\tat java.base/java.util.ArrayList.forEach(ArrayList.java:1596)\r',
            '\tat org.testng.TestRunner.privateRun(TestRunner.java:744)\r',
            '\tat org.testng.TestRunner.run(TestRunner.java:616)\r',
            '\tat org.testng.SuiteRunner.runTest(SuiteRunner.java:421)\r',
            '\tat org.testng.SuiteRunner$SuiteWorker.run(SuiteRunner.java:463)\r',
            '\tat org.testng.internal.thread.ThreadUtil.lambda$execute$0(ThreadUtil.java:64)\r',
            '\tat java.base/java.util.concurrent.FutureTask.run(FutureTask.java:317)\r',
            '\tat java.base/java.util.concurrent.ThreadPoolExecutor.runWorker(ThreadPoolExecutor.java:1144)\r',
            '\tat java.base/java.util.concurrent.ThreadPoolExecutor$Worker.run(ThreadPoolExecutor.java:642)\r',
            '\tat java.base/java.lang.Thread.run(Thread.java:1583)\r',
            'Caused by: java.lang.NullPointerException\r',
            '\tat java.base/java.util.stream.ReferencePipeline$3$1.accept(ReferencePipeline.java:197)\r',
            '\tat java.base/java.util.Collections$2.tryAdvance(Collections.java:5073)\r',
            '\tat java.base/java.util.Collections$2.forEachRemaining(Collections.java:5081)\r',
            '\tat java.base/java.util.stream.AbstractPipeline.copyInto(AbstractPipeline.java:509)\r',
            '\tat java.base/java.util.stream.AbstractPipeline.wrapAndCopyInto(AbstractPipeline.java:499)\r',
            '\tat java.base/java.util.stream.ReduceOps$ReduceOp.evaluateSequential(ReduceOps.java:921)\r',
            '\tat java.base/java.util.stream.AbstractPipeline.evaluate(AbstractPipeline.java:234)\r',
            '\tat java.base/java.util.stream.ReferencePipeline.collect(ReferencePipeline.java:682)\r',
            '\tat org.openqa.selenium.remote.NewSessionPayload.create(NewSessionPayload.java:89)\r',
            '\tat org.openqa.selenium.remote.ProtocolHandshake.createSession(ProtocolHandshake.java:60)\r',
            '\tat io.appium.java_client.remote.AppiumCommandExecutor.createSession(AppiumCommandExecutor.java:178)\r',
            '\tat io.appium.java_client.remote.AppiumCommandExecutor.execute(AppiumCommandExecutor.java:243)\r',
            '\tat org.openqa.selenium.remote.RemoteWebDriver.execute(RemoteWebDriver.java:606)\r',
            '\t... 31 more\r'
          ]
        }
      ],
      failure_type: 'UnhandledError',
      failure_reason: 'org.openqa.selenium.SessionNotCreatedException: Could not start a new session. Possible causes are invalid address of the remote server or browser start-up failure. \n' +
        "Host info: host: 'DESKTOP-FRC4SK8', ip: '192.168.1.8'\n" +
        "Build info: version: '4.43.0', revision: 'dd0f534'\n" +
        "System info: os.name: 'Windows 11', os.arch: 'amd64', os.version: '10.0', java.version: '21.0.8'\n" +
        'Driver info: io.appium.java_client.android.AndroidDriver\n' +
        'Command: [null, newSession {capabilities=[null]}]\n' +
        'Capabilities {}',
      retry_of: null,
      custom_metadata: {},
      tags: [],
      customRerunParam: { rerun_name: 'LongPressTest-1' },
      hooks: [
        '7b01eed8-5c62-43bf-bb57-1c81cb4480d5',
        'c824efbd-bab9-479f-a1a9-a0524291b9e2'
      ],
      product_map: {
        observability: true,
        accessibility: false,
        percy: false,
        automate: false,
        app_automate: true,
        lts: false
      }
    },
    logs: []
  },
  {
    event_type: 'TestRunFinished',
    test_run: {
      type: 'test',
      framework: 'TestNG',
      uuid: 'b9ca2d1d-acc3-4369-9ad0-02184802ba4e',
      name: 'validateToastMessage',
      body: {
        lang: 'java',
        code: 'public void AndroidAppiumTests.E2EEcommTests_POM.validateToastMessage()'
      },
      identifier: 'validateToastMessage',
      scope: 'AppiumE2EEcommTest.AndroidAppiumTests.E2EEcommTests_POM',
      scopes: [ 'AppiumE2EEcommTest', 'AndroidAppiumTests.E2EEcommTests_POM' ],
      file_name: 'src\\test\\java\\AndroidAppiumTests\\E2EEcommTests_POM.java',
      vc_filepath: 'eclipse-workspace\\AppiumSession_Cloud\\src\\test\\java\\AndroidAppiumTests\\E2EEcommTests_POM.java',
      location: 'src\\test\\java\\AndroidAppiumTests\\E2EEcommTests_POM.java',
      meta: {},
      result: 'skipped',
      duration_in_ms: 357,
      started_at: '2026-04-20T13:32:20.363Z',
      finished_at: '2026-04-20T13:32:20.720Z',
      failure: [
        {
          backtrace: [
            'org.openqa.selenium.SessionNotCreatedException: Could not start a new session. Possible causes are invalid address of the remote server or browser start-up failure. ',
            "Host info: host: 'DESKTOP-FRC4SK8', ip: '192.168.1.8'",
            "Build info: version: '4.43.0', revision: 'dd0f534'",
            "System info: os.name: 'Windows 11', os.arch: 'amd64', os.version: '10.0', java.version: '21.0.8'",
            'Driver info: io.appium.java_client.android.AndroidDriver',
            'Command: [null, newSession {capabilities=[null]}]',
            'Capabilities {}\r',
            '\tat org.openqa.selenium.remote.RemoteWebDriver.execute(RemoteWebDriver.java:627)\r',
            '\tat io.appium.java_client.AppiumDriver.startSession(AppiumDriver.java:308)\r',
            '\tat org.openqa.selenium.remote.RemoteWebDriver.<init>(RemoteWebDriver.java:213)\r',
            '\tat org.openqa.selenium.remote.RemoteWebDriver.<init>(RemoteWebDriver.java:199)\r',
            '\tat io.appium.java_client.AppiumDriver.<init>(AppiumDriver.java:98)\r',
            '\tat io.appium.java_client.AppiumDriver.<init>(AppiumDriver.java:109)\r',
            '\tat io.appium.java_client.android.AndroidDriver.<init>(AndroidDriver.java:108)\r',
            '\tat BaseTests.EcommBaseTest.setUpDriver(EcommBaseTest.java:65)\r',
            '\tat java.base/jdk.internal.reflect.DirectMethodHandleAccessor.invoke(DirectMethodHandleAccessor.java:103)\r',
            '\tat java.base/java.lang.reflect.Method.invoke(Method.java:580)\r',
            '\tat org.testng.internal.invokers.MethodInvocationHelper.invokeMethod(MethodInvocationHelper.java:141)\r',
            '\tat org.testng.internal.invokers.MethodInvocationHelper.invokeMethodConsideringTimeout(MethodInvocationHelper.java:71)\r',
            '\tat org.testng.internal.invokers.ConfigInvoker.invokeConfigurationMethod(ConfigInvoker.java:400)\r',
            '\tat org.testng.internal.invokers.ConfigInvoker.invokeConfigurations(ConfigInvoker.java:333)\r',
            '\tat org.testng.internal.invokers.TestInvoker.runConfigMethods(TestInvoker.java:846)\r',
            '\tat org.testng.internal.invokers.TestInvoker.invokeMethod(TestInvoker.java:611)\r',
            '\tat org.testng.internal.invokers.TestInvoker.invokeTestMethod(TestInvoker.java:230)\r',
            '\tat org.testng.internal.invokers.MethodRunner.runInSequence(MethodRunner.java:63)\r',
            '\tat org.testng.internal.invokers.TestInvoker$MethodInvocationAgent.invoke(TestInvoker.java:1005)\r',
            '\tat org.testng.internal.invokers.TestInvoker.invokeTestMethods(TestInvoker.java:203)\r',
            '\tat org.testng.internal.invokers.TestMethodWorker.invokeTestMethods(TestMethodWorker.java:154)\r',
            '\tat org.testng.internal.invokers.TestMethodWorker.run(TestMethodWorker.java:134)\r',
            '\tat java.base/java.util.ArrayList.forEach(ArrayList.java:1596)\r',
            '\tat org.testng.TestRunner.privateRun(TestRunner.java:744)\r',
            '\tat org.testng.TestRunner.run(TestRunner.java:616)\r',
            '\tat org.testng.SuiteRunner.runTest(SuiteRunner.java:421)\r',
            '\tat org.testng.SuiteRunner$SuiteWorker.run(SuiteRunner.java:463)\r',
            '\tat org.testng.internal.thread.ThreadUtil.lambda$execute$0(ThreadUtil.java:64)\r',
            '\tat java.base/java.util.concurrent.FutureTask.run(FutureTask.java:317)\r',
            '\tat java.base/java.util.concurrent.ThreadPoolExecutor.runWorker(ThreadPoolExecutor.java:1144)\r',
            '\tat java.base/java.util.concurrent.ThreadPoolExecutor$Worker.run(ThreadPoolExecutor.java:642)\r',
            '\tat java.base/java.lang.Thread.run(Thread.java:1583)\r',
            'Caused by: java.lang.NullPointerException\r',
            '\tat java.base/java.util.stream.ReferencePipeline$3$1.accept(ReferencePipeline.java:197)\r',
            '\tat java.base/java.util.Collections$2.tryAdvance(Collections.java:5073)\r',
            '\tat java.base/java.util.Collections$2.forEachRemaining(Collections.java:5081)\r',
            '\tat java.base/java.util.stream.AbstractPipeline.copyInto(AbstractPipeline.java:509)\r',
            '\tat java.base/java.util.stream.AbstractPipeline.wrapAndCopyInto(AbstractPipeline.java:499)\r',
            '\tat java.base/java.util.stream.ReduceOps$ReduceOp.evaluateSequential(ReduceOps.java:921)\r',
            '\tat java.base/java.util.stream.AbstractPipeline.evaluate(AbstractPipeline.java:234)\r',
            '\tat java.base/java.util.stream.ReferencePipeline.collect(ReferencePipeline.java:682)\r',
            '\tat org.openqa.selenium.remote.NewSessionPayload.create(NewSessionPayload.java:89)\r',
            '\tat org.openqa.selenium.remote.ProtocolHandshake.createSession(ProtocolHandshake.java:60)\r',
            '\tat io.appium.java_client.remote.AppiumCommandExecutor.createSession(AppiumCommandExecutor.java:178)\r',
            '\tat io.appium.java_client.remote.AppiumCommandExecutor.execute(AppiumCommandExecutor.java:243)\r',
            '\tat org.openqa.selenium.remote.RemoteWebDriver.execute(RemoteWebDriver.java:606)\r',
            '\t... 31 more\r'
          ]
        }
      ],
      failure_type: 'UnhandledError',
      failure_reason: 'org.openqa.selenium.SessionNotCreatedException: Could not start a new session. Possible causes are invalid address of the remote server or browser start-up failure. \n' +
        "Host info: host: 'DESKTOP-FRC4SK8', ip: '192.168.1.8'\n" +
        "Build info: version: '4.43.0', revision: 'dd0f534'\n" +
        "System info: os.name: 'Windows 11', os.arch: 'amd64', os.version: '10.0', java.version: '21.0.8'\n" +
        'Driver info: io.appium.java_client.android.AndroidDriver\n' +
        'Command: [null, newSession {capabilities=[null]}]\n' +
        'Capabilities {}',
      retry_of: null,
      custom_metadata: {},
      tags: [],
      customRerunParam: { rerun_name: 'LongPressTest-0' },
      hooks: [
        'fbd231f9-a496-4723-84e8-64acfbad07aa',
        '68f5a914-443b-4a17-80a1-dc1bb2e46e16'
      ],
      product_map: {
        observability: true,
        accessibility: false,
        percy: false,
        automate: false,
        app_automate: true,
        lts: false
      }
    },
    logs: []
  },
  {
    event_type: 'HookRunStarted',
    hook_run: {
      type: 'hook',
      hook_type: 'AFTER_METHOD',
      framework: 'TestNG',
      uuid: '8e6a75de-d5b8-48ce-9d12-c2f5d9a4e800',
      name: 'quitDriver',
      result: 'pending',
      test_run_id: 'd957550f-8d2d-46c9-b8bb-95e030f76209',
      body: { lang: 'java', code: null },
      scope: 'AppiumE2EEcommTest.AndroidAppiumTests.E2EEcommTests_POM',
      custom_metadata: {},
      tags: [],
      scopes: [ 'AppiumE2EEcommTest', 'AndroidAppiumTests.E2EEcommTests_POM' ],
      file_name: 'AppiumSession_Cloud\\src\\test\\java\\AndroidAppiumTests\\E2EEcommTests_POM.java',
      vc_filepath: 'eclipse-workspace\\AppiumSession_Cloud\\AppiumSession_Cloud\\src\\test\\java\\AndroidAppiumTests\\E2EEcommTests_POM.java',
      location: 'AppiumSession_Cloud\\src\\test\\java\\AndroidAppiumTests\\E2EEcommTests_POM.java',
      started_at: '2026-04-20T13:32:21.744Z'
    },
    logs: []
  }
] to 16184:0
2026-04-20T13:32:21.839Z CLI info  [poulamidatta_OM7YbZ]  [zerrekkj1n4tvejiqjjsd2en9kgd0pd9oq98skrf]  [aec0fced-1909-412a-a0db-6e0382e37345]  [PRODUCTION] Making POST request to https://collector-observability.browserstack.com
2026-04-20T13:32:21.844Z CLI warn [TEST REPORTING AND ANALYTICS:java]  [poulamidatta_OM7YbZ]  [zerrekkj1n4tvejiqjjsd2en9kgd0pd9oq98skrf]  [aec0fced-1909-412a-a0db-6e0382e37345]  onTestSessionEvent: empty capabilities for driver=2046740662
2026-04-20T13:32:21.845Z CLI warn [TEST REPORTING AND ANALYTICS:java]  [poulamidatta_OM7YbZ]  [zerrekkj1n4tvejiqjjsd2en9kgd0pd9oq98skrf]  [aec0fced-1909-412a-a0db-6e0382e37345]  onTestSessionEvent: empty capabilities for driver=2046740660
2026-04-20T13:32:21.869Z CLI info [testhub:request-queue-handler]  [poulamidatta_OM7YbZ]  [zerrekkj1n4tvejiqjjsd2en9kgd0pd9oq98skrf]  [aec0fced-1909-412a-a0db-6e0382e37345]  Added the event {
  event_type: 'HookRunStarted',
  hook_run: {
    type: 'hook',
    hook_type: 'AFTER_METHOD',
    framework: 'TestNG',
    uuid: '8b663f15-4f07-41d4-8000-723696da6e86',
    name: 'quitDriver',
    result: 'pending',
    test_run_id: 'b9ca2d1d-acc3-4369-9ad0-02184802ba4e',
    body: { lang: 'java', code: null },
    scope: 'AppiumE2EEcommTest.AndroidAppiumTests.E2EEcommTests_POM',
    custom_metadata: {},
    tags: [],
    scopes: [ 'AppiumE2EEcommTest', 'AndroidAppiumTests.E2EEcommTests_POM' ],
    file_name: 'AppiumSession_Cloud\\src\\test\\java\\AndroidAppiumTests\\E2EEcommTests_POM.java',
    vc_filepath: 'eclipse-workspace\\AppiumSession_Cloud\\AppiumSession_Cloud\\src\\test\\java\\AndroidAppiumTests\\E2EEcommTests_POM.java',
    location: 'AppiumSession_Cloud\\src\\test\\java\\AndroidAppiumTests\\E2EEcommTests_POM.java',
    started_at: '2026-04-20T13:32:21.818Z'
  },
  logs: []
} to 16184:0
2026-04-20T13:32:21.879Z CLI info [testhub:request-queue-handler]  [poulamidatta_OM7YbZ]  [zerrekkj1n4tvejiqjjsd2en9kgd0pd9oq98skrf]  [aec0fced-1909-412a-a0db-6e0382e37345]  Added the event {
  event_type: 'HookRunStarted',
  hook_run: {
    type: 'hook',
    hook_type: 'AFTER_METHOD',
    framework: 'TestNG',
    uuid: '9075784a-ae33-47c6-b7e7-3fdf61560d5a',
    name: 'quitDriver',
    result: 'pending',
    test_run_id: '5b83ebd2-0bc9-4fbd-8e0e-c8a2d6f766a8',
    body: { lang: 'java', code: null },
    scope: 'AppiumE2EEcommTest.AndroidAppiumTests.E2EEcommTests_POM',
    custom_metadata: {},
    tags: [],
    scopes: [ 'AppiumE2EEcommTest', 'AndroidAppiumTests.E2EEcommTests_POM' ],
    file_name: 'AppiumSession_Cloud\\src\\test\\java\\AndroidAppiumTests\\E2EEcommTests_POM.java',
    vc_filepath: 'eclipse-workspace\\AppiumSession_Cloud\\AppiumSession_Cloud\\src\\test\\java\\AndroidAppiumTests\\E2EEcommTests_POM.java',
    location: 'AppiumSession_Cloud\\src\\test\\java\\AndroidAppiumTests\\E2EEcommTests_POM.java',
    started_at: '2026-04-20T13:32:21.808Z'
  },
  logs: []
} to 16184:0
2026-04-20T13:32:21.984Z CLI info [testhub:request-queue-handler]  [poulamidatta_OM7YbZ]  [zerrekkj1n4tvejiqjjsd2en9kgd0pd9oq98skrf]  [aec0fced-1909-412a-a0db-6e0382e37345]  Added the event {
  event_type: 'HookRunFinished',
  hook_run: {
    type: 'hook',
    hook_type: 'AFTER_METHOD',
    framework: 'TestNG',
    uuid: '8e6a75de-d5b8-48ce-9d12-c2f5d9a4e800',
    name: 'quitDriver',
    result: 'skipped',
    test_run_id: 'd957550f-8d2d-46c9-b8bb-95e030f76209',
    body: { lang: 'java', code: null },
    scope: 'AppiumE2EEcommTest.AndroidAppiumTests.E2EEcommTests_POM',
    custom_metadata: {},
    tags: [],
    scopes: [ 'AppiumE2EEcommTest', 'AndroidAppiumTests.E2EEcommTests_POM' ],
    file_name: 'AppiumSession_Cloud\\src\\test\\java\\AndroidAppiumTests\\E2EEcommTests_POM.java',
    vc_filepath: 'eclipse-workspace\\AppiumSession_Cloud\\AppiumSession_Cloud\\src\\test\\java\\AndroidAppiumTests\\E2EEcommTests_POM.java',
    location: 'AppiumSession_Cloud\\src\\test\\java\\AndroidAppiumTests\\E2EEcommTests_POM.java',
    started_at: '2026-04-20T13:32:21.744Z',
    finished_at: '2026-04-20T13:32:21.968Z'
  },
  logs: []
} to 16184:0
2026-04-20T13:32:22.126Z CLI info [testhub:request-queue-handler]  [poulamidatta_OM7YbZ]  [zerrekkj1n4tvejiqjjsd2en9kgd0pd9oq98skrf]  [aec0fced-1909-412a-a0db-6e0382e37345]  Added the event {
  event_type: 'HookRunFinished',
  hook_run: {
    type: 'hook',
    hook_type: 'AFTER_METHOD',
    framework: 'TestNG',
    uuid: '8b663f15-4f07-41d4-8000-723696da6e86',
    name: 'quitDriver',
    result: 'skipped',
    test_run_id: 'b9ca2d1d-acc3-4369-9ad0-02184802ba4e',
    body: { lang: 'java', code: null },
    scope: 'AppiumE2EEcommTest.AndroidAppiumTests.E2EEcommTests_POM',
    custom_metadata: {},
    tags: [],
    scopes: [ 'AppiumE2EEcommTest', 'AndroidAppiumTests.E2EEcommTests_POM' ],
    file_name: 'AppiumSession_Cloud\\src\\test\\java\\AndroidAppiumTests\\E2EEcommTests_POM.java',
    vc_filepath: 'eclipse-workspace\\AppiumSession_Cloud\\AppiumSession_Cloud\\src\\test\\java\\AndroidAppiumTests\\E2EEcommTests_POM.java',
    location: 'AppiumSession_Cloud\\src\\test\\java\\AndroidAppiumTests\\E2EEcommTests_POM.java',
    started_at: '2026-04-20T13:32:21.818Z',
    finished_at: '2026-04-20T13:32:22.096Z'
  },
  logs: []
} to 16184:0
2026-04-20T13:32:22.130Z CLI info [testhub:request-queue-handler]  [poulamidatta_OM7YbZ]  [zerrekkj1n4tvejiqjjsd2en9kgd0pd9oq98skrf]  [aec0fced-1909-412a-a0db-6e0382e37345]  Added the event {
  event_type: 'HookRunFinished',
  hook_run: {
    type: 'hook',
    hook_type: 'AFTER_METHOD',
    framework: 'TestNG',
    uuid: '9075784a-ae33-47c6-b7e7-3fdf61560d5a',
    name: 'quitDriver',
    result: 'skipped',
    test_run_id: '5b83ebd2-0bc9-4fbd-8e0e-c8a2d6f766a8',
    body: { lang: 'java', code: null },
    scope: 'AppiumE2EEcommTest.AndroidAppiumTests.E2EEcommTests_POM',
    custom_metadata: {},
    tags: [],
    scopes: [ 'AppiumE2EEcommTest', 'AndroidAppiumTests.E2EEcommTests_POM' ],
    file_name: 'AppiumSession_Cloud\\src\\test\\java\\AndroidAppiumTests\\E2EEcommTests_POM.java',
    vc_filepath: 'eclipse-workspace\\AppiumSession_Cloud\\AppiumSession_Cloud\\src\\test\\java\\AndroidAppiumTests\\E2EEcommTests_POM.java',
    location: 'AppiumSession_Cloud\\src\\test\\java\\AndroidAppiumTests\\E2EEcommTests_POM.java',
    started_at: '2026-04-20T13:32:21.808Z',
    finished_at: '2026-04-20T13:32:22.100Z'
  },
  logs: []
} to 16184:0
2026-04-20T13:32:22.300Z CLI info [testhub:request-queue-handler]  [poulamidatta_OM7YbZ]  [zerrekkj1n4tvejiqjjsd2en9kgd0pd9oq98skrf]  [aec0fced-1909-412a-a0db-6e0382e37345]  Added the event {
  event_type: 'HookRunStarted',
  hook_run: {
    type: 'hook',
    hook_type: 'BEFORE_METHOD',
    framework: 'TestNG',
    uuid: '87ee3817-1e40-41a5-b7fe-0514aee3041a',
    name: 'setUpDriver',
    result: 'pending',
    test_run_id: 'b312fb83-f1ae-4a56-a366-2aa1503410ef',
    body: { lang: 'java', code: null },
    scope: 'AppiumE2EEcommTest.AndroidAppiumTests.E2EEcommTests_POM',
    custom_metadata: {},
    tags: [],
    scopes: [ 'AppiumE2EEcommTest', 'AndroidAppiumTests.E2EEcommTests_POM' ],
    file_name: 'AppiumSession_Cloud\\src\\test\\java\\AndroidAppiumTests\\E2EEcommTests_POM.java',
    vc_filepath: 'eclipse-workspace\\AppiumSession_Cloud\\AppiumSession_Cloud\\src\\test\\java\\AndroidAppiumTests\\E2EEcommTests_POM.java',
    location: 'AppiumSession_Cloud\\src\\test\\java\\AndroidAppiumTests\\E2EEcommTests_POM.java',
    started_at: '2026-04-20T13:32:22.289Z'
  },
  logs: []
} to 16184:0
2026-04-20T13:32:22.354Z CLI info [testhub:request-queue-handler]  [poulamidatta_OM7YbZ]  [zerrekkj1n4tvejiqjjsd2en9kgd0pd9oq98skrf]  [aec0fced-1909-412a-a0db-6e0382e37345]  Added the event {
  event_type: 'HookRunStarted',
  hook_run: {
    type: 'hook',
    hook_type: 'BEFORE_METHOD',
    framework: 'TestNG',
    uuid: 'e9df52d3-8f12-425a-91e5-39bcf6555162',
    name: 'setUpDriver',
    result: 'pending',
    test_run_id: 'c4f80771-fcb2-466e-9313-402a3eb2bdb5',
    body: { lang: 'java', code: null },
    scope: 'AppiumE2EEcommTest.AndroidAppiumTests.E2EEcommTests_POM',
    custom_metadata: {},
    tags: [],
    scopes: [ 'AppiumE2EEcommTest', 'AndroidAppiumTests.E2EEcommTests_POM' ],
    file_name: 'AppiumSession_Cloud\\src\\test\\java\\AndroidAppiumTests\\E2EEcommTests_POM.java',
    vc_filepath: 'eclipse-workspace\\AppiumSession_Cloud\\AppiumSession_Cloud\\src\\test\\java\\AndroidAppiumTests\\E2EEcommTests_POM.java',
    location: 'AppiumSession_Cloud\\src\\test\\java\\AndroidAppiumTests\\E2EEcommTests_POM.java',
    started_at: '2026-04-20T13:32:22.332Z'
  },
  logs: []
} to 16184:0
2026-04-20T13:32:22.357Z CLI info [testhub:request-queue-handler]  [poulamidatta_OM7YbZ]  [zerrekkj1n4tvejiqjjsd2en9kgd0pd9oq98skrf]  [aec0fced-1909-412a-a0db-6e0382e37345]  Added the event {
  event_type: 'HookRunStarted',
  hook_run: {
    type: 'hook',
    hook_type: 'BEFORE_METHOD',
    framework: 'TestNG',
    uuid: 'e2c447fe-8fae-4979-a330-74deeab1c9ae',
    name: 'setUpDriver',
    result: 'pending',
    test_run_id: '4a06403f-8212-45ac-ab69-6f860cc2c622',
    body: { lang: 'java', code: null },
    scope: 'AppiumE2EEcommTest.AndroidAppiumTests.E2EEcommTests_POM',
    custom_metadata: {},
    tags: [],
    scopes: [ 'AppiumE2EEcommTest', 'AndroidAppiumTests.E2EEcommTests_POM' ],
    file_name: 'AppiumSession_Cloud\\src\\test\\java\\AndroidAppiumTests\\E2EEcommTests_POM.java',
    vc_filepath: 'eclipse-workspace\\AppiumSession_Cloud\\AppiumSession_Cloud\\src\\test\\java\\AndroidAppiumTests\\E2EEcommTests_POM.java',
    location: 'AppiumSession_Cloud\\src\\test\\java\\AndroidAppiumTests\\E2EEcommTests_POM.java',
    started_at: '2026-04-20T13:32:22.333Z'
  },
  logs: []
} to 16184:0
2026-04-20T13:32:22.502Z CLI info [testhub:request-queue-handler]  [poulamidatta_OM7YbZ]  [zerrekkj1n4tvejiqjjsd2en9kgd0pd9oq98skrf]  [aec0fced-1909-412a-a0db-6e0382e37345]  Added the event {
  event_type: 'HookRunFinished',
  hook_run: {
    type: 'hook',
    hook_type: 'BEFORE_METHOD',
    framework: 'TestNG',
    uuid: 'e9df52d3-8f12-425a-91e5-39bcf6555162',
    name: 'setUpDriver',
    result: 'skipped',
    test_run_id: 'c4f80771-fcb2-466e-9313-402a3eb2bdb5',
    body: { lang: 'java', code: null },
    scope: 'AppiumE2EEcommTest.AndroidAppiumTests.E2EEcommTests_POM',
    custom_metadata: {},
    tags: [],
    scopes: [ 'AppiumE2EEcommTest', 'AndroidAppiumTests.E2EEcommTests_POM' ],
    file_name: 'AppiumSession_Cloud\\src\\test\\java\\AndroidAppiumTests\\E2EEcommTests_POM.java',
    vc_filepath: 'eclipse-workspace\\AppiumSession_Cloud\\AppiumSession_Cloud\\src\\test\\java\\AndroidAppiumTests\\E2EEcommTests_POM.java',
    location: 'AppiumSession_Cloud\\src\\test\\java\\AndroidAppiumTests\\E2EEcommTests_POM.java',
    started_at: '2026-04-20T13:32:22.332Z',
    finished_at: '2026-04-20T13:32:22.493Z'
  },
  logs: []
} to 16184:0
2026-04-20T13:32:22.504Z CLI info [testhub:request-queue-handler]  [poulamidatta_OM7YbZ]  [zerrekkj1n4tvejiqjjsd2en9kgd0pd9oq98skrf]  [aec0fced-1909-412a-a0db-6e0382e37345]  Added the event {
  event_type: 'HookRunFinished',
  hook_run: {
    type: 'hook',
    hook_type: 'BEFORE_METHOD',
    framework: 'TestNG',
    uuid: '87ee3817-1e40-41a5-b7fe-0514aee3041a',
    name: 'setUpDriver',
    result: 'skipped',
    test_run_id: 'b312fb83-f1ae-4a56-a366-2aa1503410ef',
    body: { lang: 'java', code: null },
    scope: 'AppiumE2EEcommTest.AndroidAppiumTests.E2EEcommTests_POM',
    custom_metadata: {},
    tags: [],
    scopes: [ 'AppiumE2EEcommTest', 'AndroidAppiumTests.E2EEcommTests_POM' ],
    file_name: 'AppiumSession_Cloud\\src\\test\\java\\AndroidAppiumTests\\E2EEcommTests_POM.java',
    vc_filepath: 'eclipse-workspace\\AppiumSession_Cloud\\AppiumSession_Cloud\\src\\test\\java\\AndroidAppiumTests\\E2EEcommTests_POM.java',
    location: 'AppiumSession_Cloud\\src\\test\\java\\AndroidAppiumTests\\E2EEcommTests_POM.java',
    started_at: '2026-04-20T13:32:22.289Z',
    finished_at: '2026-04-20T13:32:22.493Z'
  },
  logs: []
} to 16184:0
2026-04-20T13:32:22.505Z CLI info [testhub:request-queue-handler]  [poulamidatta_OM7YbZ]  [zerrekkj1n4tvejiqjjsd2en9kgd0pd9oq98skrf]  [aec0fced-1909-412a-a0db-6e0382e37345]  Added the event {
  event_type: 'HookRunFinished',
  hook_run: {
    type: 'hook',
    hook_type: 'BEFORE_METHOD',
    framework: 'TestNG',
    uuid: 'e2c447fe-8fae-4979-a330-74deeab1c9ae',
    name: 'setUpDriver',
    result: 'skipped',
    test_run_id: '4a06403f-8212-45ac-ab69-6f860cc2c622',
    body: { lang: 'java', code: null },
    scope: 'AppiumE2EEcommTest.AndroidAppiumTests.E2EEcommTests_POM',
    custom_metadata: {},
    tags: [],
    scopes: [ 'AppiumE2EEcommTest', 'AndroidAppiumTests.E2EEcommTests_POM' ],
    file_name: 'AppiumSession_Cloud\\src\\test\\java\\AndroidAppiumTests\\E2EEcommTests_POM.java',
    vc_filepath: 'eclipse-workspace\\AppiumSession_Cloud\\AppiumSession_Cloud\\src\\test\\java\\AndroidAppiumTests\\E2EEcommTests_POM.java',
    location: 'AppiumSession_Cloud\\src\\test\\java\\AndroidAppiumTests\\E2EEcommTests_POM.java',
    started_at: '2026-04-20T13:32:22.333Z',
    finished_at: '2026-04-20T13:32:22.494Z'
  },
  logs: []
} to 16184:0
2026-04-20T13:32:22.661Z CLI warn [TEST REPORTING AND ANALYTICS:java]  [poulamidatta_OM7YbZ]  [zerrekkj1n4tvejiqjjsd2en9kgd0pd9oq98skrf]  [aec0fced-1909-412a-a0db-6e0382e37345]  onTestSessionEvent: empty capabilities for driver=2046740662
2026-04-20T13:32:22.676Z CLI warn [TEST REPORTING AND ANALYTICS:java]  [poulamidatta_OM7YbZ]  [zerrekkj1n4tvejiqjjsd2en9kgd0pd9oq98skrf]  [aec0fced-1909-412a-a0db-6e0382e37345]  onTestSessionEvent: empty capabilities for driver=2046740661
2026-04-20T13:32:22.679Z CLI warn [TEST REPORTING AND ANALYTICS:java:testng]  [poulamidatta_OM7YbZ]  [zerrekkj1n4tvejiqjjsd2en9kgd0pd9oq98skrf]  [aec0fced-1909-412a-a0db-6e0382e37345]  makeIntegrations: empty capabilities for driver=2046740662
2026-04-20T13:32:22.680Z CLI info [testhub:request-queue-handler]  [poulamidatta_OM7YbZ]  [zerrekkj1n4tvejiqjjsd2en9kgd0pd9oq98skrf]  [aec0fced-1909-412a-a0db-6e0382e37345]  Added the event {
  event_type: 'TestRunStarted',
  test_run: {
    type: 'test',
    framework: 'TestNG',
    uuid: '1307a9ec-0d1b-44fe-b7a7-6fba159d1b33',
    name: 'PurchaseProduct',
    body: {
      lang: 'java',
      code: 'public void AndroidAppiumTests.E2EEcommTests_POM.PurchaseProduct() throws java.lang.InterruptedException'
    },
    identifier: 'PurchaseProduct',
    scope: 'AppiumE2EEcommTest.AndroidAppiumTests.E2EEcommTests_POM',
    scopes: [ 'AppiumE2EEcommTest', 'AndroidAppiumTests.E2EEcommTests_POM' ],
    file_name: 'src\\test\\java\\AndroidAppiumTests\\E2EEcommTests_POM.java',
    vc_filepath: 'eclipse-workspace\\AppiumSession_Cloud\\src\\test\\java\\AndroidAppiumTests\\E2EEcommTests_POM.java',
    location: 'src\\test\\java\\AndroidAppiumTests\\E2EEcommTests_POM.java',
    meta: {},
    result: 'pending',
    duration_in_ms: null,
    started_at: '2026-04-20T13:32:22.626Z',
    failure: undefined,
    failure_type: undefined,
    failure_reason: undefined,
    retry_of: null,
    custom_metadata: {},
    tags: [],
    customRerunParam: { rerun_name: 'LongPressTest-2' },
    hooks: [],
    product_map: {
      observability: true,
      accessibility: false,
      percy: false,
      automate: false,
      app_automate: true,
      lts: false
    }
  },
  logs: []
} to 16184:0
2026-04-20T13:32:22.696Z CLI warn [TEST REPORTING AND ANALYTICS:java:testng]  [poulamidatta_OM7YbZ]  [zerrekkj1n4tvejiqjjsd2en9kgd0pd9oq98skrf]  [aec0fced-1909-412a-a0db-6e0382e37345]  makeIntegrations: empty capabilities for driver=2046740661
2026-04-20T13:32:22.697Z CLI info [testhub:request-queue-handler]  [poulamidatta_OM7YbZ]  [zerrekkj1n4tvejiqjjsd2en9kgd0pd9oq98skrf]  [aec0fced-1909-412a-a0db-6e0382e37345]  Added the event {
  event_type: 'TestRunStarted',
  test_run: {
    type: 'test',
    framework: 'TestNG',
    uuid: '1fbc7a32-1086-4837-a5af-393be2855c23',
    name: 'PurchaseProduct',
    body: {
      lang: 'java',
      code: 'public void AndroidAppiumTests.E2EEcommTests_POM.PurchaseProduct() throws java.lang.InterruptedException'
    },
    identifier: 'PurchaseProduct',
    scope: 'AppiumE2EEcommTest.AndroidAppiumTests.E2EEcommTests_POM',
    scopes: [ 'AppiumE2EEcommTest', 'AndroidAppiumTests.E2EEcommTests_POM' ],
    file_name: 'src\\test\\java\\AndroidAppiumTests\\E2EEcommTests_POM.java',
    vc_filepath: 'eclipse-workspace\\AppiumSession_Cloud\\src\\test\\java\\AndroidAppiumTests\\E2EEcommTests_POM.java',
    location: 'src\\test\\java\\AndroidAppiumTests\\E2EEcommTests_POM.java',
    meta: {},
    result: 'pending',
    duration_in_ms: null,
    started_at: '2026-04-20T13:32:22.647Z',
    failure: undefined,
    failure_type: undefined,
    failure_reason: undefined,
    retry_of: null,
    custom_metadata: {},
    tags: [],
    customRerunParam: { rerun_name: 'LongPressTest-1' },
    hooks: [],
    product_map: {
      observability: true,
      accessibility: false,
      percy: false,
      automate: false,
      app_automate: true,
      lts: false
    }
  },
  logs: []
} to 16184:0
2026-04-20T13:32:22.701Z CLI info [testhub:request-queue-handler]  [poulamidatta_OM7YbZ]  [zerrekkj1n4tvejiqjjsd2en9kgd0pd9oq98skrf]  [aec0fced-1909-412a-a0db-6e0382e37345]  Added the event {
  event_type: 'LogCreated',
  logs: [
    {
      testFrameworkName: 'TestNG',
      testFrameworkVersion: '7.12.0',
      testFrameworkState: 'LOG',
      timestamp: '2026-04-20T13:32:22.692Z',
      uuid: '1307a9ec-0d1b-44fe-b7a7-6fba159d1b33',
      kind: 'TEST_LOG',
      message: '"Test Skipped PurchaseProduct"',
      level: 'INFO',
      test_run_uuid: '1307a9ec-0d1b-44fe-b7a7-6fba159d1b33'
    }
  ]
} to 16184:0
2026-04-20T13:32:22.717Z CLI info [testhub:request-queue-handler]  [poulamidatta_OM7YbZ]  [zerrekkj1n4tvejiqjjsd2en9kgd0pd9oq98skrf]  [aec0fced-1909-412a-a0db-6e0382e37345]  Added the event {
  event_type: 'LogCreated',
  logs: [
    {
      testFrameworkName: 'TestNG',
      testFrameworkVersion: '7.12.0',
      testFrameworkState: 'LOG',
      timestamp: '2026-04-20T13:32:22.711Z',
      uuid: '1fbc7a32-1086-4837-a5af-393be2855c23',
      kind: 'TEST_LOG',
      message: '"Test Skipped PurchaseProduct"',
      level: 'INFO',
      test_run_uuid: '1fbc7a32-1086-4837-a5af-393be2855c23'
    }
  ]
} to 16184:0
2026-04-20T13:32:22.765Z CLI warn [TEST REPORTING AND ANALYTICS:java]  [poulamidatta_OM7YbZ]  [zerrekkj1n4tvejiqjjsd2en9kgd0pd9oq98skrf]  [aec0fced-1909-412a-a0db-6e0382e37345]  onTestSessionEvent: empty capabilities for driver=2046740660
2026-04-20T13:32:22.780Z CLI warn [TEST REPORTING AND ANALYTICS:java:testng]  [poulamidatta_OM7YbZ]  [zerrekkj1n4tvejiqjjsd2en9kgd0pd9oq98skrf]  [aec0fced-1909-412a-a0db-6e0382e37345]  makeIntegrations: empty capabilities for driver=2046740660
2026-04-20T13:32:22.781Z CLI info [testhub:request-queue-handler]  [poulamidatta_OM7YbZ]  [zerrekkj1n4tvejiqjjsd2en9kgd0pd9oq98skrf]  [aec0fced-1909-412a-a0db-6e0382e37345]  Added the event {
  event_type: 'TestRunStarted',
  test_run: {
    type: 'test',
    framework: 'TestNG',
    uuid: '0bc09754-f1b6-4945-9591-c3f08b92a561',
    name: 'PurchaseProduct',
    body: {
      lang: 'java',
      code: 'public void AndroidAppiumTests.E2EEcommTests_POM.PurchaseProduct() throws java.lang.InterruptedException'
    },
    identifier: 'PurchaseProduct',
    scope: 'AppiumE2EEcommTest.AndroidAppiumTests.E2EEcommTests_POM',
    scopes: [ 'AppiumE2EEcommTest', 'AndroidAppiumTests.E2EEcommTests_POM' ],
    file_name: 'src\\test\\java\\AndroidAppiumTests\\E2EEcommTests_POM.java',
    vc_filepath: 'eclipse-workspace\\AppiumSession_Cloud\\src\\test\\java\\AndroidAppiumTests\\E2EEcommTests_POM.java',
    location: 'src\\test\\java\\AndroidAppiumTests\\E2EEcommTests_POM.java',
    meta: {},
    result: 'pending',
    duration_in_ms: null,
    started_at: '2026-04-20T13:32:22.761Z',
    failure: undefined,
    failure_type: undefined,
    failure_reason: undefined,
    retry_of: null,
    custom_metadata: {},
    tags: [],
    customRerunParam: { rerun_name: 'LongPressTest-0' },
    hooks: [],
    product_map: {
      observability: true,
      accessibility: false,
      percy: false,
      automate: false,
      app_automate: true,
      lts: false
    }
  },
  logs: []
} to 16184:0
2026-04-20T13:32:22.796Z CLI info [testhub:request-queue-handler]  [poulamidatta_OM7YbZ]  [zerrekkj1n4tvejiqjjsd2en9kgd0pd9oq98skrf]  [aec0fced-1909-412a-a0db-6e0382e37345]  Added the event {
  event_type: 'LogCreated',
  logs: [
    {
      testFrameworkName: 'TestNG',
      testFrameworkVersion: '7.12.0',
      testFrameworkState: 'LOG',
      timestamp: '2026-04-20T13:32:22.791Z',
      uuid: '0bc09754-f1b6-4945-9591-c3f08b92a561',
      kind: 'TEST_LOG',
      message: '"Test Skipped PurchaseProduct"',
      level: 'INFO',
      test_run_uuid: '0bc09754-f1b6-4945-9591-c3f08b92a561'
    }
  ]
} to 16184:0
2026-04-20T13:32:23.457Z CLI warn [TEST REPORTING AND ANALYTICS:java:testng]  [poulamidatta_OM7YbZ]  [zerrekkj1n4tvejiqjjsd2en9kgd0pd9oq98skrf]  [aec0fced-1909-412a-a0db-6e0382e37345]  TestRunFinished: event={"test_hook_last_started":"BEFORE_METHOD","test_failure_type":"UnhandledError","test_rerun_name":"LongPressTest-2","test_result_at":"2026-04-20T19:02:22.711325600","test_scope":"AppiumE2EEcommTest.AndroidAppiumTests.E2EEcommTests_POM","test_framework_name":"TestNG","test_tags":"","cbt_session_created":true,"test_started_at":"2026-04-20T19:02:22.626227400","platform_index":2,"test_failure":[{"backtrace":["org.openqa.selenium.SessionNotCreatedException: Could not start a new session. Possible causes are invalid address of the remote server or browser start-up failure. ","Host info: host: 'DESKTOP-FRC4SK8', ip: '192.168.1.8'","Build info: version: '4.43.0', revision: 'dd0f534'","System info: os.name: 'Windows 11', os.arch: 'amd64', os.version: '10.0', java.version: '21.0.8'","Driver info: io.appium.java_client.android.AndroidDriver","Command: [null, newSession {capabilities=[null]}]","Capabilities {}\r","\tat org.openqa.selenium.remote.RemoteWebDriver.execute(RemoteWebDriver.java:627)\r","\tat io.appium.java_client.AppiumDriver.startSession(AppiumDriver.java:308)\r","\tat org.openqa.selenium.remote.RemoteWebDriver.<init>(RemoteWebDriver.java:213)\r","\tat org.openqa.selenium.remote.RemoteWebDriver.<init>(RemoteWebDriver.java:199)\r","\tat io.appium.java_client.AppiumDriver.<init>(AppiumDriver.java:98)\r","\tat io.appium.java_client.AppiumDriver.<init>(AppiumDriver.java:109)\r","\tat io.appium.java_client.android.AndroidDriver.<init>(AndroidDriver.java:108)\r","\tat BaseTests.EcommBaseTest.setUpDriver(EcommBaseTest.java:65)\r","\tat java.base/jdk.internal.reflect.DirectMethodHandleAccessor.invoke(DirectMethodHandleAccessor.java:103)\r","\tat java.base/java.lang.reflect.Method.invoke(Method.java:580)\r","\tat org.testng.internal.invokers.MethodInvocationHelper.invokeMethod(MethodInvocationHelper.java:141)\r","\tat org.testng.internal.invokers.MethodInvocationHelper.invokeMethodConsideringTimeout(MethodInvocationHelper.java:71)\r","\tat org.testng.internal.invokers.ConfigInvoker.invokeConfigurationMethod(ConfigInvoker.java:400)\r","\tat org.testng.internal.invokers.ConfigInvoker.invokeConfigurations(ConfigInvoker.java:333)\r","\tat org.testng.internal.invokers.TestInvoker.runConfigMethods(TestInvoker.java:846)\r","\tat org.testng.internal.invokers.TestInvoker.invokeMethod(TestInvoker.java:611)\r","\tat org.testng.internal.invokers.TestInvoker.invokeTestMethod(TestInvoker.java:230)\r","\tat org.testng.internal.invokers.MethodRunner.runInSequence(MethodRunner.java:63)\r","\tat org.testng.internal.invokers.TestInvoker$MethodInvocationAgent.invoke(TestInvoker.java:1005)\r","\tat org.testng.internal.invokers.TestInvoker.invokeTestMethods(TestInvoker.java:203)\r","\tat org.testng.internal.invokers.TestMethodWorker.invokeTestMethods(TestMethodWorker.java:154)\r","\tat org.testng.internal.invokers.TestMethodWorker.run(TestMethodWorker.java:134)\r","\tat java.base/java.util.ArrayList.forEach(ArrayList.java:1596)\r","\tat org.testng.TestRunner.privateRun(TestRunner.java:744)\r","\tat org.testng.TestRunner.run(TestRunner.java:616)\r","\tat org.testng.SuiteRunner.runTest(SuiteRunner.java:421)\r","\tat org.testng.SuiteRunner$SuiteWorker.run(SuiteRunner.java:463)\r","\tat org.testng.internal.thread.ThreadUtil.lambda$execute$0(ThreadUtil.java:64)\r","\tat java.base/java.util.concurrent.FutureTask.run(FutureTask.java:317)\r","\tat java.base/java.util.concurrent.ThreadPoolExecutor.runWorker(ThreadPoolExecutor.java:1144)\r","\tat java.base/java.util.concurrent.ThreadPoolExecutor$Worker.run(ThreadPoolExecutor.java:642)\r","\tat java.base/java.lang.Thread.run(Thread.java:1583)\r","Caused by: java.lang.NullPointerException\r","\tat java.base/java.util.stream.ReferencePipeline$3$1.accept(ReferencePipeline.java:197)\r","\tat java.base/java.util.Collections$2.tryAdvance(Collections.java:5073)\r","\tat java.base/java.util.Collections$2.forEachRemaining(Collections.java:5081)\r","\tat java.base/java.util.stream.AbstractPipeline.copyInto(AbstractPipeline.java:509)\r","\tat java.base/java.util.stream.AbstractPipeline.wrapAndCopyInto(AbstractPipeline.java:499)\r","\tat java.base/java.util.stream.ReduceOps$ReduceOp.evaluateSequential(ReduceOps.java:921)\r","\tat java.base/java.util.stream.AbstractPipeline.evaluate(AbstractPipeline.java:234)\r","\tat java.base/java.util.stream.ReferencePipeline.collect(ReferencePipeline.java:682)\r","\tat org.openqa.selenium.remote.NewSessionPayload.create(NewSessionPayload.java:89)\r","\tat org.openqa.selenium.remote.ProtocolHandshake.createSession(ProtocolHandshake.java:60)\r","\tat io.appium.java_client.remote.AppiumCommandExecutor.createSession(AppiumCommandExecutor.java:178)\r","\tat io.appium.java_client.remote.AppiumCommandExecutor.execute(AppiumCommandExecutor.java:243)\r","\tat org.openqa.selenium.remote.RemoteWebDriver.execute(RemoteWebDriver.java:606)\r","\t... 31 more\r"]}],"test_framework_version":"7.12.0","test_logs":[],"test_scopes":["AppiumE2EEcommTest","AndroidAppiumTests.E2EEcommTests_POM"],"test_code":"public void AndroidAppiumTests.E2EEcommTests_POM.PurchaseProduct() throws java.lang.InterruptedException","test_id":"LongPressTest-2@2","test_uuid":"1307a9ec-0d1b-44fe-b7a7-6fba159d1b33","test_ended_at":"2026-04-20T19:02:22.712775100","automate_session_name":"LongPressTest-22","test_hook_last_finished":"BEFORE_METHOD","test_session_name":"AndroidAppiumTests.E2EEcommTests_POM-PurchaseProduct","custom_metadata":{},"test_failure_reason":"org.openqa.selenium.SessionNotCreatedException: Could not start a new session. Possible causes are invalid address of the remote server or browser start-up failure. \nHost info: host: 'DESKTOP-FRC4SK8', ip: '192.168.1.8'\nBuild info: version: '4.43.0', revision: 'dd0f534'\nSystem info: os.name: 'Windows 11', os.arch: 'amd64', os.version: '10.0', java.version: '21.0.8'\nDriver info: io.appium.java_client.android.AndroidDriver\nCommand: [null, newSession {capabilities=[null]}]\nCapabilities {}","test_location":"src\\test\\java\\AndroidAppiumTests\\E2EEcommTests_POM.java","test_hooks_started":{"BEFORE_METHOD":[]},"test_file_path":"src\\test\\java\\AndroidAppiumTests\\E2EEcommTests_POM.java","test_result":"skipped","test_hooks_finished":{"BEFORE_METHOD":[{"hook_name":"setUpDriver","hook_result":"skipped","test_file_path":"AppiumSession_Cloud\\src\\test\\java\\AndroidAppiumTests\\E2EEcommTests_POM.java","event_started_at":"2026-04-20T19:02:22.289580400","hook_id":"87ee3817-1e40-41a5-b7fe-0514aee3041a","hook_logs":[],"logs":[],"key":"BEFORE_METHOD","custom_metadata":{},"event_ended_at":"2026-04-20T19:02:22.493215100","test_location":"AppiumSession_Cloud\\src\\test\\java\\AndroidAppiumTests\\E2EEcommTests_POM.java"}]},"hook_id":"87ee3817-1e40-41a5-b7fe-0514aee3041a","test_meta":{},"isBrowserstackAutomationSession":true,"test_name":"PurchaseProduct","logs":[]}
2026-04-20T13:32:23.459Z CLI info [testhub:request-queue-handler]  [poulamidatta_OM7YbZ]  [zerrekkj1n4tvejiqjjsd2en9kgd0pd9oq98skrf]  [aec0fced-1909-412a-a0db-6e0382e37345]  Added the event {
  event_type: 'TestRunFinished',
  test_run: {
    type: 'test',
    framework: 'TestNG',
    uuid: '1307a9ec-0d1b-44fe-b7a7-6fba159d1b33',
    name: 'PurchaseProduct',
    body: {
      lang: 'java',
      code: 'public void AndroidAppiumTests.E2EEcommTests_POM.PurchaseProduct() throws java.lang.InterruptedException'
    },
    identifier: 'PurchaseProduct',
    scope: 'AppiumE2EEcommTest.AndroidAppiumTests.E2EEcommTests_POM',
    scopes: [ 'AppiumE2EEcommTest', 'AndroidAppiumTests.E2EEcommTests_POM' ],
    file_name: 'src\\test\\java\\AndroidAppiumTests\\E2EEcommTests_POM.java',
    vc_filepath: 'eclipse-workspace\\AppiumSession_Cloud\\src\\test\\java\\AndroidAppiumTests\\E2EEcommTests_POM.java',
    location: 'src\\test\\java\\AndroidAppiumTests\\E2EEcommTests_POM.java',
    meta: {},
    result: 'skipped',
    duration_in_ms: 86,
    started_at: '2026-04-20T13:32:22.626Z',
    finished_at: '2026-04-20T13:32:22.712Z',
    failure: [ [Object] ],
    failure_type: 'UnhandledError',
    failure_reason: 'org.openqa.selenium.SessionNotCreatedException: Could not start a new session. Possible causes are invalid address of the remote server or browser start-up failure. \n' +
      "Host info: host: 'DESKTOP-FRC4SK8', ip: '192.168.1.8'\n" +
      "Build info: version: '4.43.0', revision: 'dd0f534'\n" +
      "System info: os.name: 'Windows 11', os.arch: 'amd64', os.version: '10.0', java.version: '21.0.8'\n" +
      'Driver info: io.appium.java_client.android.AndroidDriver\n' +
      'Command: [null, newSession {capabilities=[null]}]\n' +
      'Capabilities {}',
    retry_of: null,
    custom_metadata: {},
    tags: [],
    customRerunParam: { rerun_name: 'LongPressTest-2' },
    hooks: [ '87ee3817-1e40-41a5-b7fe-0514aee3041a' ],
    product_map: {
      observability: true,
      accessibility: false,
      percy: false,
      automate: false,
      app_automate: true,
      lts: false
    }
  },
  logs: []
} to 16184:0
2026-04-20T13:32:23.486Z CLI warn [TEST REPORTING AND ANALYTICS:java:testng]  [poulamidatta_OM7YbZ]  [zerrekkj1n4tvejiqjjsd2en9kgd0pd9oq98skrf]  [aec0fced-1909-412a-a0db-6e0382e37345]  TestRunFinished: event={"test_hook_last_started":"BEFORE_METHOD","test_failure_type":"UnhandledError","test_rerun_name":"LongPressTest-1","test_result_at":"2026-04-20T19:02:22.726901","test_scope":"AppiumE2EEcommTest.AndroidAppiumTests.E2EEcommTests_POM","test_framework_name":"TestNG","test_tags":"","cbt_session_created":true,"test_started_at":"2026-04-20T19:02:22.647443500","platform_index":1,"test_failure":[{"backtrace":["org.openqa.selenium.SessionNotCreatedException: Could not start a new session. Possible causes are invalid address of the remote server or browser start-up failure. ","Host info: host: 'DESKTOP-FRC4SK8', ip: '192.168.1.8'","Build info: version: '4.43.0', revision: 'dd0f534'","System info: os.name: 'Windows 11', os.arch: 'amd64', os.version: '10.0', java.version: '21.0.8'","Driver info: io.appium.java_client.android.AndroidDriver","Command: [null, newSession {capabilities=[null]}]","Capabilities {}\r","\tat org.openqa.selenium.remote.RemoteWebDriver.execute(RemoteWebDriver.java:627)\r","\tat io.appium.java_client.AppiumDriver.startSession(AppiumDriver.java:308)\r","\tat org.openqa.selenium.remote.RemoteWebDriver.<init>(RemoteWebDriver.java:213)\r","\tat org.openqa.selenium.remote.RemoteWebDriver.<init>(RemoteWebDriver.java:199)\r","\tat io.appium.java_client.AppiumDriver.<init>(AppiumDriver.java:98)\r","\tat io.appium.java_client.AppiumDriver.<init>(AppiumDriver.java:109)\r","\tat io.appium.java_client.android.AndroidDriver.<init>(AndroidDriver.java:108)\r","\tat BaseTests.EcommBaseTest.setUpDriver(EcommBaseTest.java:65)\r","\tat java.base/jdk.internal.reflect.DirectMethodHandleAccessor.invoke(DirectMethodHandleAccessor.java:103)\r","\tat java.base/java.lang.reflect.Method.invoke(Method.java:580)\r","\tat org.testng.internal.invokers.MethodInvocationHelper.invokeMethod(MethodInvocationHelper.java:141)\r","\tat org.testng.internal.invokers.MethodInvocationHelper.invokeMethodConsideringTimeout(MethodInvocationHelper.java:71)\r","\tat org.testng.internal.invokers.ConfigInvoker.invokeConfigurationMethod(ConfigInvoker.java:400)\r","\tat org.testng.internal.invokers.ConfigInvoker.invokeConfigurations(ConfigInvoker.java:333)\r","\tat org.testng.internal.invokers.TestInvoker.runConfigMethods(TestInvoker.java:846)\r","\tat org.testng.internal.invokers.TestInvoker.invokeMethod(TestInvoker.java:611)\r","\tat org.testng.internal.invokers.TestInvoker.invokeTestMethod(TestInvoker.java:230)\r","\tat org.testng.internal.invokers.MethodRunner.runInSequence(MethodRunner.java:63)\r","\tat org.testng.internal.invokers.TestInvoker$MethodInvocationAgent.invoke(TestInvoker.java:1005)\r","\tat org.testng.internal.invokers.TestInvoker.invokeTestMethods(TestInvoker.java:203)\r","\tat org.testng.internal.invokers.TestMethodWorker.invokeTestMethods(TestMethodWorker.java:154)\r","\tat org.testng.internal.invokers.TestMethodWorker.run(TestMethodWorker.java:134)\r","\tat java.base/java.util.ArrayList.forEach(ArrayList.java:1596)\r","\tat org.testng.TestRunner.privateRun(TestRunner.java:744)\r","\tat org.testng.TestRunner.run(TestRunner.java:616)\r","\tat org.testng.SuiteRunner.runTest(SuiteRunner.java:421)\r","\tat org.testng.SuiteRunner$SuiteWorker.run(SuiteRunner.java:463)\r","\tat org.testng.internal.thread.ThreadUtil.lambda$execute$0(ThreadUtil.java:64)\r","\tat java.base/java.util.concurrent.FutureTask.run(FutureTask.java:317)\r","\tat java.base/java.util.concurrent.ThreadPoolExecutor.runWorker(ThreadPoolExecutor.java:1144)\r","\tat java.base/java.util.concurrent.ThreadPoolExecutor$Worker.run(ThreadPoolExecutor.java:642)\r","\tat java.base/java.lang.Thread.run(Thread.java:1583)\r","Caused by: java.lang.NullPointerException\r","\tat java.base/java.util.stream.ReferencePipeline$3$1.accept(ReferencePipeline.java:197)\r","\tat java.base/java.util.Collections$2.tryAdvance(Collections.java:5073)\r","\tat java.base/java.util.Collections$2.forEachRemaining(Collections.java:5081)\r","\tat java.base/java.util.stream.AbstractPipeline.copyInto(AbstractPipeline.java:509)\r","\tat java.base/java.util.stream.AbstractPipeline.wrapAndCopyInto(AbstractPipeline.java:499)\r","\tat java.base/java.util.stream.ReduceOps$ReduceOp.evaluateSequential(ReduceOps.java:921)\r","\tat java.base/java.util.stream.AbstractPipeline.evaluate(AbstractPipeline.java:234)\r","\tat java.base/java.util.stream.ReferencePipeline.collect(ReferencePipeline.java:682)\r","\tat org.openqa.selenium.remote.NewSessionPayload.create(NewSessionPayload.java:89)\r","\tat org.openqa.selenium.remote.ProtocolHandshake.createSession(ProtocolHandshake.java:60)\r","\tat io.appium.java_client.remote.AppiumCommandExecutor.createSession(AppiumCommandExecutor.java:178)\r","\tat io.appium.java_client.remote.AppiumCommandExecutor.execute(AppiumCommandExecutor.java:243)\r","\tat org.openqa.selenium.remote.RemoteWebDriver.execute(RemoteWebDriver.java:606)\r","\t... 31 more\r"]}],"test_framework_version":"7.12.0","test_logs":[],"test_scopes":["AppiumE2EEcommTest","AndroidAppiumTests.E2EEcommTests_POM"],"test_code":"public void AndroidAppiumTests.E2EEcommTests_POM.PurchaseProduct() throws java.lang.InterruptedException","test_id":"LongPressTest-1@1","test_uuid":"1fbc7a32-1086-4837-a5af-393be2855c23","test_ended_at":"2026-04-20T19:02:22.728414","automate_session_name":"LongPressTest-11","test_hook_last_finished":"BEFORE_METHOD","test_session_name":"AndroidAppiumTests.E2EEcommTests_POM-PurchaseProduct","custom_metadata":{},"test_failure_reason":"org.openqa.selenium.SessionNotCreatedException: Could not start a new session. Possible causes are invalid address of the remote server or browser start-up failure. \nHost info: host: 'DESKTOP-FRC4SK8', ip: '192.168.1.8'\nBuild info: version: '4.43.0', revision: 'dd0f534'\nSystem info: os.name: 'Windows 11', os.arch: 'amd64', os.version: '10.0', java.version: '21.0.8'\nDriver info: io.appium.java_client.android.AndroidDriver\nCommand: [null, newSession {capabilities=[null]}]\nCapabilities {}","test_location":"src\\test\\java\\AndroidAppiumTests\\E2EEcommTests_POM.java","test_hooks_started":{"BEFORE_METHOD":[]},"test_file_path":"src\\test\\java\\AndroidAppiumTests\\E2EEcommTests_POM.java","test_result":"skipped","test_hooks_finished":{"BEFORE_METHOD":[{"hook_name":"setUpDriver","hook_result":"skipped","test_file_path":"AppiumSession_Cloud\\src\\test\\java\\AndroidAppiumTests\\E2EEcommTests_POM.java","event_started_at":"2026-04-20T19:02:22.333587200","hook_id":"e2c447fe-8fae-4979-a330-74deeab1c9ae","hook_logs":[],"logs":[],"key":"BEFORE_METHOD","custom_metadata":{},"event_ended_at":"2026-04-20T19:02:22.494215","test_location":"AppiumSession_Cloud\\src\\test\\java\\AndroidAppiumTests\\E2EEcommTests_POM.java"}]},"hook_id":"e2c447fe-8fae-4979-a330-74deeab1c9ae","test_meta":{},"isBrowserstackAutomationSession":true,"test_name":"PurchaseProduct","logs":[]}
2026-04-20T13:32:23.488Z CLI info [testhub:request-queue-handler]  [poulamidatta_OM7YbZ]  [zerrekkj1n4tvejiqjjsd2en9kgd0pd9oq98skrf]  [aec0fced-1909-412a-a0db-6e0382e37345]  Added the event {
  event_type: 'TestRunFinished',
  test_run: {
    type: 'test',
    framework: 'TestNG',
    uuid: '1fbc7a32-1086-4837-a5af-393be2855c23',
    name: 'PurchaseProduct',
    body: {
      lang: 'java',
      code: 'public void AndroidAppiumTests.E2EEcommTests_POM.PurchaseProduct() throws java.lang.InterruptedException'
    },
    identifier: 'PurchaseProduct',
    scope: 'AppiumE2EEcommTest.AndroidAppiumTests.E2EEcommTests_POM',
    scopes: [ 'AppiumE2EEcommTest', 'AndroidAppiumTests.E2EEcommTests_POM' ],
    file_name: 'src\\test\\java\\AndroidAppiumTests\\E2EEcommTests_POM.java',
    vc_filepath: 'eclipse-workspace\\AppiumSession_Cloud\\src\\test\\java\\AndroidAppiumTests\\E2EEcommTests_POM.java',
    location: 'src\\test\\java\\AndroidAppiumTests\\E2EEcommTests_POM.java',
    meta: {},
    result: 'skipped',
    duration_in_ms: 81,
    started_at: '2026-04-20T13:32:22.647Z',
    finished_at: '2026-04-20T13:32:22.728Z',
    failure: [ [Object] ],
    failure_type: 'UnhandledError',
    failure_reason: 'org.openqa.selenium.SessionNotCreatedException: Could not start a new session. Possible causes are invalid address of the remote server or browser start-up failure. \n' +
      "Host info: host: 'DESKTOP-FRC4SK8', ip: '192.168.1.8'\n" +
      "Build info: version: '4.43.0', revision: 'dd0f534'\n" +
      "System info: os.name: 'Windows 11', os.arch: 'amd64', os.version: '10.0', java.version: '21.0.8'\n" +
      'Driver info: io.appium.java_client.android.AndroidDriver\n' +
      'Command: [null, newSession {capabilities=[null]}]\n' +
      'Capabilities {}',
    retry_of: null,
    custom_metadata: {},
    tags: [],
    customRerunParam: { rerun_name: 'LongPressTest-1' },
    hooks: [ 'e2c447fe-8fae-4979-a330-74deeab1c9ae' ],
    product_map: {
      observability: true,
      accessibility: false,
      percy: false,
      automate: false,
      app_automate: true,
      lts: false
    }
  },
  logs: []
} to 16184:0
2026-04-20T13:32:23.518Z CLI warn [TEST REPORTING AND ANALYTICS:java:testng]  [poulamidatta_OM7YbZ]  [zerrekkj1n4tvejiqjjsd2en9kgd0pd9oq98skrf]  [aec0fced-1909-412a-a0db-6e0382e37345]  TestRunFinished: event={"test_hook_last_started":"BEFORE_METHOD","test_failure_type":"UnhandledError","test_rerun_name":"LongPressTest-0","test_result_at":"2026-04-20T19:02:22.808740800","test_scope":"AppiumE2EEcommTest.AndroidAppiumTests.E2EEcommTests_POM","test_framework_name":"TestNG","test_tags":"","cbt_session_created":true,"test_started_at":"2026-04-20T19:02:22.761148","platform_index":0,"test_failure":[{"backtrace":["org.openqa.selenium.SessionNotCreatedException: Could not start a new session. Possible causes are invalid address of the remote server or browser start-up failure. ","Host info: host: 'DESKTOP-FRC4SK8', ip: '192.168.1.8'","Build info: version: '4.43.0', revision: 'dd0f534'","System info: os.name: 'Windows 11', os.arch: 'amd64', os.version: '10.0', java.version: '21.0.8'","Driver info: io.appium.java_client.android.AndroidDriver","Command: [null, newSession {capabilities=[null]}]","Capabilities {}\r","\tat org.openqa.selenium.remote.RemoteWebDriver.execute(RemoteWebDriver.java:627)\r","\tat io.appium.java_client.AppiumDriver.startSession(AppiumDriver.java:308)\r","\tat org.openqa.selenium.remote.RemoteWebDriver.<init>(RemoteWebDriver.java:213)\r","\tat org.openqa.selenium.remote.RemoteWebDriver.<init>(RemoteWebDriver.java:199)\r","\tat io.appium.java_client.AppiumDriver.<init>(AppiumDriver.java:98)\r","\tat io.appium.java_client.AppiumDriver.<init>(AppiumDriver.java:109)\r","\tat io.appium.java_client.android.AndroidDriver.<init>(AndroidDriver.java:108)\r","\tat BaseTests.EcommBaseTest.setUpDriver(EcommBaseTest.java:65)\r","\tat java.base/jdk.internal.reflect.DirectMethodHandleAccessor.invoke(DirectMethodHandleAccessor.java:103)\r","\tat java.base/java.lang.reflect.Method.invoke(Method.java:580)\r","\tat org.testng.internal.invokers.MethodInvocationHelper.invokeMethod(MethodInvocationHelper.java:141)\r","\tat org.testng.internal.invokers.MethodInvocationHelper.invokeMethodConsideringTimeout(MethodInvocationHelper.java:71)\r","\tat org.testng.internal.invokers.ConfigInvoker.invokeConfigurationMethod(ConfigInvoker.java:400)\r","\tat org.testng.internal.invokers.ConfigInvoker.invokeConfigurations(ConfigInvoker.java:333)\r","\tat org.testng.internal.invokers.TestInvoker.runConfigMethods(TestInvoker.java:846)\r","\tat org.testng.internal.invokers.TestInvoker.invokeMethod(TestInvoker.java:611)\r","\tat org.testng.internal.invokers.TestInvoker.invokeTestMethod(TestInvoker.java:230)\r","\tat org.testng.internal.invokers.MethodRunner.runInSequence(MethodRunner.java:63)\r","\tat org.testng.internal.invokers.TestInvoker$MethodInvocationAgent.invoke(TestInvoker.java:1005)\r","\tat org.testng.internal.invokers.TestInvoker.invokeTestMethods(TestInvoker.java:203)\r","\tat org.testng.internal.invokers.TestMethodWorker.invokeTestMethods(TestMethodWorker.java:154)\r","\tat org.testng.internal.invokers.TestMethodWorker.run(TestMethodWorker.java:134)\r","\tat java.base/java.util.ArrayList.forEach(ArrayList.java:1596)\r","\tat org.testng.TestRunner.privateRun(TestRunner.java:744)\r","\tat org.testng.TestRunner.run(TestRunner.java:616)\r","\tat org.testng.SuiteRunner.runTest(SuiteRunner.java:421)\r","\tat org.testng.SuiteRunner$SuiteWorker.run(SuiteRunner.java:463)\r","\tat org.testng.internal.thread.ThreadUtil.lambda$execute$0(ThreadUtil.java:64)\r","\tat java.base/java.util.concurrent.FutureTask.run(FutureTask.java:317)\r","\tat java.base/java.util.concurrent.ThreadPoolExecutor.runWorker(ThreadPoolExecutor.java:1144)\r","\tat java.base/java.util.concurrent.ThreadPoolExecutor$Worker.run(ThreadPoolExecutor.java:642)\r","\tat java.base/java.lang.Thread.run(Thread.java:1583)\r","Caused by: java.lang.NullPointerException\r","\tat java.base/java.util.stream.ReferencePipeline$3$1.accept(ReferencePipeline.java:197)\r","\tat java.base/java.util.Collections$2.tryAdvance(Collections.java:5073)\r","\tat java.base/java.util.Collections$2.forEachRemaining(Collections.java:5081)\r","\tat java.base/java.util.stream.AbstractPipeline.copyInto(AbstractPipeline.java:509)\r","\tat java.base/java.util.stream.AbstractPipeline.wrapAndCopyInto(AbstractPipeline.java:499)\r","\tat java.base/java.util.stream.ReduceOps$ReduceOp.evaluateSequential(ReduceOps.java:921)\r","\tat java.base/java.util.stream.AbstractPipeline.evaluate(AbstractPipeline.java:234)\r","\tat java.base/java.util.stream.ReferencePipeline.collect(ReferencePipeline.java:682)\r","\tat org.openqa.selenium.remote.NewSessionPayload.create(NewSessionPayload.java:89)\r","\tat org.openqa.selenium.remote.ProtocolHandshake.createSession(ProtocolHandshake.java:60)\r","\tat io.appium.java_client.remote.AppiumCommandExecutor.createSession(AppiumCommandExecutor.java:178)\r","\tat io.appium.java_client.remote.AppiumCommandExecutor.execute(AppiumCommandExecutor.java:243)\r","\tat org.openqa.selenium.remote.RemoteWebDriver.execute(RemoteWebDriver.java:606)\r","\t... 31 more\r"]}],"test_framework_version":"7.12.0","test_logs":[],"test_scopes":["AppiumE2EEcommTest","AndroidAppiumTests.E2EEcommTests_POM"],"test_code":"public void AndroidAppiumTests.E2EEcommTests_POM.PurchaseProduct() throws java.lang.InterruptedException","test_id":"LongPressTest-0@0","test_uuid":"0bc09754-f1b6-4945-9591-c3f08b92a561","test_ended_at":"2026-04-20T19:02:22.811735600","automate_session_name":"LongPressTest-00","test_hook_last_finished":"BEFORE_METHOD","test_session_name":"AndroidAppiumTests.E2EEcommTests_POM-PurchaseProduct","custom_metadata":{},"test_failure_reason":"org.openqa.selenium.SessionNotCreatedException: Could not start a new session. Possible causes are invalid address of the remote server or browser start-up failure. \nHost info: host: 'DESKTOP-FRC4SK8', ip: '192.168.1.8'\nBuild info: version: '4.43.0', revision: 'dd0f534'\nSystem info: os.name: 'Windows 11', os.arch: 'amd64', os.version: '10.0', java.version: '21.0.8'\nDriver info: io.appium.java_client.android.AndroidDriver\nCommand: [null, newSession {capabilities=[null]}]\nCapabilities {}","test_location":"src\\test\\java\\AndroidAppiumTests\\E2EEcommTests_POM.java","test_hooks_started":{"BEFORE_METHOD":[]},"test_file_path":"src\\test\\java\\AndroidAppiumTests\\E2EEcommTests_POM.java","test_result":"skipped","test_hooks_finished":{"BEFORE_METHOD":[{"hook_name":"setUpDriver","hook_result":"skipped","test_file_path":"AppiumSession_Cloud\\src\\test\\java\\AndroidAppiumTests\\E2EEcommTests_POM.java","event_started_at":"2026-04-20T19:02:22.332071700","hook_id":"e9df52d3-8f12-425a-91e5-39bcf6555162","hook_logs":[],"logs":[],"key":"BEFORE_METHOD","custom_metadata":{},"event_ended_at":"2026-04-20T19:02:22.493215100","test_location":"AppiumSession_Cloud\\src\\test\\java\\AndroidAppiumTests\\E2EEcommTests_POM.java"}]},"hook_id":"e9df52d3-8f12-425a-91e5-39bcf6555162","test_meta":{},"isBrowserstackAutomationSession":true,"test_name":"PurchaseProduct","logs":[]}
2026-04-20T13:32:23.521Z CLI info [testhub:request-queue-handler]  [poulamidatta_OM7YbZ]  [zerrekkj1n4tvejiqjjsd2en9kgd0pd9oq98skrf]  [aec0fced-1909-412a-a0db-6e0382e37345]  Added the event {
  event_type: 'TestRunFinished',
  test_run: {
    type: 'test',
    framework: 'TestNG',
    uuid: '0bc09754-f1b6-4945-9591-c3f08b92a561',
    name: 'PurchaseProduct',
    body: {
      lang: 'java',
      code: 'public void AndroidAppiumTests.E2EEcommTests_POM.PurchaseProduct() throws java.lang.InterruptedException'
    },
    identifier: 'PurchaseProduct',
    scope: 'AppiumE2EEcommTest.AndroidAppiumTests.E2EEcommTests_POM',
    scopes: [ 'AppiumE2EEcommTest', 'AndroidAppiumTests.E2EEcommTests_POM' ],
    file_name: 'src\\test\\java\\AndroidAppiumTests\\E2EEcommTests_POM.java',
    vc_filepath: 'eclipse-workspace\\AppiumSession_Cloud\\src\\test\\java\\AndroidAppiumTests\\E2EEcommTests_POM.java',
    location: 'src\\test\\java\\AndroidAppiumTests\\E2EEcommTests_POM.java',
    meta: {},
    result: 'skipped',
    duration_in_ms: 50,
    started_at: '2026-04-20T13:32:22.761Z',
    finished_at: '2026-04-20T13:32:22.811Z',
    failure: [ [Object] ],
    failure_type: 'UnhandledError',
    failure_reason: 'org.openqa.selenium.SessionNotCreatedException: Could not start a new session. Possible causes are invalid address of the remote server or browser start-up failure. \n' +
      "Host info: host: 'DESKTOP-FRC4SK8', ip: '192.168.1.8'\n" +
      "Build info: version: '4.43.0', revision: 'dd0f534'\n" +
      "System info: os.name: 'Windows 11', os.arch: 'amd64', os.version: '10.0', java.version: '21.0.8'\n" +
      'Driver info: io.appium.java_client.android.AndroidDriver\n' +
      'Command: [null, newSession {capabilities=[null]}]\n' +
      'Capabilities {}',
    retry_of: null,
    custom_metadata: {},
    tags: [],
    customRerunParam: { rerun_name: 'LongPressTest-0' },
    hooks: [ 'e9df52d3-8f12-425a-91e5-39bcf6555162' ],
    product_map: {
      observability: true,
      accessibility: false,
      percy: false,
      automate: false,
      app_automate: true,
      lts: false
    }
  },
  logs: []
} to 16184:0
2026-04-20T13:32:23.640Z CLI warn [TEST REPORTING AND ANALYTICS:java]  [poulamidatta_OM7YbZ]  [zerrekkj1n4tvejiqjjsd2en9kgd0pd9oq98skrf]  [aec0fced-1909-412a-a0db-6e0382e37345]  onTestSessionEvent: empty capabilities for driver=2046740662
2026-04-20T13:32:23.695Z CLI warn [TEST REPORTING AND ANALYTICS:java]  [poulamidatta_OM7YbZ]  [zerrekkj1n4tvejiqjjsd2en9kgd0pd9oq98skrf]  [aec0fced-1909-412a-a0db-6e0382e37345]  onTestSessionEvent: empty capabilities for driver=2046740661
2026-04-20T13:32:23.713Z CLI info [testhub:request-queue-handler]  [poulamidatta_OM7YbZ]  [zerrekkj1n4tvejiqjjsd2en9kgd0pd9oq98skrf]  [aec0fced-1909-412a-a0db-6e0382e37345]  Added the event {
  event_type: 'HookRunStarted',
  hook_run: {
    type: 'hook',
    hook_type: 'AFTER_METHOD',
    framework: 'TestNG',
    uuid: 'eeddf481-e1e4-4456-90ec-ab2473639781',
    name: 'quitDriver',
    result: 'pending',
    test_run_id: '1fbc7a32-1086-4837-a5af-393be2855c23',
    body: { lang: 'java', code: null },
    scope: 'AppiumE2EEcommTest.AndroidAppiumTests.E2EEcommTests_POM',
    custom_metadata: {},
    tags: [],
    scopes: [ 'AppiumE2EEcommTest', 'AndroidAppiumTests.E2EEcommTests_POM' ],
    file_name: 'AppiumSession_Cloud\\src\\test\\java\\AndroidAppiumTests\\E2EEcommTests_POM.java',
    vc_filepath: 'eclipse-workspace\\AppiumSession_Cloud\\AppiumSession_Cloud\\src\\test\\java\\AndroidAppiumTests\\E2EEcommTests_POM.java',
    location: 'AppiumSession_Cloud\\src\\test\\java\\AndroidAppiumTests\\E2EEcommTests_POM.java',
    started_at: '2026-04-20T13:32:23.653Z'
  },
  logs: []
} to 16184:0
2026-04-20T13:32:23.724Z CLI info [testhub:request-queue-handler]  [poulamidatta_OM7YbZ]  [zerrekkj1n4tvejiqjjsd2en9kgd0pd9oq98skrf]  [aec0fced-1909-412a-a0db-6e0382e37345]  Added the event {
  event_type: 'HookRunStarted',
  hook_run: {
    type: 'hook',
    hook_type: 'AFTER_METHOD',
    framework: 'TestNG',
    uuid: '391e050f-d54f-4f97-b71f-028ef4229d27',
    name: 'quitDriver',
    result: 'pending',
    test_run_id: '1307a9ec-0d1b-44fe-b7a7-6fba159d1b33',
    body: { lang: 'java', code: null },
    scope: 'AppiumE2EEcommTest.AndroidAppiumTests.E2EEcommTests_POM',
    custom_metadata: {},
    tags: [],
    scopes: [ 'AppiumE2EEcommTest', 'AndroidAppiumTests.E2EEcommTests_POM' ],
    file_name: 'AppiumSession_Cloud\\src\\test\\java\\AndroidAppiumTests\\E2EEcommTests_POM.java',
    vc_filepath: 'eclipse-workspace\\AppiumSession_Cloud\\AppiumSession_Cloud\\src\\test\\java\\AndroidAppiumTests\\E2EEcommTests_POM.java',
    location: 'AppiumSession_Cloud\\src\\test\\java\\AndroidAppiumTests\\E2EEcommTests_POM.java',
    started_at: '2026-04-20T13:32:23.628Z'
  },
  logs: []
} to 16184:0
2026-04-20T13:32:23.735Z CLI warn [TEST REPORTING AND ANALYTICS:java]  [poulamidatta_OM7YbZ]  [zerrekkj1n4tvejiqjjsd2en9kgd0pd9oq98skrf]  [aec0fced-1909-412a-a0db-6e0382e37345]  onTestSessionEvent: empty capabilities for driver=2046740660
2026-04-20T13:32:23.785Z CLI info [testhub:request-queue-handler]  [poulamidatta_OM7YbZ]  [zerrekkj1n4tvejiqjjsd2en9kgd0pd9oq98skrf]  [aec0fced-1909-412a-a0db-6e0382e37345]  Added the event {
  event_type: 'HookRunStarted',
  hook_run: {
    type: 'hook',
    hook_type: 'AFTER_METHOD',
    framework: 'TestNG',
    uuid: 'c5caa406-9479-400a-9e22-ace851ad3095',
    name: 'quitDriver',
    result: 'pending',
    test_run_id: '0bc09754-f1b6-4945-9591-c3f08b92a561',
    body: { lang: 'java', code: null },
    scope: 'AppiumE2EEcommTest.AndroidAppiumTests.E2EEcommTests_POM',
    custom_metadata: {},
    tags: [],
    scopes: [ 'AppiumE2EEcommTest', 'AndroidAppiumTests.E2EEcommTests_POM' ],
    file_name: 'AppiumSession_Cloud\\src\\test\\java\\AndroidAppiumTests\\E2EEcommTests_POM.java',
    vc_filepath: 'eclipse-workspace\\AppiumSession_Cloud\\AppiumSession_Cloud\\src\\test\\java\\AndroidAppiumTests\\E2EEcommTests_POM.java',
    location: 'AppiumSession_Cloud\\src\\test\\java\\AndroidAppiumTests\\E2EEcommTests_POM.java',
    started_at: '2026-04-20T13:32:23.724Z'
  },
  logs: []
} to 16184:0
2026-04-20T13:32:23.823Z CLI info [testhub:request-queue-handler]  [poulamidatta_OM7YbZ]  [zerrekkj1n4tvejiqjjsd2en9kgd0pd9oq98skrf]  [aec0fced-1909-412a-a0db-6e0382e37345]  Processing batch event [
  {
    event_type: 'HookRunStarted',
    hook_run: {
      type: 'hook',
      hook_type: 'AFTER_METHOD',
      framework: 'TestNG',
      uuid: '8b663f15-4f07-41d4-8000-723696da6e86',
      name: 'quitDriver',
      result: 'pending',
      test_run_id: 'b9ca2d1d-acc3-4369-9ad0-02184802ba4e',
      body: { lang: 'java', code: null },
      scope: 'AppiumE2EEcommTest.AndroidAppiumTests.E2EEcommTests_POM',
      custom_metadata: {},
      tags: [],
      scopes: [ 'AppiumE2EEcommTest', 'AndroidAppiumTests.E2EEcommTests_POM' ],
      file_name: 'AppiumSession_Cloud\\src\\test\\java\\AndroidAppiumTests\\E2EEcommTests_POM.java',
      vc_filepath: 'eclipse-workspace\\AppiumSession_Cloud\\AppiumSession_Cloud\\src\\test\\java\\AndroidAppiumTests\\E2EEcommTests_POM.java',
      location: 'AppiumSession_Cloud\\src\\test\\java\\AndroidAppiumTests\\E2EEcommTests_POM.java',
      started_at: '2026-04-20T13:32:21.818Z'
    },
    logs: []
  },
  {
    event_type: 'HookRunStarted',
    hook_run: {
      type: 'hook',
      hook_type: 'AFTER_METHOD',
      framework: 'TestNG',
      uuid: '9075784a-ae33-47c6-b7e7-3fdf61560d5a',
      name: 'quitDriver',
      result: 'pending',
      test_run_id: '5b83ebd2-0bc9-4fbd-8e0e-c8a2d6f766a8',
      body: { lang: 'java', code: null },
      scope: 'AppiumE2EEcommTest.AndroidAppiumTests.E2EEcommTests_POM',
      custom_metadata: {},
      tags: [],
      scopes: [ 'AppiumE2EEcommTest', 'AndroidAppiumTests.E2EEcommTests_POM' ],
      file_name: 'AppiumSession_Cloud\\src\\test\\java\\AndroidAppiumTests\\E2EEcommTests_POM.java',
      vc_filepath: 'eclipse-workspace\\AppiumSession_Cloud\\AppiumSession_Cloud\\src\\test\\java\\AndroidAppiumTests\\E2EEcommTests_POM.java',
      location: 'AppiumSession_Cloud\\src\\test\\java\\AndroidAppiumTests\\E2EEcommTests_POM.java',
      started_at: '2026-04-20T13:32:21.808Z'
    },
    logs: []
  },
  {
    event_type: 'HookRunFinished',
    hook_run: {
      type: 'hook',
      hook_type: 'AFTER_METHOD',
      framework: 'TestNG',
      uuid: '8e6a75de-d5b8-48ce-9d12-c2f5d9a4e800',
      name: 'quitDriver',
      result: 'skipped',
      test_run_id: 'd957550f-8d2d-46c9-b8bb-95e030f76209',
      body: { lang: 'java', code: null },
      scope: 'AppiumE2EEcommTest.AndroidAppiumTests.E2EEcommTests_POM',
      custom_metadata: {},
      tags: [],
      scopes: [ 'AppiumE2EEcommTest', 'AndroidAppiumTests.E2EEcommTests_POM' ],
      file_name: 'AppiumSession_Cloud\\src\\test\\java\\AndroidAppiumTests\\E2EEcommTests_POM.java',
      vc_filepath: 'eclipse-workspace\\AppiumSession_Cloud\\AppiumSession_Cloud\\src\\test\\java\\AndroidAppiumTests\\E2EEcommTests_POM.java',
      location: 'AppiumSession_Cloud\\src\\test\\java\\AndroidAppiumTests\\E2EEcommTests_POM.java',
      started_at: '2026-04-20T13:32:21.744Z',
      finished_at: '2026-04-20T13:32:21.968Z'
    },
    logs: []
  },
  {
    event_type: 'HookRunFinished',
    hook_run: {
      type: 'hook',
      hook_type: 'AFTER_METHOD',
      framework: 'TestNG',
      uuid: '8b663f15-4f07-41d4-8000-723696da6e86',
      name: 'quitDriver',
      result: 'skipped',
      test_run_id: 'b9ca2d1d-acc3-4369-9ad0-02184802ba4e',
      body: { lang: 'java', code: null },
      scope: 'AppiumE2EEcommTest.AndroidAppiumTests.E2EEcommTests_POM',
      custom_metadata: {},
      tags: [],
      scopes: [ 'AppiumE2EEcommTest', 'AndroidAppiumTests.E2EEcommTests_POM' ],
      file_name: 'AppiumSession_Cloud\\src\\test\\java\\AndroidAppiumTests\\E2EEcommTests_POM.java',
      vc_filepath: 'eclipse-workspace\\AppiumSession_Cloud\\AppiumSession_Cloud\\src\\test\\java\\AndroidAppiumTests\\E2EEcommTests_POM.java',
      location: 'AppiumSession_Cloud\\src\\test\\java\\AndroidAppiumTests\\E2EEcommTests_POM.java',
      started_at: '2026-04-20T13:32:21.818Z',
      finished_at: '2026-04-20T13:32:22.096Z'
    },
    logs: []
  },
  {
    event_type: 'HookRunFinished',
    hook_run: {
      type: 'hook',
      hook_type: 'AFTER_METHOD',
      framework: 'TestNG',
      uuid: '9075784a-ae33-47c6-b7e7-3fdf61560d5a',
      name: 'quitDriver',
      result: 'skipped',
      test_run_id: '5b83ebd2-0bc9-4fbd-8e0e-c8a2d6f766a8',
      body: { lang: 'java', code: null },
      scope: 'AppiumE2EEcommTest.AndroidAppiumTests.E2EEcommTests_POM',
      custom_metadata: {},
      tags: [],
      scopes: [ 'AppiumE2EEcommTest', 'AndroidAppiumTests.E2EEcommTests_POM' ],
      file_name: 'AppiumSession_Cloud\\src\\test\\java\\AndroidAppiumTests\\E2EEcommTests_POM.java',
      vc_filepath: 'eclipse-workspace\\AppiumSession_Cloud\\AppiumSession_Cloud\\src\\test\\java\\AndroidAppiumTests\\E2EEcommTests_POM.java',
      location: 'AppiumSession_Cloud\\src\\test\\java\\AndroidAppiumTests\\E2EEcommTests_POM.java',
      started_at: '2026-04-20T13:32:21.808Z',
      finished_at: '2026-04-20T13:32:22.100Z'
    },
    logs: []
  },
  {
    event_type: 'HookRunStarted',
    hook_run: {
      type: 'hook',
      hook_type: 'BEFORE_METHOD',
      framework: 'TestNG',
      uuid: '87ee3817-1e40-41a5-b7fe-0514aee3041a',
      name: 'setUpDriver',
      result: 'pending',
      test_run_id: 'b312fb83-f1ae-4a56-a366-2aa1503410ef',
      body: { lang: 'java', code: null },
      scope: 'AppiumE2EEcommTest.AndroidAppiumTests.E2EEcommTests_POM',
      custom_metadata: {},
      tags: [],
      scopes: [ 'AppiumE2EEcommTest', 'AndroidAppiumTests.E2EEcommTests_POM' ],
      file_name: 'AppiumSession_Cloud\\src\\test\\java\\AndroidAppiumTests\\E2EEcommTests_POM.java',
      vc_filepath: 'eclipse-workspace\\AppiumSession_Cloud\\AppiumSession_Cloud\\src\\test\\java\\AndroidAppiumTests\\E2EEcommTests_POM.java',
      location: 'AppiumSession_Cloud\\src\\test\\java\\AndroidAppiumTests\\E2EEcommTests_POM.java',
      started_at: '2026-04-20T13:32:22.289Z'
    },
    logs: []
  },
  {
    event_type: 'HookRunStarted',
    hook_run: {
      type: 'hook',
      hook_type: 'BEFORE_METHOD',
      framework: 'TestNG',
      uuid: 'e9df52d3-8f12-425a-91e5-39bcf6555162',
      name: 'setUpDriver',
      result: 'pending',
      test_run_id: 'c4f80771-fcb2-466e-9313-402a3eb2bdb5',
      body: { lang: 'java', code: null },
      scope: 'AppiumE2EEcommTest.AndroidAppiumTests.E2EEcommTests_POM',
      custom_metadata: {},
      tags: [],
      scopes: [ 'AppiumE2EEcommTest', 'AndroidAppiumTests.E2EEcommTests_POM' ],
      file_name: 'AppiumSession_Cloud\\src\\test\\java\\AndroidAppiumTests\\E2EEcommTests_POM.java',
      vc_filepath: 'eclipse-workspace\\AppiumSession_Cloud\\AppiumSession_Cloud\\src\\test\\java\\AndroidAppiumTests\\E2EEcommTests_POM.java',
      location: 'AppiumSession_Cloud\\src\\test\\java\\AndroidAppiumTests\\E2EEcommTests_POM.java',
      started_at: '2026-04-20T13:32:22.332Z'
    },
    logs: []
  },
  {
    event_type: 'HookRunStarted',
    hook_run: {
      type: 'hook',
      hook_type: 'BEFORE_METHOD',
      framework: 'TestNG',
      uuid: 'e2c447fe-8fae-4979-a330-74deeab1c9ae',
      name: 'setUpDriver',
      result: 'pending',
      test_run_id: '4a06403f-8212-45ac-ab69-6f860cc2c622',
      body: { lang: 'java', code: null },
      scope: 'AppiumE2EEcommTest.AndroidAppiumTests.E2EEcommTests_POM',
      custom_metadata: {},
      tags: [],
      scopes: [ 'AppiumE2EEcommTest', 'AndroidAppiumTests.E2EEcommTests_POM' ],
      file_name: 'AppiumSession_Cloud\\src\\test\\java\\AndroidAppiumTests\\E2EEcommTests_POM.java',
      vc_filepath: 'eclipse-workspace\\AppiumSession_Cloud\\AppiumSession_Cloud\\src\\test\\java\\AndroidAppiumTests\\E2EEcommTests_POM.java',
      location: 'AppiumSession_Cloud\\src\\test\\java\\AndroidAppiumTests\\E2EEcommTests_POM.java',
      started_at: '2026-04-20T13:32:22.333Z'
    },
    logs: []
  },
  {
    event_type: 'HookRunFinished',
    hook_run: {
      type: 'hook',
      hook_type: 'BEFORE_METHOD',
      framework: 'TestNG',
      uuid: 'e9df52d3-8f12-425a-91e5-39bcf6555162',
      name: 'setUpDriver',
      result: 'skipped',
      test_run_id: 'c4f80771-fcb2-466e-9313-402a3eb2bdb5',
      body: { lang: 'java', code: null },
      scope: 'AppiumE2EEcommTest.AndroidAppiumTests.E2EEcommTests_POM',
      custom_metadata: {},
      tags: [],
      scopes: [ 'AppiumE2EEcommTest', 'AndroidAppiumTests.E2EEcommTests_POM' ],
      file_name: 'AppiumSession_Cloud\\src\\test\\java\\AndroidAppiumTests\\E2EEcommTests_POM.java',
      vc_filepath: 'eclipse-workspace\\AppiumSession_Cloud\\AppiumSession_Cloud\\src\\test\\java\\AndroidAppiumTests\\E2EEcommTests_POM.java',
      location: 'AppiumSession_Cloud\\src\\test\\java\\AndroidAppiumTests\\E2EEcommTests_POM.java',
      started_at: '2026-04-20T13:32:22.332Z',
      finished_at: '2026-04-20T13:32:22.493Z'
    },
    logs: []
  },
  {
    event_type: 'HookRunFinished',
    hook_run: {
      type: 'hook',
      hook_type: 'BEFORE_METHOD',
      framework: 'TestNG',
      uuid: '87ee3817-1e40-41a5-b7fe-0514aee3041a',
      name: 'setUpDriver',
      result: 'skipped',
      test_run_id: 'b312fb83-f1ae-4a56-a366-2aa1503410ef',
      body: { lang: 'java', code: null },
      scope: 'AppiumE2EEcommTest.AndroidAppiumTests.E2EEcommTests_POM',
      custom_metadata: {},
      tags: [],
      scopes: [ 'AppiumE2EEcommTest', 'AndroidAppiumTests.E2EEcommTests_POM' ],
      file_name: 'AppiumSession_Cloud\\src\\test\\java\\AndroidAppiumTests\\E2EEcommTests_POM.java',
      vc_filepath: 'eclipse-workspace\\AppiumSession_Cloud\\AppiumSession_Cloud\\src\\test\\java\\AndroidAppiumTests\\E2EEcommTests_POM.java',
      location: 'AppiumSession_Cloud\\src\\test\\java\\AndroidAppiumTests\\E2EEcommTests_POM.java',
      started_at: '2026-04-20T13:32:22.289Z',
      finished_at: '2026-04-20T13:32:22.493Z'
    },
    logs: []
  },
  {
    event_type: 'HookRunFinished',
    hook_run: {
      type: 'hook',
      hook_type: 'BEFORE_METHOD',
      framework: 'TestNG',
      uuid: 'e2c447fe-8fae-4979-a330-74deeab1c9ae',
      name: 'setUpDriver',
      result: 'skipped',
      test_run_id: '4a06403f-8212-45ac-ab69-6f860cc2c622',
      body: { lang: 'java', code: null },
      scope: 'AppiumE2EEcommTest.AndroidAppiumTests.E2EEcommTests_POM',
      custom_metadata: {},
      tags: [],
      scopes: [ 'AppiumE2EEcommTest', 'AndroidAppiumTests.E2EEcommTests_POM' ],
      file_name: 'AppiumSession_Cloud\\src\\test\\java\\AndroidAppiumTests\\E2EEcommTests_POM.java',
      vc_filepath: 'eclipse-workspace\\AppiumSession_Cloud\\AppiumSession_Cloud\\src\\test\\java\\AndroidAppiumTests\\E2EEcommTests_POM.java',
      location: 'AppiumSession_Cloud\\src\\test\\java\\AndroidAppiumTests\\E2EEcommTests_POM.java',
      started_at: '2026-04-20T13:32:22.333Z',
      finished_at: '2026-04-20T13:32:22.494Z'
    },
    logs: []
  },
  {
    event_type: 'TestRunStarted',
    test_run: {
      type: 'test',
      framework: 'TestNG',
      uuid: '1307a9ec-0d1b-44fe-b7a7-6fba159d1b33',
      name: 'PurchaseProduct',
      body: {
        lang: 'java',
        code: 'public void AndroidAppiumTests.E2EEcommTests_POM.PurchaseProduct() throws java.lang.InterruptedException'
      },
      identifier: 'PurchaseProduct',
      scope: 'AppiumE2EEcommTest.AndroidAppiumTests.E2EEcommTests_POM',
      scopes: [ 'AppiumE2EEcommTest', 'AndroidAppiumTests.E2EEcommTests_POM' ],
      file_name: 'src\\test\\java\\AndroidAppiumTests\\E2EEcommTests_POM.java',
      vc_filepath: 'eclipse-workspace\\AppiumSession_Cloud\\src\\test\\java\\AndroidAppiumTests\\E2EEcommTests_POM.java',
      location: 'src\\test\\java\\AndroidAppiumTests\\E2EEcommTests_POM.java',
      meta: {},
      result: 'pending',
      duration_in_ms: null,
      started_at: '2026-04-20T13:32:22.626Z',
      failure: undefined,
      failure_type: undefined,
      failure_reason: undefined,
      retry_of: null,
      custom_metadata: {},
      tags: [],
      customRerunParam: { rerun_name: 'LongPressTest-2' },
      hooks: [],
      product_map: {
        observability: true,
        accessibility: false,
        percy: false,
        automate: false,
        app_automate: true,
        lts: false
      }
    },
    logs: []
  },
  {
    event_type: 'TestRunStarted',
    test_run: {
      type: 'test',
      framework: 'TestNG',
      uuid: '1fbc7a32-1086-4837-a5af-393be2855c23',
      name: 'PurchaseProduct',
      body: {
        lang: 'java',
        code: 'public void AndroidAppiumTests.E2EEcommTests_POM.PurchaseProduct() throws java.lang.InterruptedException'
      },
      identifier: 'PurchaseProduct',
      scope: 'AppiumE2EEcommTest.AndroidAppiumTests.E2EEcommTests_POM',
      scopes: [ 'AppiumE2EEcommTest', 'AndroidAppiumTests.E2EEcommTests_POM' ],
      file_name: 'src\\test\\java\\AndroidAppiumTests\\E2EEcommTests_POM.java',
      vc_filepath: 'eclipse-workspace\\AppiumSession_Cloud\\src\\test\\java\\AndroidAppiumTests\\E2EEcommTests_POM.java',
      location: 'src\\test\\java\\AndroidAppiumTests\\E2EEcommTests_POM.java',
      meta: {},
      result: 'pending',
      duration_in_ms: null,
      started_at: '2026-04-20T13:32:22.647Z',
      failure: undefined,
      failure_type: undefined,
      failure_reason: undefined,
      retry_of: null,
      custom_metadata: {},
      tags: [],
      customRerunParam: { rerun_name: 'LongPressTest-1' },
      hooks: [],
      product_map: {
        observability: true,
        accessibility: false,
        percy: false,
        automate: false,
        app_automate: true,
        lts: false
      }
    },
    logs: []
  },
  {
    event_type: 'LogCreated',
    logs: [
      {
        testFrameworkName: 'TestNG',
        testFrameworkVersion: '7.12.0',
        testFrameworkState: 'LOG',
        timestamp: '2026-04-20T13:32:22.692Z',
        uuid: '1307a9ec-0d1b-44fe-b7a7-6fba159d1b33',
        kind: 'TEST_LOG',
        message: '"Test Skipped PurchaseProduct"',
        level: 'INFO',
        test_run_uuid: '1307a9ec-0d1b-44fe-b7a7-6fba159d1b33'
      }
    ]
  },
  {
    event_type: 'LogCreated',
    logs: [
      {
        testFrameworkName: 'TestNG',
        testFrameworkVersion: '7.12.0',
        testFrameworkState: 'LOG',
        timestamp: '2026-04-20T13:32:22.711Z',
        uuid: '1fbc7a32-1086-4837-a5af-393be2855c23',
        kind: 'TEST_LOG',
        message: '"Test Skipped PurchaseProduct"',
        level: 'INFO',
        test_run_uuid: '1fbc7a32-1086-4837-a5af-393be2855c23'
      }
    ]
  },
  {
    event_type: 'TestRunStarted',
    test_run: {
      type: 'test',
      framework: 'TestNG',
      uuid: '0bc09754-f1b6-4945-9591-c3f08b92a561',
      name: 'PurchaseProduct',
      body: {
        lang: 'java',
        code: 'public void AndroidAppiumTests.E2EEcommTests_POM.PurchaseProduct() throws java.lang.InterruptedException'
      },
      identifier: 'PurchaseProduct',
      scope: 'AppiumE2EEcommTest.AndroidAppiumTests.E2EEcommTests_POM',
      scopes: [ 'AppiumE2EEcommTest', 'AndroidAppiumTests.E2EEcommTests_POM' ],
      file_name: 'src\\test\\java\\AndroidAppiumTests\\E2EEcommTests_POM.java',
      vc_filepath: 'eclipse-workspace\\AppiumSession_Cloud\\src\\test\\java\\AndroidAppiumTests\\E2EEcommTests_POM.java',
      location: 'src\\test\\java\\AndroidAppiumTests\\E2EEcommTests_POM.java',
      meta: {},
      result: 'pending',
      duration_in_ms: null,
      started_at: '2026-04-20T13:32:22.761Z',
      failure: undefined,
      failure_type: undefined,
      failure_reason: undefined,
      retry_of: null,
      custom_metadata: {},
      tags: [],
      customRerunParam: { rerun_name: 'LongPressTest-0' },
      hooks: [],
      product_map: {
        observability: true,
        accessibility: false,
        percy: false,
        automate: false,
        app_automate: true,
        lts: false
      }
    },
    logs: []
  },
  {
    event_type: 'LogCreated',
    logs: [
      {
        testFrameworkName: 'TestNG',
        testFrameworkVersion: '7.12.0',
        testFrameworkState: 'LOG',
        timestamp: '2026-04-20T13:32:22.791Z',
        uuid: '0bc09754-f1b6-4945-9591-c3f08b92a561',
        kind: 'TEST_LOG',
        message: '"Test Skipped PurchaseProduct"',
        level: 'INFO',
        test_run_uuid: '0bc09754-f1b6-4945-9591-c3f08b92a561'
      }
    ]
  },
  {
    event_type: 'TestRunFinished',
    test_run: {
      type: 'test',
      framework: 'TestNG',
      uuid: '1307a9ec-0d1b-44fe-b7a7-6fba159d1b33',
      name: 'PurchaseProduct',
      body: {
        lang: 'java',
        code: 'public void AndroidAppiumTests.E2EEcommTests_POM.PurchaseProduct() throws java.lang.InterruptedException'
      },
      identifier: 'PurchaseProduct',
      scope: 'AppiumE2EEcommTest.AndroidAppiumTests.E2EEcommTests_POM',
      scopes: [ 'AppiumE2EEcommTest', 'AndroidAppiumTests.E2EEcommTests_POM' ],
      file_name: 'src\\test\\java\\AndroidAppiumTests\\E2EEcommTests_POM.java',
      vc_filepath: 'eclipse-workspace\\AppiumSession_Cloud\\src\\test\\java\\AndroidAppiumTests\\E2EEcommTests_POM.java',
      location: 'src\\test\\java\\AndroidAppiumTests\\E2EEcommTests_POM.java',
      meta: {},
      result: 'skipped',
      duration_in_ms: 86,
      started_at: '2026-04-20T13:32:22.626Z',
      finished_at: '2026-04-20T13:32:22.712Z',
      failure: [
        {
          backtrace: [
            'org.openqa.selenium.SessionNotCreatedException: Could not start a new session. Possible causes are invalid address of the remote server or browser start-up failure. ',
            "Host info: host: 'DESKTOP-FRC4SK8', ip: '192.168.1.8'",
            "Build info: version: '4.43.0', revision: 'dd0f534'",
            "System info: os.name: 'Windows 11', os.arch: 'amd64', os.version: '10.0', java.version: '21.0.8'",
            'Driver info: io.appium.java_client.android.AndroidDriver',
            'Command: [null, newSession {capabilities=[null]}]',
            'Capabilities {}\r',
            '\tat org.openqa.selenium.remote.RemoteWebDriver.execute(RemoteWebDriver.java:627)\r',
            '\tat io.appium.java_client.AppiumDriver.startSession(AppiumDriver.java:308)\r',
            '\tat org.openqa.selenium.remote.RemoteWebDriver.<init>(RemoteWebDriver.java:213)\r',
            '\tat org.openqa.selenium.remote.RemoteWebDriver.<init>(RemoteWebDriver.java:199)\r',
            '\tat io.appium.java_client.AppiumDriver.<init>(AppiumDriver.java:98)\r',
            '\tat io.appium.java_client.AppiumDriver.<init>(AppiumDriver.java:109)\r',
            '\tat io.appium.java_client.android.AndroidDriver.<init>(AndroidDriver.java:108)\r',
            '\tat BaseTests.EcommBaseTest.setUpDriver(EcommBaseTest.java:65)\r',
            '\tat java.base/jdk.internal.reflect.DirectMethodHandleAccessor.invoke(DirectMethodHandleAccessor.java:103)\r',
            '\tat java.base/java.lang.reflect.Method.invoke(Method.java:580)\r',
            '\tat org.testng.internal.invokers.MethodInvocationHelper.invokeMethod(MethodInvocationHelper.java:141)\r',
            '\tat org.testng.internal.invokers.MethodInvocationHelper.invokeMethodConsideringTimeout(MethodInvocationHelper.java:71)\r',
            '\tat org.testng.internal.invokers.ConfigInvoker.invokeConfigurationMethod(ConfigInvoker.java:400)\r',
            '\tat org.testng.internal.invokers.ConfigInvoker.invokeConfigurations(ConfigInvoker.java:333)\r',
            '\tat org.testng.internal.invokers.TestInvoker.runConfigMethods(TestInvoker.java:846)\r',
            '\tat org.testng.internal.invokers.TestInvoker.invokeMethod(TestInvoker.java:611)\r',
            '\tat org.testng.internal.invokers.TestInvoker.invokeTestMethod(TestInvoker.java:230)\r',
            '\tat org.testng.internal.invokers.MethodRunner.runInSequence(MethodRunner.java:63)\r',
            '\tat org.testng.internal.invokers.TestInvoker$MethodInvocationAgent.invoke(TestInvoker.java:1005)\r',
            '\tat org.testng.internal.invokers.TestInvoker.invokeTestMethods(TestInvoker.java:203)\r',
            '\tat org.testng.internal.invokers.TestMethodWorker.invokeTestMethods(TestMethodWorker.java:154)\r',
            '\tat org.testng.internal.invokers.TestMethodWorker.run(TestMethodWorker.java:134)\r',
            '\tat java.base/java.util.ArrayList.forEach(ArrayList.java:1596)\r',
            '\tat org.testng.TestRunner.privateRun(TestRunner.java:744)\r',
            '\tat org.testng.TestRunner.run(TestRunner.java:616)\r',
            '\tat org.testng.SuiteRunner.runTest(SuiteRunner.java:421)\r',
            '\tat org.testng.SuiteRunner$SuiteWorker.run(SuiteRunner.java:463)\r',
            '\tat org.testng.internal.thread.ThreadUtil.lambda$execute$0(ThreadUtil.java:64)\r',
            '\tat java.base/java.util.concurrent.FutureTask.run(FutureTask.java:317)\r',
            '\tat java.base/java.util.concurrent.ThreadPoolExecutor.runWorker(ThreadPoolExecutor.java:1144)\r',
            '\tat java.base/java.util.concurrent.ThreadPoolExecutor$Worker.run(ThreadPoolExecutor.java:642)\r',
            '\tat java.base/java.lang.Thread.run(Thread.java:1583)\r',
            'Caused by: java.lang.NullPointerException\r',
            '\tat java.base/java.util.stream.ReferencePipeline$3$1.accept(ReferencePipeline.java:197)\r',
            '\tat java.base/java.util.Collections$2.tryAdvance(Collections.java:5073)\r',
            '\tat java.base/java.util.Collections$2.forEachRemaining(Collections.java:5081)\r',
            '\tat java.base/java.util.stream.AbstractPipeline.copyInto(AbstractPipeline.java:509)\r',
            '\tat java.base/java.util.stream.AbstractPipeline.wrapAndCopyInto(AbstractPipeline.java:499)\r',
            '\tat java.base/java.util.stream.ReduceOps$ReduceOp.evaluateSequential(ReduceOps.java:921)\r',
            '\tat java.base/java.util.stream.AbstractPipeline.evaluate(AbstractPipeline.java:234)\r',
            '\tat java.base/java.util.stream.ReferencePipeline.collect(ReferencePipeline.java:682)\r',
            '\tat org.openqa.selenium.remote.NewSessionPayload.create(NewSessionPayload.java:89)\r',
            '\tat org.openqa.selenium.remote.ProtocolHandshake.createSession(ProtocolHandshake.java:60)\r',
            '\tat io.appium.java_client.remote.AppiumCommandExecutor.createSession(AppiumCommandExecutor.java:178)\r',
            '\tat io.appium.java_client.remote.AppiumCommandExecutor.execute(AppiumCommandExecutor.java:243)\r',
            '\tat org.openqa.selenium.remote.RemoteWebDriver.execute(RemoteWebDriver.java:606)\r',
            '\t... 31 more\r'
          ]
        }
      ],
      failure_type: 'UnhandledError',
      failure_reason: 'org.openqa.selenium.SessionNotCreatedException: Could not start a new session. Possible causes are invalid address of the remote server or browser start-up failure. \n' +
        "Host info: host: 'DESKTOP-FRC4SK8', ip: '192.168.1.8'\n" +
        "Build info: version: '4.43.0', revision: 'dd0f534'\n" +
        "System info: os.name: 'Windows 11', os.arch: 'amd64', os.version: '10.0', java.version: '21.0.8'\n" +
        'Driver info: io.appium.java_client.android.AndroidDriver\n' +
        'Command: [null, newSession {capabilities=[null]}]\n' +
        'Capabilities {}',
      retry_of: null,
      custom_metadata: {},
      tags: [],
      customRerunParam: { rerun_name: 'LongPressTest-2' },
      hooks: [ '87ee3817-1e40-41a5-b7fe-0514aee3041a' ],
      product_map: {
        observability: true,
        accessibility: false,
        percy: false,
        automate: false,
        app_automate: true,
        lts: false
      }
    },
    logs: []
  },
  {
    event_type: 'TestRunFinished',
    test_run: {
      type: 'test',
      framework: 'TestNG',
      uuid: '1fbc7a32-1086-4837-a5af-393be2855c23',
      name: 'PurchaseProduct',
      body: {
        lang: 'java',
        code: 'public void AndroidAppiumTests.E2EEcommTests_POM.PurchaseProduct() throws java.lang.InterruptedException'
      },
      identifier: 'PurchaseProduct',
      scope: 'AppiumE2EEcommTest.AndroidAppiumTests.E2EEcommTests_POM',
      scopes: [ 'AppiumE2EEcommTest', 'AndroidAppiumTests.E2EEcommTests_POM' ],
      file_name: 'src\\test\\java\\AndroidAppiumTests\\E2EEcommTests_POM.java',
      vc_filepath: 'eclipse-workspace\\AppiumSession_Cloud\\src\\test\\java\\AndroidAppiumTests\\E2EEcommTests_POM.java',
      location: 'src\\test\\java\\AndroidAppiumTests\\E2EEcommTests_POM.java',
      meta: {},
      result: 'skipped',
      duration_in_ms: 81,
      started_at: '2026-04-20T13:32:22.647Z',
      finished_at: '2026-04-20T13:32:22.728Z',
      failure: [
        {
          backtrace: [
            'org.openqa.selenium.SessionNotCreatedException: Could not start a new session. Possible causes are invalid address of the remote server or browser start-up failure. ',
            "Host info: host: 'DESKTOP-FRC4SK8', ip: '192.168.1.8'",
            "Build info: version: '4.43.0', revision: 'dd0f534'",
            "System info: os.name: 'Windows 11', os.arch: 'amd64', os.version: '10.0', java.version: '21.0.8'",
            'Driver info: io.appium.java_client.android.AndroidDriver',
            'Command: [null, newSession {capabilities=[null]}]',
            'Capabilities {}\r',
            '\tat org.openqa.selenium.remote.RemoteWebDriver.execute(RemoteWebDriver.java:627)\r',
            '\tat io.appium.java_client.AppiumDriver.startSession(AppiumDriver.java:308)\r',
            '\tat org.openqa.selenium.remote.RemoteWebDriver.<init>(RemoteWebDriver.java:213)\r',
            '\tat org.openqa.selenium.remote.RemoteWebDriver.<init>(RemoteWebDriver.java:199)\r',
            '\tat io.appium.java_client.AppiumDriver.<init>(AppiumDriver.java:98)\r',
            '\tat io.appium.java_client.AppiumDriver.<init>(AppiumDriver.java:109)\r',
            '\tat io.appium.java_client.android.AndroidDriver.<init>(AndroidDriver.java:108)\r',
            '\tat BaseTests.EcommBaseTest.setUpDriver(EcommBaseTest.java:65)\r',
            '\tat java.base/jdk.internal.reflect.DirectMethodHandleAccessor.invoke(DirectMethodHandleAccessor.java:103)\r',
            '\tat java.base/java.lang.reflect.Method.invoke(Method.java:580)\r',
            '\tat org.testng.internal.invokers.MethodInvocationHelper.invokeMethod(MethodInvocationHelper.java:141)\r',
            '\tat org.testng.internal.invokers.MethodInvocationHelper.invokeMethodConsideringTimeout(MethodInvocationHelper.java:71)\r',
            '\tat org.testng.internal.invokers.ConfigInvoker.invokeConfigurationMethod(ConfigInvoker.java:400)\r',
            '\tat org.testng.internal.invokers.ConfigInvoker.invokeConfigurations(ConfigInvoker.java:333)\r',
            '\tat org.testng.internal.invokers.TestInvoker.runConfigMethods(TestInvoker.java:846)\r',
            '\tat org.testng.internal.invokers.TestInvoker.invokeMethod(TestInvoker.java:611)\r',
            '\tat org.testng.internal.invokers.TestInvoker.invokeTestMethod(TestInvoker.java:230)\r',
            '\tat org.testng.internal.invokers.MethodRunner.runInSequence(MethodRunner.java:63)\r',
            '\tat org.testng.internal.invokers.TestInvoker$MethodInvocationAgent.invoke(TestInvoker.java:1005)\r',
            '\tat org.testng.internal.invokers.TestInvoker.invokeTestMethods(TestInvoker.java:203)\r',
            '\tat org.testng.internal.invokers.TestMethodWorker.invokeTestMethods(TestMethodWorker.java:154)\r',
            '\tat org.testng.internal.invokers.TestMethodWorker.run(TestMethodWorker.java:134)\r',
            '\tat java.base/java.util.ArrayList.forEach(ArrayList.java:1596)\r',
            '\tat org.testng.TestRunner.privateRun(TestRunner.java:744)\r',
            '\tat org.testng.TestRunner.run(TestRunner.java:616)\r',
            '\tat org.testng.SuiteRunner.runTest(SuiteRunner.java:421)\r',
            '\tat org.testng.SuiteRunner$SuiteWorker.run(SuiteRunner.java:463)\r',
            '\tat org.testng.internal.thread.ThreadUtil.lambda$execute$0(ThreadUtil.java:64)\r',
            '\tat java.base/java.util.concurrent.FutureTask.run(FutureTask.java:317)\r',
            '\tat java.base/java.util.concurrent.ThreadPoolExecutor.runWorker(ThreadPoolExecutor.java:1144)\r',
            '\tat java.base/java.util.concurrent.ThreadPoolExecutor$Worker.run(ThreadPoolExecutor.java:642)\r',
            '\tat java.base/java.lang.Thread.run(Thread.java:1583)\r',
            'Caused by: java.lang.NullPointerException\r',
            '\tat java.base/java.util.stream.ReferencePipeline$3$1.accept(ReferencePipeline.java:197)\r',
            '\tat java.base/java.util.Collections$2.tryAdvance(Collections.java:5073)\r',
            '\tat java.base/java.util.Collections$2.forEachRemaining(Collections.java:5081)\r',
            '\tat java.base/java.util.stream.AbstractPipeline.copyInto(AbstractPipeline.java:509)\r',
            '\tat java.base/java.util.stream.AbstractPipeline.wrapAndCopyInto(AbstractPipeline.java:499)\r',
            '\tat java.base/java.util.stream.ReduceOps$ReduceOp.evaluateSequential(ReduceOps.java:921)\r',
            '\tat java.base/java.util.stream.AbstractPipeline.evaluate(AbstractPipeline.java:234)\r',
            '\tat java.base/java.util.stream.ReferencePipeline.collect(ReferencePipeline.java:682)\r',
            '\tat org.openqa.selenium.remote.NewSessionPayload.create(NewSessionPayload.java:89)\r',
            '\tat org.openqa.selenium.remote.ProtocolHandshake.createSession(ProtocolHandshake.java:60)\r',
            '\tat io.appium.java_client.remote.AppiumCommandExecutor.createSession(AppiumCommandExecutor.java:178)\r',
            '\tat io.appium.java_client.remote.AppiumCommandExecutor.execute(AppiumCommandExecutor.java:243)\r',
            '\tat org.openqa.selenium.remote.RemoteWebDriver.execute(RemoteWebDriver.java:606)\r',
            '\t... 31 more\r'
          ]
        }
      ],
      failure_type: 'UnhandledError',
      failure_reason: 'org.openqa.selenium.SessionNotCreatedException: Could not start a new session. Possible causes are invalid address of the remote server or browser start-up failure. \n' +
        "Host info: host: 'DESKTOP-FRC4SK8', ip: '192.168.1.8'\n" +
        "Build info: version: '4.43.0', revision: 'dd0f534'\n" +
        "System info: os.name: 'Windows 11', os.arch: 'amd64', os.version: '10.0', java.version: '21.0.8'\n" +
        'Driver info: io.appium.java_client.android.AndroidDriver\n' +
        'Command: [null, newSession {capabilities=[null]}]\n' +
        'Capabilities {}',
      retry_of: null,
      custom_metadata: {},
      tags: [],
      customRerunParam: { rerun_name: 'LongPressTest-1' },
      hooks: [ 'e2c447fe-8fae-4979-a330-74deeab1c9ae' ],
      product_map: {
        observability: true,
        accessibility: false,
        percy: false,
        automate: false,
        app_automate: true,
        lts: false
      }
    },
    logs: []
  },
  {
    event_type: 'TestRunFinished',
    test_run: {
      type: 'test',
      framework: 'TestNG',
      uuid: '0bc09754-f1b6-4945-9591-c3f08b92a561',
      name: 'PurchaseProduct',
      body: {
        lang: 'java',
        code: 'public void AndroidAppiumTests.E2EEcommTests_POM.PurchaseProduct() throws java.lang.InterruptedException'
      },
      identifier: 'PurchaseProduct',
      scope: 'AppiumE2EEcommTest.AndroidAppiumTests.E2EEcommTests_POM',
      scopes: [ 'AppiumE2EEcommTest', 'AndroidAppiumTests.E2EEcommTests_POM' ],
      file_name: 'src\\test\\java\\AndroidAppiumTests\\E2EEcommTests_POM.java',
      vc_filepath: 'eclipse-workspace\\AppiumSession_Cloud\\src\\test\\java\\AndroidAppiumTests\\E2EEcommTests_POM.java',
      location: 'src\\test\\java\\AndroidAppiumTests\\E2EEcommTests_POM.java',
      meta: {},
      result: 'skipped',
      duration_in_ms: 50,
      started_at: '2026-04-20T13:32:22.761Z',
      finished_at: '2026-04-20T13:32:22.811Z',
      failure: [
        {
          backtrace: [
            'org.openqa.selenium.SessionNotCreatedException: Could not start a new session. Possible causes are invalid address of the remote server or browser start-up failure. ',
            "Host info: host: 'DESKTOP-FRC4SK8', ip: '192.168.1.8'",
            "Build info: version: '4.43.0', revision: 'dd0f534'",
            "System info: os.name: 'Windows 11', os.arch: 'amd64', os.version: '10.0', java.version: '21.0.8'",
            'Driver info: io.appium.java_client.android.AndroidDriver',
            'Command: [null, newSession {capabilities=[null]}]',
            'Capabilities {}\r',
            '\tat org.openqa.selenium.remote.RemoteWebDriver.execute(RemoteWebDriver.java:627)\r',
            '\tat io.appium.java_client.AppiumDriver.startSession(AppiumDriver.java:308)\r',
            '\tat org.openqa.selenium.remote.RemoteWebDriver.<init>(RemoteWebDriver.java:213)\r',
            '\tat org.openqa.selenium.remote.RemoteWebDriver.<init>(RemoteWebDriver.java:199)\r',
            '\tat io.appium.java_client.AppiumDriver.<init>(AppiumDriver.java:98)\r',
            '\tat io.appium.java_client.AppiumDriver.<init>(AppiumDriver.java:109)\r',
            '\tat io.appium.java_client.android.AndroidDriver.<init>(AndroidDriver.java:108)\r',
            '\tat BaseTests.EcommBaseTest.setUpDriver(EcommBaseTest.java:65)\r',
            '\tat java.base/jdk.internal.reflect.DirectMethodHandleAccessor.invoke(DirectMethodHandleAccessor.java:103)\r',
            '\tat java.base/java.lang.reflect.Method.invoke(Method.java:580)\r',
            '\tat org.testng.internal.invokers.MethodInvocationHelper.invokeMethod(MethodInvocationHelper.java:141)\r',
            '\tat org.testng.internal.invokers.MethodInvocationHelper.invokeMethodConsideringTimeout(MethodInvocationHelper.java:71)\r',
            '\tat org.testng.internal.invokers.ConfigInvoker.invokeConfigurationMethod(ConfigInvoker.java:400)\r',
            '\tat org.testng.internal.invokers.ConfigInvoker.invokeConfigurations(ConfigInvoker.java:333)\r',
            '\tat org.testng.internal.invokers.TestInvoker.runConfigMethods(TestInvoker.java:846)\r',
            '\tat org.testng.internal.invokers.TestInvoker.invokeMethod(TestInvoker.java:611)\r',
            '\tat org.testng.internal.invokers.TestInvoker.invokeTestMethod(TestInvoker.java:230)\r',
            '\tat org.testng.internal.invokers.MethodRunner.runInSequence(MethodRunner.java:63)\r',
            '\tat org.testng.internal.invokers.TestInvoker$MethodInvocationAgent.invoke(TestInvoker.java:1005)\r',
            '\tat org.testng.internal.invokers.TestInvoker.invokeTestMethods(TestInvoker.java:203)\r',
            '\tat org.testng.internal.invokers.TestMethodWorker.invokeTestMethods(TestMethodWorker.java:154)\r',
            '\tat org.testng.internal.invokers.TestMethodWorker.run(TestMethodWorker.java:134)\r',
            '\tat java.base/java.util.ArrayList.forEach(ArrayList.java:1596)\r',
            '\tat org.testng.TestRunner.privateRun(TestRunner.java:744)\r',
            '\tat org.testng.TestRunner.run(TestRunner.java:616)\r',
            '\tat org.testng.SuiteRunner.runTest(SuiteRunner.java:421)\r',
            '\tat org.testng.SuiteRunner$SuiteWorker.run(SuiteRunner.java:463)\r',
            '\tat org.testng.internal.thread.ThreadUtil.lambda$execute$0(ThreadUtil.java:64)\r',
            '\tat java.base/java.util.concurrent.FutureTask.run(FutureTask.java:317)\r',
            '\tat java.base/java.util.concurrent.ThreadPoolExecutor.runWorker(ThreadPoolExecutor.java:1144)\r',
            '\tat java.base/java.util.concurrent.ThreadPoolExecutor$Worker.run(ThreadPoolExecutor.java:642)\r',
            '\tat java.base/java.lang.Thread.run(Thread.java:1583)\r',
            'Caused by: java.lang.NullPointerException\r',
            '\tat java.base/java.util.stream.ReferencePipeline$3$1.accept(ReferencePipeline.java:197)\r',
            '\tat java.base/java.util.Collections$2.tryAdvance(Collections.java:5073)\r',
            '\tat java.base/java.util.Collections$2.forEachRemaining(Collections.java:5081)\r',
            '\tat java.base/java.util.stream.AbstractPipeline.copyInto(AbstractPipeline.java:509)\r',
            '\tat java.base/java.util.stream.AbstractPipeline.wrapAndCopyInto(AbstractPipeline.java:499)\r',
            '\tat java.base/java.util.stream.ReduceOps$ReduceOp.evaluateSequential(ReduceOps.java:921)\r',
            '\tat java.base/java.util.stream.AbstractPipeline.evaluate(AbstractPipeline.java:234)\r',
            '\tat java.base/java.util.stream.ReferencePipeline.collect(ReferencePipeline.java:682)\r',
            '\tat org.openqa.selenium.remote.NewSessionPayload.create(NewSessionPayload.java:89)\r',
            '\tat org.openqa.selenium.remote.ProtocolHandshake.createSession(ProtocolHandshake.java:60)\r',
            '\tat io.appium.java_client.remote.AppiumCommandExecutor.createSession(AppiumCommandExecutor.java:178)\r',
            '\tat io.appium.java_client.remote.AppiumCommandExecutor.execute(AppiumCommandExecutor.java:243)\r',
            '\tat org.openqa.selenium.remote.RemoteWebDriver.execute(RemoteWebDriver.java:606)\r',
            '\t... 31 more\r'
          ]
        }
      ],
      failure_type: 'UnhandledError',
      failure_reason: 'org.openqa.selenium.SessionNotCreatedException: Could not start a new session. Possible causes are invalid address of the remote server or browser start-up failure. \n' +
        "Host info: host: 'DESKTOP-FRC4SK8', ip: '192.168.1.8'\n" +
        "Build info: version: '4.43.0', revision: 'dd0f534'\n" +
        "System info: os.name: 'Windows 11', os.arch: 'amd64', os.version: '10.0', java.version: '21.0.8'\n" +
        'Driver info: io.appium.java_client.android.AndroidDriver\n' +
        'Command: [null, newSession {capabilities=[null]}]\n' +
        'Capabilities {}',
      retry_of: null,
      custom_metadata: {},
      tags: [],
      customRerunParam: { rerun_name: 'LongPressTest-0' },
      hooks: [ 'e9df52d3-8f12-425a-91e5-39bcf6555162' ],
      product_map: {
        observability: true,
        accessibility: false,
        percy: false,
        automate: false,
        app_automate: true,
        lts: false
      }
    },
    logs: []
  },
  {
    event_type: 'HookRunStarted',
    hook_run: {
      type: 'hook',
      hook_type: 'AFTER_METHOD',
      framework: 'TestNG',
      uuid: 'eeddf481-e1e4-4456-90ec-ab2473639781',
      name: 'quitDriver',
      result: 'pending',
      test_run_id: '1fbc7a32-1086-4837-a5af-393be2855c23',
      body: { lang: 'java', code: null },
      scope: 'AppiumE2EEcommTest.AndroidAppiumTests.E2EEcommTests_POM',
      custom_metadata: {},
      tags: [],
      scopes: [ 'AppiumE2EEcommTest', 'AndroidAppiumTests.E2EEcommTests_POM' ],
      file_name: 'AppiumSession_Cloud\\src\\test\\java\\AndroidAppiumTests\\E2EEcommTests_POM.java',
      vc_filepath: 'eclipse-workspace\\AppiumSession_Cloud\\AppiumSession_Cloud\\src\\test\\java\\AndroidAppiumTests\\E2EEcommTests_POM.java',
      location: 'AppiumSession_Cloud\\src\\test\\java\\AndroidAppiumTests\\E2EEcommTests_POM.java',
      started_at: '2026-04-20T13:32:23.653Z'
    },
    logs: []
  },
  {
    event_type: 'HookRunStarted',
    hook_run: {
      type: 'hook',
      hook_type: 'AFTER_METHOD',
      framework: 'TestNG',
      uuid: '391e050f-d54f-4f97-b71f-028ef4229d27',
      name: 'quitDriver',
      result: 'pending',
      test_run_id: '1307a9ec-0d1b-44fe-b7a7-6fba159d1b33',
      body: { lang: 'java', code: null },
      scope: 'AppiumE2EEcommTest.AndroidAppiumTests.E2EEcommTests_POM',
      custom_metadata: {},
      tags: [],
      scopes: [ 'AppiumE2EEcommTest', 'AndroidAppiumTests.E2EEcommTests_POM' ],
      file_name: 'AppiumSession_Cloud\\src\\test\\java\\AndroidAppiumTests\\E2EEcommTests_POM.java',
      vc_filepath: 'eclipse-workspace\\AppiumSession_Cloud\\AppiumSession_Cloud\\src\\test\\java\\AndroidAppiumTests\\E2EEcommTests_POM.java',
      location: 'AppiumSession_Cloud\\src\\test\\java\\AndroidAppiumTests\\E2EEcommTests_POM.java',
      started_at: '2026-04-20T13:32:23.628Z'
    },
    logs: []
  },
  {
    event_type: 'HookRunStarted',
    hook_run: {
      type: 'hook',
      hook_type: 'AFTER_METHOD',
      framework: 'TestNG',
      uuid: 'c5caa406-9479-400a-9e22-ace851ad3095',
      name: 'quitDriver',
      result: 'pending',
      test_run_id: '0bc09754-f1b6-4945-9591-c3f08b92a561',
      body: { lang: 'java', code: null },
      scope: 'AppiumE2EEcommTest.AndroidAppiumTests.E2EEcommTests_POM',
      custom_metadata: {},
      tags: [],
      scopes: [ 'AppiumE2EEcommTest', 'AndroidAppiumTests.E2EEcommTests_POM' ],
      file_name: 'AppiumSession_Cloud\\src\\test\\java\\AndroidAppiumTests\\E2EEcommTests_POM.java',
      vc_filepath: 'eclipse-workspace\\AppiumSession_Cloud\\AppiumSession_Cloud\\src\\test\\java\\AndroidAppiumTests\\E2EEcommTests_POM.java',
      location: 'AppiumSession_Cloud\\src\\test\\java\\AndroidAppiumTests\\E2EEcommTests_POM.java',
      started_at: '2026-04-20T13:32:23.724Z'
    },
    logs: []
  }
] to 16184:0
2026-04-20T13:32:23.826Z CLI info  [poulamidatta_OM7YbZ]  [zerrekkj1n4tvejiqjjsd2en9kgd0pd9oq98skrf]  [aec0fced-1909-412a-a0db-6e0382e37345]  [PRODUCTION] Making POST request to https://collector-observability.browserstack.com
2026-04-20T13:32:23.906Z CLI info [testhub:request-queue-handler]  [poulamidatta_OM7YbZ]  [zerrekkj1n4tvejiqjjsd2en9kgd0pd9oq98skrf]  [aec0fced-1909-412a-a0db-6e0382e37345]  Added the event {
  event_type: 'HookRunFinished',
  hook_run: {
    type: 'hook',
    hook_type: 'AFTER_METHOD',
    framework: 'TestNG',
    uuid: 'eeddf481-e1e4-4456-90ec-ab2473639781',
    name: 'quitDriver',
    result: 'skipped',
    test_run_id: '1fbc7a32-1086-4837-a5af-393be2855c23',
    body: { lang: 'java', code: null },
    scope: 'AppiumE2EEcommTest.AndroidAppiumTests.E2EEcommTests_POM',
    custom_metadata: {},
    tags: [],
    scopes: [ 'AppiumE2EEcommTest', 'AndroidAppiumTests.E2EEcommTests_POM' ],
    file_name: 'AppiumSession_Cloud\\src\\test\\java\\AndroidAppiumTests\\E2EEcommTests_POM.java',
    vc_filepath: 'eclipse-workspace\\AppiumSession_Cloud\\AppiumSession_Cloud\\src\\test\\java\\AndroidAppiumTests\\E2EEcommTests_POM.java',
    location: 'AppiumSession_Cloud\\src\\test\\java\\AndroidAppiumTests\\E2EEcommTests_POM.java',
    started_at: '2026-04-20T13:32:23.653Z',
    finished_at: '2026-04-20T13:32:23.897Z'
  },
  logs: []
} to 16184:0
2026-04-20T13:32:23.909Z CLI info [testhub:request-queue-handler]  [poulamidatta_OM7YbZ]  [zerrekkj1n4tvejiqjjsd2en9kgd0pd9oq98skrf]  [aec0fced-1909-412a-a0db-6e0382e37345]  Added the event {
  event_type: 'HookRunFinished',
  hook_run: {
    type: 'hook',
    hook_type: 'AFTER_METHOD',
    framework: 'TestNG',
    uuid: '391e050f-d54f-4f97-b71f-028ef4229d27',
    name: 'quitDriver',
    result: 'skipped',
    test_run_id: '1307a9ec-0d1b-44fe-b7a7-6fba159d1b33',
    body: { lang: 'java', code: null },
    scope: 'AppiumE2EEcommTest.AndroidAppiumTests.E2EEcommTests_POM',
    custom_metadata: {},
    tags: [],
    scopes: [ 'AppiumE2EEcommTest', 'AndroidAppiumTests.E2EEcommTests_POM' ],
    file_name: 'AppiumSession_Cloud\\src\\test\\java\\AndroidAppiumTests\\E2EEcommTests_POM.java',
    vc_filepath: 'eclipse-workspace\\AppiumSession_Cloud\\AppiumSession_Cloud\\src\\test\\java\\AndroidAppiumTests\\E2EEcommTests_POM.java',
    location: 'AppiumSession_Cloud\\src\\test\\java\\AndroidAppiumTests\\E2EEcommTests_POM.java',
    started_at: '2026-04-20T13:32:23.628Z',
    finished_at: '2026-04-20T13:32:23.892Z'
  },
  logs: []
} to 16184:0
2026-04-20T13:32:23.994Z CLI info [testhub:request-queue-handler]  [poulamidatta_OM7YbZ]  [zerrekkj1n4tvejiqjjsd2en9kgd0pd9oq98skrf]  [aec0fced-1909-412a-a0db-6e0382e37345]  Added the event {
  event_type: 'HookRunFinished',
  hook_run: {
    type: 'hook',
    hook_type: 'AFTER_METHOD',
    framework: 'TestNG',
    uuid: 'c5caa406-9479-400a-9e22-ace851ad3095',
    name: 'quitDriver',
    result: 'skipped',
    test_run_id: '0bc09754-f1b6-4945-9591-c3f08b92a561',
    body: { lang: 'java', code: null },
    scope: 'AppiumE2EEcommTest.AndroidAppiumTests.E2EEcommTests_POM',
    custom_metadata: {},
    tags: [],
    scopes: [ 'AppiumE2EEcommTest', 'AndroidAppiumTests.E2EEcommTests_POM' ],
    file_name: 'AppiumSession_Cloud\\src\\test\\java\\AndroidAppiumTests\\E2EEcommTests_POM.java',
    vc_filepath: 'eclipse-workspace\\AppiumSession_Cloud\\AppiumSession_Cloud\\src\\test\\java\\AndroidAppiumTests\\E2EEcommTests_POM.java',
    location: 'AppiumSession_Cloud\\src\\test\\java\\AndroidAppiumTests\\E2EEcommTests_POM.java',
    started_at: '2026-04-20T13:32:23.724Z',
    finished_at: '2026-04-20T13:32:23.968Z'
  },
  logs: []
} to 16184:0
2026-04-20T13:32:24.042Z CLI warn [TEST REPORTING AND ANALYTICS:java]  [poulamidatta_OM7YbZ]  [zerrekkj1n4tvejiqjjsd2en9kgd0pd9oq98skrf]  [aec0fced-1909-412a-a0db-6e0382e37345]  onTestSessionEvent: empty capabilities for driver=2046740662
2026-04-20T13:32:24.060Z CLI info [testhub:request-queue-handler]  [poulamidatta_OM7YbZ]  [zerrekkj1n4tvejiqjjsd2en9kgd0pd9oq98skrf]  [aec0fced-1909-412a-a0db-6e0382e37345]  Added the event {
  event_type: 'HookRunStarted',
  hook_run: {
    type: 'hook',
    hook_type: 'AFTER_CLASS',
    framework: 'TestNG',
    uuid: '0d6754be-ccad-4132-a05a-7775dd815be6',
    name: 'tearDown',
    result: 'pending',
    test_run_id: '1307a9ec-0d1b-44fe-b7a7-6fba159d1b33',
    body: { lang: 'java', code: null },
    scope: 'AppiumE2EEcommTest.AndroidAppiumTests.E2EEcommTests_POM',
    custom_metadata: {},
    tags: [],
    scopes: [ 'AppiumE2EEcommTest', 'AndroidAppiumTests.E2EEcommTests_POM' ],
    file_name: 'AppiumSession_Cloud\\src\\test\\java\\AndroidAppiumTests\\E2EEcommTests_POM.java',
    vc_filepath: 'eclipse-workspace\\AppiumSession_Cloud\\AppiumSession_Cloud\\src\\test\\java\\AndroidAppiumTests\\E2EEcommTests_POM.java',
    location: 'AppiumSession_Cloud\\src\\test\\java\\AndroidAppiumTests\\E2EEcommTests_POM.java',
    started_at: '2026-04-20T13:32:24.031Z'
  },
  logs: []
} to 16184:0
2026-04-20T13:32:24.139Z CLI warn [TEST REPORTING AND ANALYTICS:java]  [poulamidatta_OM7YbZ]  [zerrekkj1n4tvejiqjjsd2en9kgd0pd9oq98skrf]  [aec0fced-1909-412a-a0db-6e0382e37345]  onTestSessionEvent: empty capabilities for driver=2046740661
2026-04-20T13:32:24.170Z CLI info [testhub:request-queue-handler]  [poulamidatta_OM7YbZ]  [zerrekkj1n4tvejiqjjsd2en9kgd0pd9oq98skrf]  [aec0fced-1909-412a-a0db-6e0382e37345]  Added the event {
  event_type: 'HookRunStarted',
  hook_run: {
    type: 'hook',
    hook_type: 'AFTER_CLASS',
    framework: 'TestNG',
    uuid: 'fdcd7484-21ed-4ac3-9f3c-4fb06c5008d2',
    name: 'tearDown',
    result: 'pending',
    test_run_id: '1fbc7a32-1086-4837-a5af-393be2855c23',
    body: { lang: 'java', code: null },
    scope: 'AppiumE2EEcommTest.AndroidAppiumTests.E2EEcommTests_POM',
    custom_metadata: {},
    tags: [],
    scopes: [ 'AppiumE2EEcommTest', 'AndroidAppiumTests.E2EEcommTests_POM' ],
    file_name: 'AppiumSession_Cloud\\src\\test\\java\\AndroidAppiumTests\\E2EEcommTests_POM.java',
    vc_filepath: 'eclipse-workspace\\AppiumSession_Cloud\\AppiumSession_Cloud\\src\\test\\java\\AndroidAppiumTests\\E2EEcommTests_POM.java',
    location: 'AppiumSession_Cloud\\src\\test\\java\\AndroidAppiumTests\\E2EEcommTests_POM.java',
    started_at: '2026-04-20T13:32:24.129Z'
  },
  logs: []
} to 16184:0
2026-04-20T13:32:24.209Z CLI info [testhub:request-queue-handler]  [poulamidatta_OM7YbZ]  [zerrekkj1n4tvejiqjjsd2en9kgd0pd9oq98skrf]  [aec0fced-1909-412a-a0db-6e0382e37345]  Added the event {
  event_type: 'HookRunFinished',
  hook_run: {
    type: 'hook',
    hook_type: 'AFTER_CLASS',
    framework: 'TestNG',
    uuid: '0d6754be-ccad-4132-a05a-7775dd815be6',
    name: 'tearDown',
    result: 'skipped',
    test_run_id: '1307a9ec-0d1b-44fe-b7a7-6fba159d1b33',
    body: { lang: 'java', code: null },
    scope: 'AppiumE2EEcommTest.AndroidAppiumTests.E2EEcommTests_POM',
    custom_metadata: {},
    tags: [],
    scopes: [ 'AppiumE2EEcommTest', 'AndroidAppiumTests.E2EEcommTests_POM' ],
    file_name: 'AppiumSession_Cloud\\src\\test\\java\\AndroidAppiumTests\\E2EEcommTests_POM.java',
    vc_filepath: 'eclipse-workspace\\AppiumSession_Cloud\\AppiumSession_Cloud\\src\\test\\java\\AndroidAppiumTests\\E2EEcommTests_POM.java',
    location: 'AppiumSession_Cloud\\src\\test\\java\\AndroidAppiumTests\\E2EEcommTests_POM.java',
    started_at: '2026-04-20T13:32:24.031Z',
    finished_at: '2026-04-20T13:32:24.191Z'
  },
  logs: []
} to 16184:0
2026-04-20T13:32:24.246Z CLI warn [TEST REPORTING AND ANALYTICS:java]  [poulamidatta_OM7YbZ]  [zerrekkj1n4tvejiqjjsd2en9kgd0pd9oq98skrf]  [aec0fced-1909-412a-a0db-6e0382e37345]  onTestSessionEvent: empty capabilities for driver=2046740660
2026-04-20T13:32:24.260Z CLI info [testhub:request-queue-handler]  [poulamidatta_OM7YbZ]  [zerrekkj1n4tvejiqjjsd2en9kgd0pd9oq98skrf]  [aec0fced-1909-412a-a0db-6e0382e37345]  Added the event {
  event_type: 'HookRunStarted',
  hook_run: {
    type: 'hook',
    hook_type: 'AFTER_CLASS',
    framework: 'TestNG',
    uuid: '0292bd98-4e64-488e-b261-77ef078d1590',
    name: 'tearDown',
    result: 'pending',
    test_run_id: '0bc09754-f1b6-4945-9591-c3f08b92a561',
    body: { lang: 'java', code: null },
    scope: 'AppiumE2EEcommTest.AndroidAppiumTests.E2EEcommTests_POM',
    custom_metadata: {},
    tags: [],
    scopes: [ 'AppiumE2EEcommTest', 'AndroidAppiumTests.E2EEcommTests_POM' ],
    file_name: 'AppiumSession_Cloud\\src\\test\\java\\AndroidAppiumTests\\E2EEcommTests_POM.java',
    vc_filepath: 'eclipse-workspace\\AppiumSession_Cloud\\AppiumSession_Cloud\\src\\test\\java\\AndroidAppiumTests\\E2EEcommTests_POM.java',
    location: 'AppiumSession_Cloud\\src\\test\\java\\AndroidAppiumTests\\E2EEcommTests_POM.java',
    started_at: '2026-04-20T13:32:24.231Z'
  },
  logs: []
} to 16184:0
2026-04-20T13:32:24.361Z CLI info [testhub:request-queue-handler]  [poulamidatta_OM7YbZ]  [zerrekkj1n4tvejiqjjsd2en9kgd0pd9oq98skrf]  [aec0fced-1909-412a-a0db-6e0382e37345]  Added the event {
  event_type: 'HookRunFinished',
  hook_run: {
    type: 'hook',
    hook_type: 'AFTER_CLASS',
    framework: 'TestNG',
    uuid: 'fdcd7484-21ed-4ac3-9f3c-4fb06c5008d2',
    name: 'tearDown',
    result: 'skipped',
    test_run_id: '1fbc7a32-1086-4837-a5af-393be2855c23',
    body: { lang: 'java', code: null },
    scope: 'AppiumE2EEcommTest.AndroidAppiumTests.E2EEcommTests_POM',
    custom_metadata: {},
    tags: [],
    scopes: [ 'AppiumE2EEcommTest', 'AndroidAppiumTests.E2EEcommTests_POM' ],
    file_name: 'AppiumSession_Cloud\\src\\test\\java\\AndroidAppiumTests\\E2EEcommTests_POM.java',
    vc_filepath: 'eclipse-workspace\\AppiumSession_Cloud\\AppiumSession_Cloud\\src\\test\\java\\AndroidAppiumTests\\E2EEcommTests_POM.java',
    location: 'AppiumSession_Cloud\\src\\test\\java\\AndroidAppiumTests\\E2EEcommTests_POM.java',
    started_at: '2026-04-20T13:32:24.129Z',
    finished_at: '2026-04-20T13:32:24.351Z'
  },
  logs: []
} to 16184:0
2026-04-20T13:32:24.453Z CLI info [testhub:request-queue-handler]  [poulamidatta_OM7YbZ]  [zerrekkj1n4tvejiqjjsd2en9kgd0pd9oq98skrf]  [aec0fced-1909-412a-a0db-6e0382e37345]  Added the event {
  event_type: 'HookRunFinished',
  hook_run: {
    type: 'hook',
    hook_type: 'AFTER_CLASS',
    framework: 'TestNG',
    uuid: '0292bd98-4e64-488e-b261-77ef078d1590',
    name: 'tearDown',
    result: 'skipped',
    test_run_id: '0bc09754-f1b6-4945-9591-c3f08b92a561',
    body: { lang: 'java', code: null },
    scope: 'AppiumE2EEcommTest.AndroidAppiumTests.E2EEcommTests_POM',
    custom_metadata: {},
    tags: [],
    scopes: [ 'AppiumE2EEcommTest', 'AndroidAppiumTests.E2EEcommTests_POM' ],
    file_name: 'AppiumSession_Cloud\\src\\test\\java\\AndroidAppiumTests\\E2EEcommTests_POM.java',
    vc_filepath: 'eclipse-workspace\\AppiumSession_Cloud\\AppiumSession_Cloud\\src\\test\\java\\AndroidAppiumTests\\E2EEcommTests_POM.java',
    location: 'AppiumSession_Cloud\\src\\test\\java\\AndroidAppiumTests\\E2EEcommTests_POM.java',
    started_at: '2026-04-20T13:32:24.231Z',
    finished_at: '2026-04-20T13:32:24.442Z'
  },
  logs: []
} to 16184:0
2026-04-20T13:32:25.833Z CLI info [testhub:request-queue-handler]  [poulamidatta_OM7YbZ]  [zerrekkj1n4tvejiqjjsd2en9kgd0pd9oq98skrf]  [aec0fced-1909-412a-a0db-6e0382e37345]  Processing batch event [
  {
    event_type: 'HookRunFinished',
    hook_run: {
      type: 'hook',
      hook_type: 'AFTER_METHOD',
      framework: 'TestNG',
      uuid: 'eeddf481-e1e4-4456-90ec-ab2473639781',
      name: 'quitDriver',
      result: 'skipped',
      test_run_id: '1fbc7a32-1086-4837-a5af-393be2855c23',
      body: { lang: 'java', code: null },
      scope: 'AppiumE2EEcommTest.AndroidAppiumTests.E2EEcommTests_POM',
      custom_metadata: {},
      tags: [],
      scopes: [ 'AppiumE2EEcommTest', 'AndroidAppiumTests.E2EEcommTests_POM' ],
      file_name: 'AppiumSession_Cloud\\src\\test\\java\\AndroidAppiumTests\\E2EEcommTests_POM.java',
      vc_filepath: 'eclipse-workspace\\AppiumSession_Cloud\\AppiumSession_Cloud\\src\\test\\java\\AndroidAppiumTests\\E2EEcommTests_POM.java',
      location: 'AppiumSession_Cloud\\src\\test\\java\\AndroidAppiumTests\\E2EEcommTests_POM.java',
      started_at: '2026-04-20T13:32:23.653Z',
      finished_at: '2026-04-20T13:32:23.897Z'
    },
    logs: []
  },
  {
    event_type: 'HookRunFinished',
    hook_run: {
      type: 'hook',
      hook_type: 'AFTER_METHOD',
      framework: 'TestNG',
      uuid: '391e050f-d54f-4f97-b71f-028ef4229d27',
      name: 'quitDriver',
      result: 'skipped',
      test_run_id: '1307a9ec-0d1b-44fe-b7a7-6fba159d1b33',
      body: { lang: 'java', code: null },
      scope: 'AppiumE2EEcommTest.AndroidAppiumTests.E2EEcommTests_POM',
      custom_metadata: {},
      tags: [],
      scopes: [ 'AppiumE2EEcommTest', 'AndroidAppiumTests.E2EEcommTests_POM' ],
      file_name: 'AppiumSession_Cloud\\src\\test\\java\\AndroidAppiumTests\\E2EEcommTests_POM.java',
      vc_filepath: 'eclipse-workspace\\AppiumSession_Cloud\\AppiumSession_Cloud\\src\\test\\java\\AndroidAppiumTests\\E2EEcommTests_POM.java',
      location: 'AppiumSession_Cloud\\src\\test\\java\\AndroidAppiumTests\\E2EEcommTests_POM.java',
      started_at: '2026-04-20T13:32:23.628Z',
      finished_at: '2026-04-20T13:32:23.892Z'
    },
    logs: []
  },
  {
    event_type: 'HookRunFinished',
    hook_run: {
      type: 'hook',
      hook_type: 'AFTER_METHOD',
      framework: 'TestNG',
      uuid: 'c5caa406-9479-400a-9e22-ace851ad3095',
      name: 'quitDriver',
      result: 'skipped',
      test_run_id: '0bc09754-f1b6-4945-9591-c3f08b92a561',
      body: { lang: 'java', code: null },
      scope: 'AppiumE2EEcommTest.AndroidAppiumTests.E2EEcommTests_POM',
      custom_metadata: {},
      tags: [],
      scopes: [ 'AppiumE2EEcommTest', 'AndroidAppiumTests.E2EEcommTests_POM' ],
      file_name: 'AppiumSession_Cloud\\src\\test\\java\\AndroidAppiumTests\\E2EEcommTests_POM.java',
      vc_filepath: 'eclipse-workspace\\AppiumSession_Cloud\\AppiumSession_Cloud\\src\\test\\java\\AndroidAppiumTests\\E2EEcommTests_POM.java',
      location: 'AppiumSession_Cloud\\src\\test\\java\\AndroidAppiumTests\\E2EEcommTests_POM.java',
      started_at: '2026-04-20T13:32:23.724Z',
      finished_at: '2026-04-20T13:32:23.968Z'
    },
    logs: []
  },
  {
    event_type: 'HookRunStarted',
    hook_run: {
      type: 'hook',
      hook_type: 'AFTER_CLASS',
      framework: 'TestNG',
      uuid: '0d6754be-ccad-4132-a05a-7775dd815be6',
      name: 'tearDown',
      result: 'pending',
      test_run_id: '1307a9ec-0d1b-44fe-b7a7-6fba159d1b33',
      body: { lang: 'java', code: null },
      scope: 'AppiumE2EEcommTest.AndroidAppiumTests.E2EEcommTests_POM',
      custom_metadata: {},
      tags: [],
      scopes: [ 'AppiumE2EEcommTest', 'AndroidAppiumTests.E2EEcommTests_POM' ],
      file_name: 'AppiumSession_Cloud\\src\\test\\java\\AndroidAppiumTests\\E2EEcommTests_POM.java',
      vc_filepath: 'eclipse-workspace\\AppiumSession_Cloud\\AppiumSession_Cloud\\src\\test\\java\\AndroidAppiumTests\\E2EEcommTests_POM.java',
      location: 'AppiumSession_Cloud\\src\\test\\java\\AndroidAppiumTests\\E2EEcommTests_POM.java',
      started_at: '2026-04-20T13:32:24.031Z'
    },
    logs: []
  },
  {
    event_type: 'HookRunStarted',
    hook_run: {
      type: 'hook',
      hook_type: 'AFTER_CLASS',
      framework: 'TestNG',
      uuid: 'fdcd7484-21ed-4ac3-9f3c-4fb06c5008d2',
      name: 'tearDown',
      result: 'pending',
      test_run_id: '1fbc7a32-1086-4837-a5af-393be2855c23',
      body: { lang: 'java', code: null },
      scope: 'AppiumE2EEcommTest.AndroidAppiumTests.E2EEcommTests_POM',
      custom_metadata: {},
      tags: [],
      scopes: [ 'AppiumE2EEcommTest', 'AndroidAppiumTests.E2EEcommTests_POM' ],
      file_name: 'AppiumSession_Cloud\\src\\test\\java\\AndroidAppiumTests\\E2EEcommTests_POM.java',
      vc_filepath: 'eclipse-workspace\\AppiumSession_Cloud\\AppiumSession_Cloud\\src\\test\\java\\AndroidAppiumTests\\E2EEcommTests_POM.java',
      location: 'AppiumSession_Cloud\\src\\test\\java\\AndroidAppiumTests\\E2EEcommTests_POM.java',
      started_at: '2026-04-20T13:32:24.129Z'
    },
    logs: []
  },
  {
    event_type: 'HookRunFinished',
    hook_run: {
      type: 'hook',
      hook_type: 'AFTER_CLASS',
      framework: 'TestNG',
      uuid: '0d6754be-ccad-4132-a05a-7775dd815be6',
      name: 'tearDown',
      result: 'skipped',
      test_run_id: '1307a9ec-0d1b-44fe-b7a7-6fba159d1b33',
      body: { lang: 'java', code: null },
      scope: 'AppiumE2EEcommTest.AndroidAppiumTests.E2EEcommTests_POM',
      custom_metadata: {},
      tags: [],
      scopes: [ 'AppiumE2EEcommTest', 'AndroidAppiumTests.E2EEcommTests_POM' ],
      file_name: 'AppiumSession_Cloud\\src\\test\\java\\AndroidAppiumTests\\E2EEcommTests_POM.java',
      vc_filepath: 'eclipse-workspace\\AppiumSession_Cloud\\AppiumSession_Cloud\\src\\test\\java\\AndroidAppiumTests\\E2EEcommTests_POM.java',
      location: 'AppiumSession_Cloud\\src\\test\\java\\AndroidAppiumTests\\E2EEcommTests_POM.java',
      started_at: '2026-04-20T13:32:24.031Z',
      finished_at: '2026-04-20T13:32:24.191Z'
    },
    logs: []
  },
  {
    event_type: 'HookRunStarted',
    hook_run: {
      type: 'hook',
      hook_type: 'AFTER_CLASS',
      framework: 'TestNG',
      uuid: '0292bd98-4e64-488e-b261-77ef078d1590',
      name: 'tearDown',
      result: 'pending',
      test_run_id: '0bc09754-f1b6-4945-9591-c3f08b92a561',
      body: { lang: 'java', code: null },
      scope: 'AppiumE2EEcommTest.AndroidAppiumTests.E2EEcommTests_POM',
      custom_metadata: {},
      tags: [],
      scopes: [ 'AppiumE2EEcommTest', 'AndroidAppiumTests.E2EEcommTests_POM' ],
      file_name: 'AppiumSession_Cloud\\src\\test\\java\\AndroidAppiumTests\\E2EEcommTests_POM.java',
      vc_filepath: 'eclipse-workspace\\AppiumSession_Cloud\\AppiumSession_Cloud\\src\\test\\java\\AndroidAppiumTests\\E2EEcommTests_POM.java',
      location: 'AppiumSession_Cloud\\src\\test\\java\\AndroidAppiumTests\\E2EEcommTests_POM.java',
      started_at: '2026-04-20T13:32:24.231Z'
    },
    logs: []
  },
  {
    event_type: 'HookRunFinished',
    hook_run: {
      type: 'hook',
      hook_type: 'AFTER_CLASS',
      framework: 'TestNG',
      uuid: 'fdcd7484-21ed-4ac3-9f3c-4fb06c5008d2',
      name: 'tearDown',
      result: 'skipped',
      test_run_id: '1fbc7a32-1086-4837-a5af-393be2855c23',
      body: { lang: 'java', code: null },
      scope: 'AppiumE2EEcommTest.AndroidAppiumTests.E2EEcommTests_POM',
      custom_metadata: {},
      tags: [],
      scopes: [ 'AppiumE2EEcommTest', 'AndroidAppiumTests.E2EEcommTests_POM' ],
      file_name: 'AppiumSession_Cloud\\src\\test\\java\\AndroidAppiumTests\\E2EEcommTests_POM.java',
      vc_filepath: 'eclipse-workspace\\AppiumSession_Cloud\\AppiumSession_Cloud\\src\\test\\java\\AndroidAppiumTests\\E2EEcommTests_POM.java',
      location: 'AppiumSession_Cloud\\src\\test\\java\\AndroidAppiumTests\\E2EEcommTests_POM.java',
      started_at: '2026-04-20T13:32:24.129Z',
      finished_at: '2026-04-20T13:32:24.351Z'
    },
    logs: []
  },
  {
    event_type: 'HookRunFinished',
    hook_run: {
      type: 'hook',
      hook_type: 'AFTER_CLASS',
      framework: 'TestNG',
      uuid: '0292bd98-4e64-488e-b261-77ef078d1590',
      name: 'tearDown',
      result: 'skipped',
      test_run_id: '0bc09754-f1b6-4945-9591-c3f08b92a561',
      body: { lang: 'java', code: null },
      scope: 'AppiumE2EEcommTest.AndroidAppiumTests.E2EEcommTests_POM',
      custom_metadata: {},
      tags: [],
      scopes: [ 'AppiumE2EEcommTest', 'AndroidAppiumTests.E2EEcommTests_POM' ],
      file_name: 'AppiumSession_Cloud\\src\\test\\java\\AndroidAppiumTests\\E2EEcommTests_POM.java',
      vc_filepath: 'eclipse-workspace\\AppiumSession_Cloud\\AppiumSession_Cloud\\src\\test\\java\\AndroidAppiumTests\\E2EEcommTests_POM.java',
      location: 'AppiumSession_Cloud\\src\\test\\java\\AndroidAppiumTests\\E2EEcommTests_POM.java',
      started_at: '2026-04-20T13:32:24.231Z',
      finished_at: '2026-04-20T13:32:24.442Z'
    },
    logs: []
  }
] to 16184:0
2026-04-20T13:32:25.837Z CLI info  [poulamidatta_OM7YbZ]  [zerrekkj1n4tvejiqjjsd2en9kgd0pd9oq98skrf]  [aec0fced-1909-412a-a0db-6e0382e37345]  [PRODUCTION] Making POST request to https://collector-observability.browserstack.com
2026-04-20T13:32:27.747Z CLI info  [poulamidatta_OM7YbZ]  [zerrekkj1n4tvejiqjjsd2en9kgd0pd9oq98skrf]  [aec0fced-1909-412a-a0db-6e0382e37345]  [PRODUCTION] Making GET request to https://api.browserstack.com
2026-04-20T13:32:27.765Z CLI info  [poulamidatta_OM7YbZ]  [zerrekkj1n4tvejiqjjsd2en9kgd0pd9oq98skrf]  [aec0fced-1909-412a-a0db-6e0382e37345]  [PRODUCTION] Making PUT request to https://collector-observability.browserstack.com
2026-04-20T13:32:28.753Z CLI info [testhub:module]  [poulamidatta_OM7YbZ]  [zerrekkj1n4tvejiqjjsd2en9kgd0pd9oq98skrf]  [aec0fced-1909-412a-a0db-6e0382e37345]  stopBuild: zerrekkj1n4tvejiqjjsd2en9kgd0pd9oq98skrf request={"finished_at":"2026-04-20T13:32:27.746Z","finished_metadata":[],"custom_metadata":{}} response={"data":""}
2026-04-20T13:32:28.755Z CLI info  [poulamidatta_OM7YbZ]  [zerrekkj1n4tvejiqjjsd2en9kgd0pd9oq98skrf]  [aec0fced-1909-412a-a0db-6e0382e37345]  [PRODUCTION] Making POST request to https://api.browserstack.com
2026-04-20T13:32:29.108Z CLI info [TEST REPORTING AND ANALYTICS:module]  [poulamidatta_OM7YbZ]  [zerrekkj1n4tvejiqjjsd2en9kgd0pd9oq98skrf]  [aec0fced-1909-412a-a0db-6e0382e37345]  Visit https://automation.browserstack.com/builds/zerrekkj1n4tvejiqjjsd2en9kgd0pd9oq98skrf to view build report, insights, and many more debugging information all at one place!
